1,4096,24,212690,41352
2,4096,261,94150,44408
3,4096,508,72284,25502
4,4096,88,20453,10140
5,4096,950,100528,36199
6,4096,568,78019,28219
7,4096,933,93147,32982
8,4096,838,86257,28348
9,4096,785,80337,41076
10,4096,793,95717,35997
11,4096,1267,114227,52239
12,4096,1286,112445,51437
13,4096,1326,105026,47430
14,4096,1788,141918,52220
15,4096,1053,93126,43013
16,4096,343,57227,21260
17,4096,299,53722,30421
18,4096,508,68268,23744
19,4096,701,78792,31594
20,4096,941,74197,32909
21,4096,1147,102259,52215
22,4096,557,69815,24284
23,4096,889,90573,33090
24,4096,513,61300,21595
25,4096,761,94772,43959
26,4096,422,87290,46811
27,4096,1689,99725,42061
28,4096,1186,96310,45816
29,4096,754,71820,34423
30,4096,758,78271,37401
31,4096,227,45387,22268
32,4096,1252,97596,42339
33,4096,1356,111625,50899
34,4096,73,18897,9013
35,4096,723,87922,40571
36,4096,1247,105171,49488
37,4096,740,40459,19419
38,4096,608,40051,14421
39,4096,4106,33353,2807
40,4096,4106,32932,2674
41,4096,4106,37720,2609
42,4096,3936,39891,15778
43,4096,4106,32722,2655
44,4096,4106,32224,2612
45,4096,4106,32327,2615
46,4096,4106,31928,2586
47,4096,4106,31778,2601
48,4096,4106,32293,2597
49,4096,4106,31670,2591
50,4096,4106,31787,2604
51,4096,4106,32184,2594
52,4096,4106,31616,2597
53,4096,4106,31851,2615
54,4096,4106,32036,2589
55,4096,4106,31282,2649
56,4096,4106,31811,2596
57,4096,4106,31655,2626
58,4096,4106,31800,2602
59,4096,4106,31550,2591
60,4096,4106,31512,2613
61,4096,4106,31490,2591
62,4096,4106,31592,2593
63,4096,4106,31652,2617
64,4096,4106,31751,2625
65,4096,4106,31848,2592
66,4096,4106,31320,2601
67,4096,4106,31406,2591
68,4096,4106,31412,2611
69,4096,4106,31432,2593
70,4096,4106,31872,2588
71,4096,4106,31916,2600
72,4096,4106,32154,2604
73,4096,1984,31460,12840
74,4096,4106,32110,2600
75,4096,4106,31709,2606
76,4096,4106,31602,2599
77,4096,4106,33635,2677
78,4096,4106,32064,2607
79,4096,2195,61765,23943
80,4096,4106,32204,2627
81,4096,4106,31702,2597
82,4096,452,37606,13541
83,4096,4106,32105,2632
84,4096,4106,31691,2597
85,4096,4106,31863,2598
86,4096,4106,31892,2622
87,4096,4106,32039,2600
88,4096,4106,32071,2626
89,4096,4106,31993,2605
90,4096,4106,31777,2599
91,4096,4106,31740,2585
92,4096,4106,32066,2592
93,4096,4106,31671,2591
94,4096,4106,31843,2601
95,4096,4106,31881,2613
96,4096,2000,31771,12694
97,4096,4106,34269,2632
98,4096,4106,31949,2612
99,4096,4106,31924,2589
100,4096,4106,32040,2600
101,4096,4106,31873,2652
102,4096,4106,31972,2597
103,4096,4106,31760,2595
104,4096,4106,31605,2589
105,4096,4106,31723,2596
106,4096,545,39283,20084
107,4096,4106,31976,2618
108,4096,2005,31106,12515
109,4096,4106,32024,2613
110,4096,4106,31924,2598
111,4096,4106,31969,2620
112,4096,4106,31285,2596
113,4096,4106,31873,2611
114,4096,4106,31443,2594
115,4096,4106,31194,2596
116,4096,4106,31680,2587
117,4096,3012,32785,13923
118,4096,4106,31996,4922
119,4096,4036,32117,15024
120,4096,4106,32076,2669
121,4096,4106,31881,2629
122,4096,4106,31818,2616
123,4096,4106,31857,2599
124,4096,4106,31786,2594
125,4096,4106,31699,2606
126,4096,4106,31697,2603
127,4096,4106,31714,2602
128,4096,2992,32336,13723
129,4096,4106,31908,2619
130,4096,4106,31680,2627
131,4096,3886,40898,16579
132,4096,4106,31955,2620
133,4096,4106,31977,2592
134,4096,4106,31895,2596
135,4096,4106,31673,2603
136,4096,4106,31885,2632
137,4096,4106,35908,2613
138,4096,4106,31769,2594
139,4096,4106,31912,2608
140,4096,4106,32245,2612
141,4096,4106,31800,2590
142,4096,4106,31544,2610
143,4096,4106,31697,2591
144,4096,4106,31626,2597
145,4096,4106,31659,2589
146,4096,4106,31610,2610
147,4096,4106,31789,2602
148,4096,4106,31654,2600
149,4096,4106,31626,2606
150,4096,4106,31734,2613
151,4096,4106,31925,2634
152,4096,4106,31872,2602
153,4096,4106,31132,2600
154,4096,784,46894,22804
155,4096,4106,32097,2659
156,4096,4106,32040,2600
157,4096,4106,36892,2615
158,4096,3866,32385,15414
159,4096,4106,31600,2621
160,4096,4106,31679,2596
161,4096,4106,34215,2626
162,4096,465,36394,20023
163,4096,4106,32247,2628
164,4096,3970,32079,14963
165,4096,409,35376,12594
166,4096,4106,32267,2596
167,4096,4106,31794,2595
168,4096,4106,32178,2591
169,4096,4106,31921,2696
170,4096,395,34051,11860
171,4096,4106,32173,2609
172,4096,3806,31217,15319
173,4096,4106,31817,2619
174,4096,4106,31724,2588
175,4096,4106,31661,2583
176,4096,4106,31920,2602
177,4096,4106,31668,2591
178,4096,4106,31806,2601
179,4096,4106,31608,2588
180,4096,4106,31689,2594
181,4096,4106,34135,2652
182,4096,4106,31726,2589
183,4096,364,35538,12423
184,4096,4106,31884,2592
185,4096,4106,31921,2650
186,4096,3854,32268,15143
187,4096,4106,31950,2636
188,4096,4106,32238,2602
189,4096,4106,31682,2600
190,4096,4106,31889,2590
191,4096,3852,32401,15024
192,4096,4106,31907,2619
193,4096,4106,31530,2584
194,4096,4038,31669,14663
195,4096,405,33624,12219
196,4096,4106,32407,2667
197,4096,4106,31592,2626
198,4096,4106,31746,2588
199,4096,4106,31724,2592
200,4096,4106,31712,2627
201,4096,3911,32578,17355
202,4096,4106,33636,2658
203,4096,4106,31850,2583
204,4096,4106,31842,2592
205,4096,1092,28687,11568
206,4096,4106,32089,2612
207,4096,4106,31875,2614
208,4096,4106,31671,2615
209,4096,4106,31738,2591
210,4096,4106,31936,2602
211,4096,4106,31594,2603
212,4096,4106,31725,2617
213,4096,4106,31784,2601
214,4096,4106,31485,2607
215,4096,4106,31792,2626
216,4096,4106,31764,2592
217,4096,4106,31602,2598
218,4096,4106,31617,2586
219,4096,4106,31494,2615
220,4096,4106,31503,2593
221,4096,4106,31651,2589
222,4096,4106,31528,2583
223,4096,4106,31619,4040
224,4096,4106,31888,2619
225,4096,2705,62347,24040
226,4096,4106,32200,2660
227,4096,4106,31910,2609
228,4096,4106,31528,2586
229,4096,4106,31826,2600
230,4096,4106,32262,2612
231,4096,4106,31955,2598
232,4096,4106,31970,2598
233,4096,4106,31667,2595
234,4096,4106,31522,2586
235,4096,4106,32034,2590
236,4096,4106,31928,2618
237,4096,2991,33544,13942
238,4096,4106,31691,2608
239,4096,4106,31706,2615
240,4096,4106,32064,2604
241,4096,4032,31668,15032
242,4096,4106,31813,2623
243,4096,4106,31877,2601
244,4096,554,42312,20503
245,4096,4106,32053,2619
246,4096,4106,31411,2596
247,4096,4106,31881,2655
248,4096,4106,31682,2607
249,4096,4106,31752,2632
250,4096,4106,14772,1241
251,4096,440,16188,6018
252,4096,4106,15017,1250
253,4096,4106,14842,1229
254,4096,4106,14722,1241
255,4096,4106,14826,1233
256,4096,4106,14764,1244
257,4096,4106,14476,1233
258,4096,4106,14804,1230
259,4096,4106,14767,1235
260,4096,4106,14779,1242
261,4096,4106,14836,1237
262,4096,4106,14954,1252
263,4096,4106,14800,1231
264,4096,4106,14945,1230
265,4096,381,15189,5097
266,4096,4106,15095,1230
267,4096,4106,14983,1247
268,4096,4106,14877,1232
269,4096,4106,14859,1245
270,4096,4106,14977,1229
271,4096,4106,14723,1235
272,4096,4106,14870,1236
273,4096,4106,14734,1235
274,4096,4106,15007,1233
275,4096,3920,19419,7834
276,4096,4106,15057,1253
277,4096,4106,14785,1236
278,4096,4106,14813,1239
279,4096,4106,14862,1245
280,4096,4106,14969,1232
281,4096,4106,16070,1344
282,4096,4106,14896,1347
283,4096,4106,15907,1318
284,4096,4106,15841,1315
285,4096,4106,15843,1318
286,4096,4106,16002,1323
287,4096,4106,16003,1311
288,4096,4106,15815,1316
289,4096,4106,15945,1317
290,4096,4106,15951,1320
291,4096,4106,15932,1319
292,4096,4106,15862,1321
293,4096,864,26345,12957
294,4096,4106,16245,1325
295,4096,399,17354,5977
296,4096,4106,16092,1322
297,4096,4106,15963,1330
298,4096,4106,16123,1327
299,4096,622,21876,7795
300,4096,4106,16060,1329
301,4096,4106,16048,1321
302,4096,1089,13756,5795
303,4096,4106,16005,1348
304,4096,4106,16039,1320
305,4096,4106,15809,1314
306,4096,2954,17271,6960
307,4096,4106,16213,1351
308,4096,4106,15871,1316
309,4096,4106,15818,1322
310,4096,4106,15837,1321
311,4096,4106,15751,1316
312,4096,4106,15904,1315
313,4096,4106,15914,1311
314,4096,4106,15977,1316
315,4096,4106,15925,1332
316,4096,4106,15713,1325
317,4096,4106,15846,1319
318,4096,3868,16174,7588
319,4096,4106,16121,1326
320,4096,4106,15902,1317
321,4096,4106,15887,1315
322,4096,4106,15910,1323
323,4096,4106,15934,1316
324,4096,620,20606,10396
325,4096,4106,26916,1261
326,4096,4106,14862,1232
327,4096,4106,14625,1232
328,4096,4106,14931,1229
329,4096,4106,14613,1235
330,4096,4106,14995,1244
331,4096,4106,14882,1232
332,4096,4106,15127,1293
333,4096,4106,14915,1229
334,4096,4106,14862,1227
335,4096,4010,14863,7269
336,4096,4106,14797,1250
337,4096,4106,14969,1228
338,4096,4106,14882,1250
339,4096,4106,14857,1231
340,4096,4106,14771,1237
341,4096,4106,14848,1236
342,4096,4106,15065,1230
343,4096,4106,14730,1236
344,4096,370,15688,5572
345,4096,4106,14854,1235
346,4096,4106,14881,1232
347,4096,4106,14775,1227
348,4096,4106,14913,1227
349,4096,4106,14883,1224
350,4096,4106,14893,1241
351,4096,4106,14843,1245
352,4096,4106,14970,1230
353,4096,4106,14908,1235
354,4096,4106,14937,1232
355,4096,4106,14856,1229
356,4096,4106,14821,1243
357,4096,4106,14830,1243
358,4096,4106,14895,1234
359,4096,4106,14982,1229
360,4096,4106,14813,1242
361,4096,4106,14835,1234
362,4096,4106,14869,1233
363,4096,4106,14757,1228
364,4096,4106,16190,1247
365,4096,4106,14873,1231
366,4096,4106,14921,1238
367,4096,4028,15059,7052
368,4096,419,16436,5662
369,4096,4106,14933,1247
370,4096,4106,14879,1238
371,4096,4106,14911,1237
372,4096,4106,14722,1227
373,4096,4106,14767,1229
374,4096,4106,14834,1244
375,4096,4106,14932,1240
376,4096,4106,14825,1234
377,4096,4106,14926,1236
378,4096,4106,14816,1230
379,4096,4038,14661,6986
380,4096,4106,14796,1251
381,4096,4106,14887,1232
382,4096,4106,14796,1231
383,4096,4106,14788,1232
384,4096,4106,14798,1234
385,4096,4106,14980,1227
386,4096,4106,14883,1241
387,4096,4106,14969,1240
388,4096,4106,14952,1236
389,4096,4106,14661,1233
390,4096,4106,14838,1228
391,4096,4106,14934,1232
392,4096,4106,14874,1236
393,4096,4106,14822,1230
394,4096,4106,14697,1230
395,4096,4106,14754,1235
396,4096,4106,14644,1229
397,4096,4106,14777,1238
398,4096,4106,14936,1248
399,4096,4106,14729,1235
400,4096,4106,14825,1235
401,4096,4106,14492,1240
402,4096,4106,14832,1238
403,4096,4106,14835,1243
404,4096,4106,14833,1234
405,4096,4106,14817,1232
406,4096,4106,14908,1239
407,4096,463,16800,5877
408,4096,4106,15006,0
409,4096,4106,14857,1245
410,4096,4106,15049,1241
411,4096,4106,14808,1240
412,4096,4106,14854,1240
413,4096,4106,14890,1241
414,4096,4038,14837,6967
415,4096,4106,14911,1254
416,4096,4106,14816,1232
417,4096,4106,14856,1236
418,4096,4106,14946,1230
419,4096,4106,14742,1235
420,4096,4106,15023,1231
421,4096,4106,14639,1236
422,4096,4106,14761,1236
423,4096,4106,14963,1226
424,4096,4106,14880,1233
425,4096,4106,14821,1237
426,4096,4106,14898,1232
427,4096,4106,14823,1233
428,4096,4106,14847,1229
429,4096,4106,14846,1238
430,4096,4106,14742,1237
431,4096,4106,14881,1230
432,4096,4106,14873,1246
433,4096,4106,14820,1229
434,4096,4106,14840,1226
435,4096,4106,14892,1239
436,4096,4106,14785,1238
437,4096,4106,14945,1248
438,4096,4106,14810,1238
439,4096,366,16825,9828
440,4096,4106,14982,1258
441,4096,4106,14797,1239
442,4096,4106,14918,1236
443,4096,3858,15197,7228
444,4096,4106,15026,1242
445,4096,3904,20143,2756
446,4096,4106,14978,1236
447,4096,4106,14875,1236
448,4096,4106,14801,1242
449,4096,4106,14800,1235
450,4096,4106,14841,1231
451,4096,3876,15046,7074
452,4096,4106,15960,1244
453,4096,4106,14812,1237
454,4096,4106,14836,1232
455,4096,375,16009,5693
456,4096,4106,14950,1251
457,4096,3958,14969,7050
458,4096,4106,15010,1259
459,4096,4106,14769,1240
460,4096,4106,14821,1227
461,4096,4106,14883,1234
462,4096,4106,14925,1236
463,4096,891,25352,9789
464,4096,4106,14859,1246
465,4096,4106,14851,1245
466,4096,4106,14755,1234
467,4096,4106,14816,1237
468,4096,4106,14869,1241
469,4096,4106,14727,1233
470,4096,4106,14813,1244
471,4096,4106,14940,1246
472,4096,4106,14863,1236
473,4096,512,18311,9407
474,4096,4106,15067,1236
475,4096,4106,15026,1239
476,4096,672,21215,7695
477,4096,123,5549,2760
478,4096,4106,14856,1254
479,4096,4106,15029,1229
480,4096,4106,14914,1228
481,4096,4106,14784,1229
482,4096,4106,14904,1240
483,4096,4106,14793,1237
484,4096,4106,14796,1242
485,4096,3832,19427,2581
486,4096,4014,14992,7100
487,4096,4106,14781,1252
488,4096,642,20697,10104
489,4096,4106,15148,1262
490,4096,4106,14856,1232
491,4096,4106,14873,1237
492,4096,4106,14766,1231
493,4096,4106,14719,1233
494,4096,4106,14901,2435
495,4096,4106,14894,1226
496,4096,4106,14772,1231
497,4096,4106,14753,1283
498,4096,4106,14861,1233
499,4096,4106,14739,1236
500,4096,4106,14887,1236
501,4096,4106,14848,1234
502,4096,4106,14474,1238
503,4096,4106,14918,1228
504,4096,3852,14967,7231
505,4096,4106,14961,1250
506,4096,4106,14974,1233
507,4096,4106,14839,1229
508,4096,4106,14974,1234
509,4096,4106,14745,1235
510,4096,4106,14863,1232
511,4096,4106,14876,1231
512,4096,4106,14784,1240
513,4096,4106,14859,1229
514,4096,4106,14800,1249
515,4096,4028,14878,7020
516,4096,4106,14932,1242
517,4096,4106,14774,1228
518,4096,4106,14815,1234
519,4096,4106,14795,1236
520,4096,3818,19694,8165
521,4096,3788,19427,7938
522,4096,4014,14805,6793
523,4096,4106,14936,1258
524,4096,405,16253,5821
525,4096,4106,14966,1256
526,4096,4106,14898,1234
527,4096,4106,14714,1237
528,4096,4106,14903,1233
529,4096,4106,14578,1230
530,4096,4106,14971,1238
531,4096,440,16658,6092
532,4096,4106,15047,1254
533,4096,4106,14872,1231
534,4096,4106,14847,1231
535,4096,4106,14885,1229
536,4096,4106,14947,1234
537,4096,4106,16013,1250
538,4096,4106,14743,1240
539,4096,4106,14842,1357
540,4096,535,18344,9299
541,4096,4106,14955,1251
542,4096,4106,14933,1246
543,4096,4106,6727,1228
544,4096,4106,14968,1231
545,4096,3857,15192,7155
546,4096,4106,15020,1256
547,4096,4106,14947,1230
548,4096,4106,14839,1245
549,4096,4106,14861,1250
550,4096,2991,15595,6515
551,4096,4106,14778,1268
552,4096,4106,14994,1231
553,4096,4106,14903,1236
554,4096,4106,14875,1235
555,4096,4106,14864,1247
556,4096,4106,14693,1240
557,4096,4106,14950,1230
558,4096,1085,12817,5116
559,4096,4106,14949,1237
560,4096,4106,15101,1243
561,4096,4106,14826,1241
562,4096,4106,14900,1234
563,4096,4106,14882,1236
564,4096,3886,14984,7146
565,4096,4106,15036,1252
566,4096,4106,14831,1246
567,4096,4106,14794,1241
568,4096,4106,14817,1238
569,4096,4106,14719,1241
570,4096,3982,19247,2169
571,4096,4106,14938,1248
572,4096,3846,14955,6962
573,4096,4106,14845,1248
574,4096,4106,14769,1238
575,4096,4106,14947,1233
576,4096,4106,14981,1232
577,4096,4106,14934,1242
578,4096,4106,14832,1239
579,4096,4106,14770,1228
580,4096,4106,14814,1233
581,4096,4106,15886,1239
582,4096,4106,14744,1234
583,4096,4106,14843,1239
584,4096,4106,14853,1235
585,4096,4106,14742,1235
586,4096,4106,14768,1243
587,4096,4106,14936,1234
588,4096,4106,14812,1232
589,4096,4106,14678,1234
590,4096,4106,14780,1227
591,4096,4106,14841,1241
592,4096,4106,14779,1234
593,4096,4106,14855,1231
594,4096,4106,14786,1238
595,4096,4106,14844,1227
596,4096,4106,14760,1243
597,4096,4106,14789,1235
598,4096,4106,14893,1242
599,4096,3858,14999,6917
600,4096,4106,14800,1240
601,4096,4106,14721,1238
602,4096,4106,14869,1238
603,4096,4106,14829,1237
604,4096,546,18981,9531
605,4096,4106,15086,1262
606,4096,4106,15031,1240
607,4096,4106,14853,1238
608,4096,4106,14888,1244
609,4096,4106,15023,1235
610,4096,4106,14963,1228
611,4096,4030,14841,7045
612,4096,4106,14962,1271
613,4096,4106,14815,1243
614,4096,4106,14846,1237
615,4096,4106,14591,1235
616,4096,4106,14894,1233
617,4096,4106,14830,1233
618,4096,4106,14819,1238
619,4096,4106,14767,1233
620,4096,4106,14840,1237
621,4096,4106,14716,1226
622,4096,4106,14816,1231
623,4096,4106,14766,1239
624,4096,4106,14864,1234
625,4096,4106,14817,1237
626,4096,4106,23044,1383
627,4096,4106,15179,1238
628,4096,4106,15010,1238
629,4096,3028,15721,6820
630,4096,4106,14949,1261
631,4096,2942,16062,6294
632,4096,4106,15075,1242
633,4096,4106,14866,1238
634,4096,4106,14991,1236
635,4096,4106,14882,1232
636,4096,419,16583,5864
637,4096,4106,15004,1240
638,4096,4106,14992,1238
639,4096,4106,14994,1237
640,4096,4106,14881,1232
641,4096,3957,15065,6885
642,4096,4106,14793,1254
643,4096,1086,12994,5270
644,4096,4106,15013,1245
645,4096,4106,14910,1235
646,4096,4106,14878,1236
647,4096,4106,14788,1243
648,4096,3872,15177,6893
649,4096,457,16712,6077
650,4096,4106,14854,1235
651,4096,4106,14826,1236
652,4096,4106,14828,1235
653,4096,4106,14992,1237
654,4096,4106,14814,1236
655,4096,4106,15206,1234
656,4096,4106,14886,1233
657,4096,4106,14963,1230
658,4096,857,24155,11509
659,4096,4106,14977,1254
660,4096,4106,15027,1231
661,4096,4106,15092,1267
662,4096,4106,14939,1247
663,4096,4106,15013,1231
664,4096,4106,14892,1236
665,4096,4106,14803,1237
666,4096,2997,15744,6570
667,4096,3815,14791,8256
668,4096,4106,15015,1262
669,4096,3879,14972,7110
670,4096,4106,14912,1266
671,4096,4106,14860,1235
672,4096,4106,14826,1234
673,4096,3882,25656,9011
674,4096,3882,15024,6912
675,4096,3995,15023,6872
676,4096,4106,15033,1254
677,4096,4106,14851,1233
678,4096,4106,14854,1238
679,4096,3838,14703,6905
680,4096,4106,14787,1264
681,4096,4106,14937,1233
682,4096,4106,14986,1232
683,4096,4106,14762,1234
684,4096,3885,15180,6848
685,4096,4106,14904,1267
686,4096,4106,14893,1235
687,4096,4106,14868,1233
688,4096,4106,14824,1244
689,4096,4106,14945,1232
690,4096,4106,14826,1240
691,4096,4106,14546,1235
692,4096,4106,14917,1233
693,4096,3874,15001,6991
694,4096,4106,14957,1244
695,4096,4106,14785,1233
696,4096,4106,14902,1240
697,4096,4106,14736,1234
698,4096,4106,14874,1231
699,4096,4106,14799,1235
700,4096,4106,14824,1244
701,4096,4106,14827,1239
702,4096,4106,14810,1229
703,4096,4106,14815,1236
704,4096,4106,14906,1229
705,4096,4106,14943,1247
706,4096,4106,14846,1237
707,4096,4106,14749,1244
708,4096,4106,14637,1225
709,4096,4106,14756,1233
710,4096,4106,14766,1236
711,4096,4106,14853,1245
712,4096,4106,14746,1241
713,4096,4106,14915,1238
714,4096,4106,14951,1246
715,4096,4106,14908,1233
716,4096,4106,14995,1232
717,4096,4106,14822,1231
718,4096,4106,14885,1230
719,4096,4106,14786,1241
720,4096,4106,14567,1235
721,4096,4106,32128,1254
722,4096,476,17246,6221
723,4096,4106,14958,1228
724,4096,4106,14853,1224
725,4096,4106,14896,1230
726,4096,4106,14803,1237
727,4096,4106,14797,1237
728,4096,4106,14744,1229
729,4096,4106,14879,1228
730,4096,4106,14839,1224
731,4096,4106,14748,1229
732,4096,4106,14836,1239
733,4096,4106,14629,1246
734,4096,4106,14804,1236
735,4096,4031,14804,6985
736,4096,4106,14822,1236
737,4096,4106,14845,1246
738,4096,4106,14833,1242
739,4096,4106,14907,1242
740,4096,4106,14800,1232
741,4096,438,16074,5988
742,4096,4106,15063,1229
743,4096,4106,14792,1230
744,4096,4106,14935,1237
745,4096,4106,14803,1224
746,4096,4106,14943,1229
747,4096,416,16759,5909
748,4096,4106,14888,1232
749,4096,4106,14824,1231
750,4096,4106,14776,1232
751,4096,4106,14828,1226
752,4096,4106,14746,1240
753,4096,4106,14757,1236
754,4096,4106,14854,1240
755,4096,4106,13616,1243
756,4096,4106,14977,1246
757,4096,4106,14813,1227
758,4096,1095,13234,5454
759,4096,4106,14908,1248
760,4096,4106,14956,1224
761,4096,4106,14964,1240
762,4096,4106,14848,1236
763,4096,4106,14854,1233
764,4096,4106,14792,1227
765,4096,4106,14639,1232
766,4096,4106,14788,1232
767,4096,3922,14914,7066
768,4096,4106,14768,1258
769,4096,4106,14758,1241
770,4096,3763,14903,7193
771,4096,4106,14679,1237
772,4096,4106,14842,1232
773,4096,4106,14724,1238
774,4096,4106,14665,1227
775,4096,4106,14780,1233
776,4096,4106,14658,1234
777,4096,4106,14893,1230
778,4096,4106,14818,1228
779,4096,4106,15018,1232
780,4096,4106,14901,1236
781,4096,606,20288,10247
782,4096,4106,14946,1241
783,4096,4106,14902,1241
784,4096,4106,14804,1253
785,4096,4106,14825,1233
786,4096,4106,14870,1228
787,4096,4106,14802,1229
788,4096,4106,14791,1238
789,4096,4106,14772,1235
790,4096,4106,14895,1232
791,4096,4106,14863,1227
792,4096,3877,14973,7210
793,4096,4106,14869,1252
794,4096,4106,14820,1226
795,4096,3867,14950,7250
796,4096,4106,14851,1259
797,4096,4106,14899,1225
798,4096,4106,14804,1232
799,4096,4106,15986,1246
800,4096,4106,14790,1242
801,4096,4106,14780,1241
802,4096,4106,14871,1230
803,4096,4106,14961,1236
804,4096,4106,14746,1231
805,4096,620,20014,9837
806,4096,4106,15013,1248
807,4096,4106,14892,1245
808,4096,4106,14792,1245
809,4096,4106,14824,1229
810,4096,4106,14890,1232
811,4096,4106,14895,1225
812,4096,4106,14816,1231
813,4096,4106,14813,1229
814,4096,4106,14910,1235
815,4096,4106,14734,1227
816,4096,4106,14723,1234
817,4096,4106,14810,1239
818,4096,4106,14769,1234
819,4096,4106,14801,1238
820,4096,4106,14823,1229
821,4096,4106,14809,1233
822,4096,4106,14823,1231
823,4096,4106,14686,1245
824,4096,3882,15004,7195
825,4096,517,20033,7351
826,4096,4106,15099,1238
827,4096,4106,14886,1228
828,4096,4106,14835,1230
829,4096,4106,14773,1238
830,4096,4106,14825,1231
831,4096,4106,14900,1236
832,4096,4106,14941,1228
833,4096,4106,14777,1228
834,4096,4106,14817,1234
835,4096,4106,14891,1224
836,4096,4106,14552,1227
837,4096,4106,14863,1236
838,4096,4106,14828,1235
839,4096,4106,14811,1230
840,4096,4106,14968,1228
841,4096,4106,14827,1236
842,4096,4106,14837,1239
843,4096,4106,16039,1255
844,4096,4106,14953,1249
845,4096,4106,14911,1232
846,4096,4106,14899,1242
847,4096,4106,14937,1235
848,4096,4106,14760,1236
849,4096,4106,14700,1232
850,4096,4106,14890,1234
851,4096,4106,14912,1230
852,4096,1192,26565,9461
853,4096,4106,14939,1256
854,4096,4106,14892,1238
855,4096,4106,14935,1228
856,4096,4106,14907,1232
857,4096,4106,14813,1230
858,4096,4106,14973,1228
859,4096,3892,15019,7202
860,4096,4024,14847,7023
861,4096,4106,14795,1272
862,4096,3854,14968,7097
863,4096,4106,14957,1265
864,4096,499,17673,6347
865,4096,4106,14881,1258
866,4096,4106,14995,1235
867,4096,4026,14834,7032
868,4096,4106,14846,1257
869,4096,4106,14769,1240
870,4096,4106,14882,1232
871,4096,4106,14841,1240
872,4096,4106,14864,1238
873,4096,4106,14839,1225
874,4096,4106,14890,1232
875,4096,4106,14751,1239
876,4096,4106,14862,1234
877,4096,4106,19302,1235
878,4096,4106,14841,1240
879,4096,620,19262,9573
880,4096,4106,14964,1237
881,4096,4106,14820,1233
882,4096,4106,14866,1243
883,4096,4106,14724,1234
884,4096,4106,14961,1232
885,4096,4106,14812,1234
886,4096,4106,16029,1241
887,4096,4015,14983,7032
888,4096,4106,14941,1246
889,4096,4106,14736,1242
890,4096,4106,14837,1233
891,4096,4106,14882,1233
892,4096,4106,15028,1245
893,4096,4106,15005,1246
894,4096,4106,14774,1244
895,4096,4106,14986,1247
896,4096,4106,14798,1234
897,4096,4106,14867,1236
898,4096,4106,14778,1233
899,4096,4106,14835,1241
900,4096,4106,14935,1243
901,4096,4106,14832,1236
902,4096,4106,14809,1238
903,4096,4106,14871,1233
904,4096,4106,14859,1242
905,4096,4106,14895,1230
906,4096,4106,14894,1232
907,4096,4106,14719,1231
908,4096,4106,14912,1235
909,4096,4106,14723,1229
910,4096,4106,14792,1232
911,4096,4106,14751,1236
912,4096,4106,14779,1236
913,4096,4106,14759,1239
914,4096,4106,14728,1238
915,4096,4106,14812,1241
916,4096,4106,14741,1233
917,4096,4106,14874,1236
918,4096,4106,14896,1235
919,4096,4106,14978,1233
920,4096,4106,14811,1236
921,4096,4106,14742,1236
922,4096,4106,14713,1236
923,4096,4106,14816,1242
924,4096,4106,14754,1243
925,4096,4106,15017,1234
926,4096,4106,14824,1237
927,4096,4106,14811,1231
928,4096,4038,14755,6997
929,4096,4106,14883,1241
930,4096,4106,14797,1241
931,4096,4106,15886,1238
932,4096,4106,14597,1235
933,4096,4106,14756,1236
934,4096,4106,14859,1245
935,4096,4106,14772,1244
936,4096,4106,14903,1235
937,4096,4106,14781,1238
938,4096,4106,14802,1233
939,4096,3851,15010,7137
940,4096,3860,15145,6993
941,4096,4106,14790,1249
942,4096,4106,14948,1234
943,4096,4106,14831,1235
944,4096,4106,14741,1239
945,4096,4106,14856,1232
946,4096,4106,14742,1233
947,4096,4106,14835,1243
948,4096,4106,14945,1232
949,4096,4106,14767,1228
950,4096,4106,17172,1237
951,4096,4106,15084,1234
952,4096,4106,14889,1230
953,4096,4106,14854,1229
954,4096,4106,14907,1228
955,4096,3774,19756,8227
956,4096,4106,15031,1239
957,4096,4106,14981,1242
958,4096,4106,14880,1229
959,4096,1003,25768,12719
960,4096,4106,15126,1261
961,4096,4106,14807,1231
962,4096,4106,14536,1230
963,4096,4106,14832,1233
964,4096,4106,14780,1238
965,4096,4106,14933,1234
966,4096,4106,14767,1237
967,4096,4106,14705,1227
968,4096,4106,14705,1239
969,4096,4106,14707,1234
970,4096,4106,14695,1232
971,4096,4106,14883,1244
972,4096,4106,14739,1233
973,4096,4106,14813,1229
974,4096,409,16595,5842
975,4096,4106,15105,1239
976,4096,4106,14901,1239
977,4096,4106,14924,1233
978,4096,4106,14826,1236
979,4096,4106,14922,1237
980,4096,4106,14725,1231
981,4096,4106,14959,1229
982,4096,4106,14898,1232
983,4096,4106,14904,1239
984,4096,4106,14794,1230
985,4096,4106,14787,1227
986,4096,577,19770,10181
987,4096,4106,14915,1259
988,4096,3929,15117,7056
989,4096,4106,15166,1291
990,4096,4106,14849,1239
991,4096,4106,14830,1229
992,4096,4106,14832,1225
993,4096,3001,15681,6707
994,4096,4106,15088,1241
995,4096,4106,14549,1247
996,4096,4106,14908,1228
997,4096,4106,16548,1253
998,4096,4106,15070,1236
999,4096,416,16765,5748
1000,4096,4106,14901,1249
1001,4096,4106,14944,1238
1002,4096,4106,14941,1240
1003,4096,4106,14424,1232
1004,4096,4106,14804,1236
1005,4096,4106,14859,1238
1006,4096,4106,14852,1234
1007,4096,4106,14858,1229
1008,4096,4106,14786,1232
1009,4096,4106,14553,1230
1010,4096,4106,14838,1226
1011,4096,4106,14868,1232
1012,4096,3874,15053,7215
1013,4096,4106,15002,1254
1014,4096,4106,14871,1241
1015,4096,4106,14765,1237
1016,4096,4106,14824,1239
1017,4096,4106,14641,1232
1018,4096,3853,14986,8201
1019,4096,4106,14924,1253
1020,4096,1084,12880,5229
1021,4096,4106,14959,1264
1022,4096,4106,15030,1230
1023,4096,4106,14832,1231
1024,4096,4106,14815,1238
1025,4096,420,18348,6687
1026,4096,4106,14969,1242
1027,4096,4106,14970,1237
1028,4096,4106,14764,1234
1029,4096,442,17739,6780
1030,4096,4106,15023,1245
1031,4096,4106,14662,1231
1032,4096,4106,14737,1225
1033,4096,4106,14979,1230
1034,4096,4106,14882,1233
1035,4096,4106,14729,1226
1036,4096,4106,14848,1227
1037,4096,4106,14863,1229
1038,4096,4106,14924,1236
1039,4096,4106,14499,1228
1040,4096,3739,14537,7115
1041,4096,4106,14950,1242
1042,4096,4106,15034,1233
1043,4096,4106,14894,1228
1044,4096,4036,14868,6972
1045,4096,4106,14728,1260
1046,4096,3870,15026,6935
1047,4096,4106,14849,1248
1048,4096,4106,14931,1241
1049,4096,4106,15044,1235
1050,4096,4106,14886,1231
1051,4096,4106,14912,1226
1052,4096,4106,14865,1230
1053,4096,4106,14888,1243
1054,4096,4106,14919,1229
1055,4096,4106,14714,1236
1056,4096,3879,14919,6928
1057,4096,4106,15004,1242
1058,4096,3852,14976,6935
1059,4096,4106,14794,1248
1060,4096,3881,15074,6939
1061,4096,4106,14976,1246
1062,4096,3895,14875,6734
1063,4096,384,17832,9300
1064,4096,1011,27891,13034
1065,4096,4106,14971,1266
1066,4096,4106,14922,1235
1067,4096,4106,14939,1240
1068,4096,4106,14800,1229
1069,4096,4106,14956,1235
1070,4096,4106,14942,1233
1071,4096,4106,14741,1249
1072,4096,4106,14879,1231
1073,4096,4106,14938,1226
1074,4096,4106,14845,1236
1075,4096,4106,14628,1233
1076,4096,4106,14837,1238
1077,4096,4106,14832,1233
1078,4096,4106,14996,1241
1079,4096,4106,14816,1230
1080,4096,4106,14705,1228
1081,4096,4106,14871,1226
1082,4096,4106,14860,1224
1083,4096,4106,14815,1233
1084,4096,4106,14855,1236
1085,4096,4106,14681,1229
1086,4096,4106,14867,1224
1087,4096,4106,14878,1236
1088,4096,4106,14716,1236
1089,4096,4106,14915,1238
1090,4096,4106,14793,1235
1091,4096,4106,14770,1230
1092,4096,4106,14728,1222
1093,4096,4106,14920,1236
1094,4096,4106,14776,1239
1095,4096,4106,14851,1243
1096,4096,4106,14830,1238
1097,4096,4106,14958,1232
1098,4096,4106,14839,1249
1099,4096,4106,14896,1233
1100,4096,4106,14799,1227
1101,4096,4106,14791,1232
1102,4096,4106,14907,1235
1103,4096,4106,14773,1240
1104,4096,4106,14800,1235
1105,4096,4106,14934,1227
1106,4096,4106,14996,1235
1107,4096,4106,14913,1236
1108,4096,4106,14757,1241
1109,4096,4106,14792,1232
1110,4096,611,20517,10060
1111,4096,4106,14913,1248
1112,4096,4106,14917,1223
1113,4096,4106,14744,1226
1114,4096,4106,14657,1239
1115,4096,4106,14774,1226
1116,4096,4106,14721,1226
1117,4096,4106,14740,1229
1118,4096,547,18765,9515
1119,4096,4106,14775,1255
1120,4096,4106,14783,1227
1121,4096,4106,14803,1233
1122,4096,4106,14820,1229
1123,4096,4106,14844,1235
1124,4096,4106,14890,1227
1125,4096,3002,15489,6711
1126,4096,4106,15044,1245
1127,4096,4106,14776,1231
1128,4096,4106,14726,1228
1129,4096,4106,14674,1231
1130,4096,4106,14752,1234
1131,4096,4106,14773,1243
1132,4096,4106,14827,1236
1133,4096,4106,14845,1228
1134,4096,4106,14845,1230
1135,4096,4106,14746,1238
1136,4096,4106,14828,1244
1137,4096,4029,14857,7025
1138,4096,4106,14888,1245
1139,4096,4106,14884,1236
1140,4096,4106,14829,1235
1141,4096,4106,14825,1236
1142,4096,389,15927,5760
1143,4096,4106,15042,1233
1144,4096,4106,14882,1230
1145,4096,4106,14775,1242
1146,4096,4106,14863,1231
1147,4096,4106,14936,1280
1148,4096,4106,14823,1236
1149,4096,4106,15979,1258
1150,4096,4106,14828,1235
1151,4096,4106,14963,1242
1152,4096,4106,14847,1239
1153,4096,4106,14968,1237
1154,4096,4106,14991,1227
1155,4096,4106,14786,1235
1156,4096,4106,14885,1238
1157,4096,4106,14878,1230
1158,4096,4106,14825,1226
1159,4096,4106,14822,1232
1160,4096,4106,14773,1227
1161,4096,4106,14884,1228
1162,4096,4106,14777,1226
1163,4096,4106,14838,1237
1164,4096,129,5788,2899
1165,4096,4106,14759,1236
1166,4096,4106,14936,1231
1167,4096,4106,14828,1225
1168,4096,1085,12789,5318
1169,4096,4106,14940,1252
1170,4096,4106,14676,1229
1171,4096,4106,14905,1234
1172,4096,4106,14850,1241
1173,4096,4106,14909,1225
1174,4096,4106,14945,1234
1175,4096,4106,14892,1232
1176,4096,4106,14761,1226
1177,4096,4106,14759,1231
1178,4096,4106,14880,1234
1179,4096,4106,14729,1244
1180,4096,4106,14868,1245
1181,4096,4106,14780,1227
1182,4096,391,15729,8767
1183,4096,4106,14818,1249
1184,4096,4106,14850,1231
1185,4096,4106,14836,1227
1186,4096,4106,14690,1234
1187,4096,3871,15084,7213
1188,4096,4106,14750,1248
1189,4096,2941,16159,6457
1190,4096,597,19836,9731
1191,4096,4106,14826,1253
1192,4096,4106,14804,1232
1193,4096,4106,14744,1233
1194,4096,4106,16834,780
1195,4096,4106,14895,1241
1196,4096,4106,14867,1368
1197,4096,4106,14778,1229
1198,4096,4106,14760,1235
1199,4096,4106,14818,1235
1200,4096,4106,14802,1228
1201,4096,3800,14877,7050
1202,4096,3931,15278,6995
1203,4096,4106,14884,1241
1204,4096,4106,14815,1229
1205,4096,4106,14772,1232
1206,4096,395,16069,5507
1207,4096,4106,14798,1232
1208,4096,4106,14773,1231
1209,4096,436,16567,5733
1210,4096,4106,14803,1239
1211,4096,4106,14953,1233
1212,4096,4106,14831,1227
1213,4096,4106,14871,1237
1214,4096,4106,14836,1230
1215,4096,4106,14839,1238
1216,4096,4106,14868,1236
1217,4096,4106,14914,1229
1218,4096,4106,14785,1237
1219,4096,4106,14815,1235
1220,4096,4106,14763,1231
1221,4096,4106,14942,1230
1222,4096,4106,14800,1227
1223,4096,4106,14820,1231
1224,4096,4106,14938,1237
1225,4096,4106,15009,1228
1226,4096,4106,14811,1243
1227,4096,4106,14830,1233
1228,4096,4034,14950,6980
1229,4096,4106,14950,1241
1230,4096,3963,14963,6822
1231,4096,4106,14807,1242
1232,4096,4106,14737,1238
1233,4096,4106,14704,1238
1234,4096,4106,14776,1229
1235,4096,4106,14776,1235
1236,4096,4106,14814,1242
1237,4096,4106,14755,1235
1238,4096,4106,14965,1226
1239,4096,4106,15872,1236
1240,4096,4106,14732,1237
1241,4096,4106,15006,1233
1242,4096,3077,28941,11037
1243,4096,4106,14949,1254
1244,4096,4106,14813,1232
1245,4096,3876,14960,7252
1246,4096,4106,14887,1251
1247,4096,4106,14973,1240
1248,4096,4106,14839,1234
1249,4096,4106,14997,1238
1250,4096,4106,14908,1225
1251,4096,4106,14841,1233
1252,4096,4106,14877,1235
1253,4096,4106,14787,1229
1254,4096,4106,14799,1237
1255,4096,4106,14819,1230
1256,4096,4106,14857,1231
1257,4096,4106,14817,1237
1258,4096,4106,14728,1231
1259,4096,4106,14780,1236
1260,4096,4106,14901,1231
1261,4096,3931,15190,6840
1262,4096,4106,14841,1242
1263,4096,4106,14779,1237
1264,4096,4106,14780,1234
1265,4096,4106,14783,1232
1266,4096,718,25130,11827
1267,4096,4106,15129,1239
1268,4096,4106,14837,1242
1269,4096,4018,14936,6912
1270,4096,4106,14942,1245
1271,4096,4106,14944,1248
1272,4096,4106,14809,1229
1273,4096,4106,14860,1236
1274,4096,4106,14865,1232
1275,4096,4106,14796,1233
1276,4096,4106,14805,1227
1277,4096,4106,14825,1232
1278,4096,4106,14841,1230
1279,4096,4106,14794,1228
1280,4096,4106,14754,1231
1281,4096,3707,14564,7133
1282,4096,384,17143,5846
1283,4096,4106,14990,1230
1284,4096,4106,14966,1237
1285,4096,4106,14858,1231
1286,4096,4106,14763,1238
1287,4096,4106,14906,1244
1288,4096,4106,14810,1232
1289,4096,4106,14811,1234
1290,4096,4106,14867,1244
1291,4096,4106,14721,1232
1292,4096,4106,14883,1246
1293,4096,486,17988,6335
1294,4096,4106,14935,1232
1295,4096,638,20160,9846
1296,4096,4106,14950,1239
1297,4096,4106,14966,1232
1298,4096,4106,14509,1234
1299,4096,4106,14912,1225
1300,4096,4106,14812,1234
1301,4096,4106,14865,1229
1302,4096,4106,14863,1233
1303,4096,560,18048,6070
1304,4096,902,26602,12054
1305,4096,4106,15591,1312
1306,4096,4106,14872,1241
1307,4096,4106,14969,1232
1308,4096,4106,14912,1233
1309,4096,4106,14967,1234
1310,4096,4106,14816,1227
1311,4096,4106,18263,1243
1312,4096,4106,14966,1241
1313,4096,4106,14886,1228
1314,4096,455,18651,6447
1315,4096,4106,15044,1229
1316,4096,481,17163,6119
1317,4096,4106,15120,1232
1318,4096,4106,14900,1239
1319,4096,4106,14897,1234
1320,4096,4106,14799,1230
1321,4096,3872,15154,7330
1322,4096,384,16091,5593
1323,4096,4106,16195,1270
1324,4096,4106,14976,1248
1325,4096,4106,14935,1237
1326,4096,3859,15003,7208
1327,4096,4106,15023,1248
1328,4096,4106,14779,1246
1329,4096,932,25094,11535
1330,4096,4106,14952,1270
1331,4096,4106,14757,1259
1332,4096,4106,14960,1230
1333,4096,4106,19430,1243
1334,4096,666,20829,7675
1335,4096,4106,14751,1233
1336,4096,4106,15128,1227
1337,4096,4106,15021,1235
1338,4096,4106,14949,1238
1339,4096,4106,15000,1233
1340,4096,4106,14816,1239
1341,4096,1273,28817,13732
1342,4096,767,22923,10976
1343,4096,668,20597,7612
1344,4096,4106,14955,1259
1345,4096,4106,14896,1255
1346,4096,4106,14837,1237
1347,4096,447,16788,9095
1348,4096,2033,14172,5964
1349,4096,4106,15035,1272
1350,4096,4106,14878,1240
1351,4096,4106,14974,1235
1352,4096,4106,14941,1230
1353,4096,487,17509,6331
1354,4096,4106,15121,1245
1355,4096,4106,14975,1226
1356,4096,4106,14918,1235
1357,4096,573,19047,6724
1358,4096,4106,14979,1250
1359,4096,4106,14743,1241
1360,4096,830,26064,12638
1361,4096,410,16519,5707
1362,4096,4106,16411,1267
1363,4096,3586,17866,7491
1364,4096,4106,15060,1262
1365,4096,1080,12983,5212
1366,4096,4106,15097,1255
1367,4096,523,18225,6184
1368,4096,419,15552,5506
1369,4096,4106,15023,1248
1370,4096,4106,15027,1244
1371,4096,611,19909,9913
1372,4096,625,19877,9467
1373,4096,4005,15177,7135
1374,4096,4106,15050,1257
1375,4096,4106,14956,1244
1376,4096,1066,26516,9718
1377,4096,3876,15387,7126
1378,4096,3014,15768,6563
1379,4096,4106,15020,1267
1380,4096,636,19945,9487
1381,4096,981,24475,11227
1382,4096,4106,15001,1259
1383,4096,4106,14951,1245
1384,4096,625,19375,6662
1385,4096,4106,14985,1260
1386,4096,4106,15169,1238
1387,4096,4106,14908,1239
1388,4096,4106,14854,1242
1389,4096,4106,14847,1247
1390,4096,4106,14803,1248
1391,4096,3879,14948,7094
1392,4096,3928,15180,6916
1393,4096,4106,14905,1264
1394,4096,4106,14818,1230
1395,4096,451,16854,6181
1396,4096,590,19445,9777
1397,4096,435,16314,5685
1398,4096,4106,15048,1258
1399,4096,754,19646,9223
1400,4096,753,25073,9603
1401,4096,36,4427,2303
1402,4096,142,10343,2660
1403,4096,566,12278,1939
1404,4096,4106,15132,1247
1405,4096,273,12961,3756
1406,4096,1130,27240,13167
1407,4096,449,16606,5666
1408,4096,4106,15100,1255
1409,4096,4106,15043,1249
1410,4096,4106,14842,1242
1411,4096,4106,15093,1233
1412,4096,443,18286,6415
1413,4096,4106,15084,1238
1414,4096,4106,15020,1228
1415,4096,4106,15098,1237
1416,4096,4106,14962,1232
1417,4096,439,15897,5400
1418,4096,4106,15077,1249
1419,4096,4106,14927,1239
1420,4096,381,14979,5025
1421,4096,4106,15026,1257
1422,4096,4106,14910,1224
1423,4096,4106,14883,1237
1424,4096,785,20166,10215
1425,4096,4106,15053,1247
1426,4096,4106,14874,1242
1427,4096,4106,14992,1235
1428,4096,428,16832,6415
1429,4096,1020,25810,9212
1430,4096,4106,14956,1229
1431,4096,2965,16494,6609
1432,4096,4106,15158,1256
1433,4096,4106,14944,1237
1434,4096,425,16037,5482
1435,4096,4106,15024,1250
1436,4096,3869,15182,7296
1437,4096,4106,14956,1257
1438,4096,4106,14936,1243
1439,4096,4106,14887,1238
1440,4096,831,26617,12197
1441,4096,4106,14911,1256
1442,4096,444,16766,6133
1443,4096,4106,15011,1251
1444,4096,880,24327,11605
1445,4096,4106,15076,1251
1446,4096,3886,15119,7224
1447,4096,1521,29757,13386
1448,4096,4106,15059,1262
1449,4096,4106,14889,1257
1450,4096,4106,14894,1244
1451,4096,1260,29883,13923
1452,4096,1181,26379,12060
1453,4096,1070,25980,12012
1454,4096,1091,26498,9051
1455,4096,4106,15039,1270
1456,4096,4106,14911,1259
1457,4096,973,27454,13185
1458,4096,3866,15360,7125
1459,4096,3766,18557,7325
1460,4096,4106,15003,1263
1461,4096,4106,14958,1245
1462,4096,4106,14847,1231
1463,4096,4106,15028,1279
1464,4096,4106,14854,1241
1465,4096,375,16369,5662
1466,4096,608,18865,9559
1467,4096,4106,14999,1263
1468,4096,4106,14791,1229
1469,4096,4033,14949,7054
1470,4096,549,18880,9698
1471,4096,4106,15145,1263
1472,4096,4106,14993,1261
1473,4096,4106,14742,1232
1474,4096,4106,14758,1250
1475,4096,4106,14884,1234
1476,4096,4106,14873,1233
1477,4096,678,21095,7516
1478,4096,4106,14837,1242
1479,4096,4106,14818,1236
1480,4096,4106,14951,1240
1481,4096,4106,14921,1235
1482,4096,4106,14920,1228
1483,4096,508,19194,6923
1484,4096,3871,15120,7279
1485,4096,4106,14771,1247
1486,4096,4106,14769,1246
1487,4096,4106,14936,1236
1488,4096,3848,14965,7111
1489,4096,4106,14757,1259
1490,4096,4106,14948,1238
1491,4096,4106,14921,1236
1492,4096,4106,14740,1243
1493,4096,4106,14810,1230
1494,4096,4106,14928,1229
1495,4096,4106,14591,1247
1496,4096,4106,14932,1231
1497,4096,4106,14800,1243
1498,4096,4106,14864,1240
1499,4096,4106,14818,1239
1500,4096,499,17606,6380
1501,4096,426,16923,6060
1502,4096,4106,14644,1246
1503,4096,4106,14997,1263
1504,4096,3904,15333,7067
1505,4096,3854,15118,7041
1506,4096,4106,14984,1256
1507,4096,594,19428,9668
1508,4096,740,24939,8572
1509,4096,499,19688,10186
1510,4096,4106,15116,1253
1511,4096,3872,15157,7048
1512,4096,4106,15015,1262
1513,4096,421,16844,8940
1514,4096,4106,14978,1261
1515,4096,529,18705,6348
1516,4096,606,18513,9254
1517,4096,4106,15075,1259
1518,4096,372,15607,7886
1519,4096,4106,15101,1269
1520,4096,1083,13172,5347
1521,4096,3853,15025,6969
1522,4096,4106,14923,1261
1523,4096,4106,14995,1258
1524,4096,4106,14872,1229
1525,4096,4106,14870,1230
1526,4096,629,20105,9802
1527,4096,699,24266,11154
1528,4096,4106,15004,1260
1529,4096,4106,14851,1242
1530,4096,4106,17473,1248
1531,4096,989,26242,9830
1532,4096,4106,14927,1230
1533,4096,1505,25436,10940
1534,4096,3899,15054,7132
1535,4096,4106,14916,1263
1536,4096,4106,15109,1251
1537,4096,4106,14943,1239
1538,4096,4106,14864,1237
1539,4096,4106,14824,1240
1540,4096,3853,15008,7125
1541,4096,4106,15062,1241
1542,4096,784,20883,10008
1543,4096,4106,15034,1239
1544,4096,4106,14785,1234
1545,4096,3881,14894,6942
1546,4096,4106,14827,1250
1547,4096,4106,15066,1245
1548,4096,4106,14954,1231
1549,4096,3876,15008,6988
1550,4096,4106,14959,1249
1551,4096,4106,14818,1231
1552,4096,427,16530,5958
1553,4096,4106,14893,1263
1554,4096,4106,16089,1246
1555,4096,4106,14806,1232
1556,4096,411,16011,5598
1557,4096,267,12647,6168
1558,4096,1159,28685,13261
1559,4096,425,16218,5733
1560,4096,399,15104,4989
1561,4096,4106,15058,1253
1562,4096,4106,14896,1252
1563,4096,4106,14931,1248
1564,4096,4106,14629,1237
1565,4096,4106,14922,1250
1566,4096,485,17260,6005
1567,4096,4106,15230,1256
1568,4096,4106,14899,1246
1569,4096,4106,15025,1229
1570,4096,416,16507,5750
1571,4096,644,19481,9946
1572,4096,4106,15114,1242
1573,4096,4106,15007,1249
1574,4096,4106,14920,1237
1575,4096,4106,15124,1242
1576,4096,718,25458,12715
1577,4096,4106,15024,1271
1578,4096,4106,14798,1234
1579,4096,4106,14620,1229
1580,4096,362,15234,5206
1581,4096,4106,14862,1237
1582,4096,4106,14842,1259
1583,4096,4106,14893,1229
1584,4096,4039,14870,7132
1585,4096,4106,14874,1267
1586,4096,442,18201,6459
1587,4096,1208,25057,11362
1588,4096,943,23429,11086
1589,4096,4106,15043,1265
1590,4096,4106,15009,1239
1591,4096,4106,14917,1240
1592,4096,636,19985,7070
1593,4096,4106,16038,1269
1594,4096,608,17305,8684
1595,4096,4106,14943,1266
1596,4096,3893,15204,7077
1597,4096,4106,14828,1278
1598,4096,1120,27415,12998
1599,4096,4106,14816,1252
1600,4096,4106,14843,1240
1601,4096,1061,24265,10827
1602,4096,1065,26331,11839
1603,4096,4106,14904,1257
1604,4096,4106,15111,1265
1605,4096,4106,14888,1246
1606,4096,4106,14940,1232
1607,4096,4106,14856,1239
1608,4096,4106,14921,1234
1609,4096,4106,15010,1240
1610,4096,4106,14933,1236
1611,4096,429,23665,12485
1612,4096,4106,14875,1263
1613,4096,4106,14872,1235
1614,4096,4106,14875,1244
1615,4096,4106,14523,1246
1616,4096,4106,14955,1232
1617,4096,4106,14946,1227
1618,4096,4106,14756,1232
1619,4096,1084,13377,5470
1620,4096,4106,15098,1242
1621,4096,4106,14803,1229
1622,4096,4106,14953,1271
1623,4096,4106,14927,1232
1624,4096,4106,14992,1229
1625,4096,4106,14847,1238
1626,4096,4106,14850,1233
1627,4096,4106,15055,1234
1628,4096,4106,14970,1237
1629,4096,407,16532,6081
1630,4096,410,16451,5692
1631,4096,981,27423,13223
1632,4096,26,3714,3486
1633,4096,674,20952,7501
1634,4096,4106,15182,1259
1635,4096,616,20602,10006
1636,4096,515,18262,9021
1637,4096,4106,15215,1270
1638,4096,4106,14902,1234
1639,4096,3862,15141,7341
1640,4096,383,15820,5468
1641,4096,4106,15092,1255
1642,4096,3873,15057,7165
1643,4096,4106,14886,1260
1644,4096,4106,14688,1237
1645,4096,4106,14838,1235
1646,4096,4106,14760,1238
1647,4096,386,15171,5328
1648,4096,481,17438,8857
1649,4096,3878,14983,6996
1650,4096,4106,14916,1257
1651,4096,4106,15029,1256
1652,4096,4106,15057,1260
1653,4096,4106,14716,1240
1654,4096,4106,14751,1239
1655,4096,4028,14808,6997
1656,4096,3847,15021,6965
1657,4096,427,16388,5858
1658,4096,4106,14830,1247
1659,4096,4106,14611,1248
1660,4096,3868,14662,6947
1661,4096,4037,14827,6870
1662,4096,4106,14951,1263
1663,4096,876,21701,7363
1664,4096,4106,14929,1259
1665,4096,4106,14939,1227
1666,4096,4106,14902,1244
1667,4096,4106,14928,1228
1668,4096,4106,14878,1236
1669,4096,3995,14865,6838
1670,4096,4106,15050,1245
1671,4096,699,24208,11400
1672,4096,706,23058,10170
1673,4096,597,21641,7963
1674,4096,4106,15281,1260
1675,4096,4106,15188,1251
1676,4096,1373,28318,11904
1677,4096,588,19866,9730
1678,4096,850,19331,6543
1679,4096,1003,25606,12644
1680,4096,391,15938,8330
1681,4096,4106,15349,1283
1682,4096,723,23352,10669
1683,4096,4106,15462,1267
1684,4096,4106,15122,1245
1685,4096,4106,14818,1235
1686,4096,76,5282,2560
1687,4096,709,21393,7832
1688,4096,3871,15264,7135
1689,4096,409,16474,5563
1690,4096,622,19780,9586
1691,4096,4106,15081,1264
1692,4096,400,15786,5369
1693,4096,3860,15169,7135
1694,4096,4106,15150,1265
1695,4096,1261,29451,13211
1696,4096,4106,15021,1259
1697,4096,4106,15038,1243
1698,4096,4106,15007,1226
1699,4096,384,15056,5274
1700,4096,548,18546,9282
1701,4096,1075,26520,12149
1702,4096,1318,30059,13468
1703,4096,4106,15164,1257
1704,4096,449,16875,5824
1705,4096,3830,21803,8317
1706,4096,4106,15105,1256
1707,4096,4106,14975,1256
1708,4096,406,16139,5503
1709,4096,4106,14887,1252
1710,4096,4106,14987,1256
1711,4096,4106,14697,1237
1712,4096,4106,14891,1244
1713,4096,4106,14812,1241
1714,4096,3853,15103,7113
1715,4096,4106,14845,1259
1716,4096,567,18923,9417
1717,4096,4106,15000,1266
1718,4096,4106,14977,1243
1719,4096,3861,15144,7104
1720,4096,4106,14997,1258
1721,4096,4106,14794,1229
1722,4096,4106,14908,1237
1723,4096,489,17184,5881
1724,4096,4106,14890,1242
1725,4096,4106,14847,1226
1726,4096,4106,14935,1235
1727,4096,4106,15083,1238
1728,4096,1080,13136,5271
1729,4096,864,26848,12959
1730,4096,517,19730,7029
1731,4096,4106,15028,1247
1732,4096,4106,14808,1244
1733,4096,4106,14881,1249
1734,4096,4106,14949,1241
1735,4096,4106,14744,1230
1736,4096,2944,16439,6520
1737,4096,1090,12449,4994
1738,4096,4106,15204,1242
1739,4096,1011,27631,12979
1740,4096,4106,15089,1260
1741,4096,4106,14855,1250
1742,4096,4106,14894,1247
1743,4096,4106,14768,1242
1744,4096,4106,14859,1235
1745,4096,4106,14707,1237
1746,4096,451,18105,6344
1747,4096,823,22530,10633
1748,4096,1692,26785,10700
1749,4096,4106,15134,1261
1750,4096,4106,14978,1257
1751,4096,4106,14881,1249
1752,4096,385,16185,5560
1753,4096,601,19559,9911
1754,4096,4106,15025,1261
1755,4096,4106,14857,1241
1756,4096,506,17824,8994
1757,4096,4106,15123,1271
1758,4096,47,4755,2471
1759,4096,961,25991,12445
1760,4096,4106,14964,1266
1761,4096,4106,14624,1228
1762,4096,4106,14813,1234
1763,4096,4106,14856,1236
1764,4096,4106,14816,1229
1765,4096,361,15480,5267
1766,4096,3862,15183,7183
1767,4096,4106,14978,1262
1768,4096,754,19283,9397
1769,4096,4106,15196,1256
1770,4096,4106,15026,1239
1771,4096,4106,15091,1242
1772,4096,3901,15232,7137
1773,4096,3772,18509,7338
1774,4096,4106,14945,1257
1775,4096,4106,16178,1327
1776,4096,4106,15917,1322
1777,4096,1053,27546,9770
1778,4096,364,18040,6303
1779,4096,4106,16060,1344
1780,4096,4106,16125,1317
1781,4096,4106,15879,1347
1782,4096,4106,16062,1436
1783,4096,4106,15858,2585
1784,4096,726,23987,9424
1785,4096,4106,15928,1335
1786,4096,4106,16151,1330
1787,4096,2988,16755,7281
1788,4096,2996,16274,6836
1789,4096,4106,16115,1342
1790,4096,4106,15847,1320
1791,4096,4106,15825,1312
1792,4096,4106,15791,1331
1793,4096,4106,15917,1309
1794,4096,3855,15934,7552
1795,4096,4106,16108,1332
1796,4096,4106,15976,1323
1797,4096,4106,15979,1324
1798,4096,4106,15781,1311
1799,4096,4106,15956,1313
1800,4096,4106,15913,1318
1801,4096,4106,15978,1326
1802,4096,4106,15908,1314
1803,4096,4106,15895,1313
1804,4096,1087,14098,5583
1805,4096,718,23028,11683
1806,4096,1006,29229,13701
1807,4096,1201,31898,14856
1808,4096,900,25506,12361
1809,4096,718,26998,12250
1810,4096,4106,16297,1346
1811,4096,4106,16201,1332
1812,4096,4106,16263,1317
1813,4096,3775,21522,8728
1814,4096,4106,16189,1332
1815,4096,4106,15885,1319
1816,4096,4106,15933,1316
1817,4096,584,21633,10602
1818,4096,4106,16067,1334
1819,4096,3485,24908,9473
1820,4096,977,26431,12437
1821,4096,4106,16027,1340
1822,4096,507,18869,6466
1823,4096,1084,13899,5565
1824,4096,3914,18639,7579
1825,4096,4106,16229,1337
1826,4096,4106,15757,1317
1827,4096,381,16397,5527
1828,4096,3881,16359,7611
1829,4096,4106,16204,1344
1830,4096,4106,16150,1325
1831,4096,4106,15982,1331
1832,4096,4106,15918,1331
1833,4096,4106,15676,1326
1834,4096,751,25954,9176
1835,4096,4106,18964,1336
1836,4096,610,21526,10505
1837,4096,2046,15000,6238
1838,4096,4106,16158,1337
1839,4096,3854,16187,7636
1840,4096,4106,16072,1340
1841,4096,4106,16122,1314
1842,4096,4106,15984,1311
1843,4096,4106,16067,1315
1844,4096,406,17199,6122
1845,4096,3931,16199,7509
1846,4096,3863,16099,7429
1847,4096,2984,16430,6797
1848,4096,4106,16092,1342
1849,4096,4106,16239,1333
1850,4096,4106,15564,1332
1851,4096,77,4919,2692
1852,4096,3872,16020,7295
1853,4096,3897,16222,7364
1854,4096,4106,15953,1342
1855,4096,443,19737,6918
1856,4096,4106,16168,1348
1857,4096,4106,15905,1338
1858,4096,3858,15962,7427
1859,4096,4106,15869,1343
1860,4096,4106,15831,1321
1861,4096,4106,16005,1312
1862,4096,4106,15985,1321
1863,4096,4106,15755,1317
1864,4096,870,26472,12610
1865,4096,4106,16006,1345
1866,4096,1644,29524,12925
1867,4096,4106,16198,1352
1868,4096,4106,15852,1314
1869,4096,508,20206,7548
1870,4096,624,21320,10506
1871,4096,4106,15931,1342
1872,4096,4106,15971,1314
1873,4096,4106,15879,1318
1874,4096,713,24766,12627
1875,4096,4106,16134,1332
1876,4096,4106,16146,1315
1877,4096,4106,15936,1320
1878,4096,830,28084,13250
1879,4096,1187,30143,13887
1880,4096,1791,15051,2463
1881,4096,754,20873,9824
1882,4096,1188,24648,10580
1883,4096,4106,16096,1368
1884,4096,3912,20197,8217
1885,4096,1093,27740,12844
1886,4096,77,5209,2761
1887,4096,399,18307,9836
1888,4096,287,14582,4945
1889,4096,845,27679,9618
1890,4096,447,18409,9689
1891,4096,713,25816,8838
1892,4096,4106,16473,1387
1893,4096,4106,16297,1362
1894,4096,3862,16284,7639
1895,4096,2935,17477,6927
1896,4096,4106,16173,1372
1897,4096,2931,17038,6403
1898,4096,968,29340,13689
1899,4096,4106,16351,1369
1900,4096,4106,16077,1351
1901,4096,597,21285,10215
1902,4096,4106,16178,1364
1903,4096,548,20388,9798
1904,4096,1002,29709,14283
1905,4096,326,16289,5939
1906,4096,4106,16297,1356
1907,4096,2391,16700,12077
1908,4096,4106,16156,1335
1909,4096,4106,16044,1313
1910,4096,1002,28976,11046
1911,4096,631,23318,8751
1912,4096,826,21927,10719
1913,4096,4106,16148,1344
1914,4096,460,18574,6370
1915,4096,4106,16313,1341
1916,4096,532,18988,6619
1917,4096,4106,16222,1328
1918,4096,863,28208,10407
1919,4096,911,20793,6843
1920,4096,4106,16124,1338
1921,4096,4106,16348,1334
1922,4096,4106,15946,1352
1923,4096,2991,16931,7242
1924,4096,4009,16324,7552
1925,4096,857,25351,12148
1926,4096,614,20931,10390
1927,4096,3858,16155,7639
1928,4096,791,23550,11032
1929,4096,4106,16185,1337
1930,4096,4106,15932,1342
1931,4096,4018,15990,7442
1932,4096,3859,16001,7477
1933,4096,4106,15986,1339
1934,4096,4106,15956,1342
1935,4096,4106,15889,1335
1936,4096,3921,16033,7419
1937,4096,440,17759,6309
1938,4096,4106,16151,1352
1939,4096,4106,16011,1370
1940,4096,4106,16024,1345
1941,4096,4106,15855,1329
1942,4096,422,16862,5899
1943,4096,373,16742,8792
1944,4096,1012,24362,10190
1945,4096,987,23544,10789
1946,4096,493,17993,9020
1947,4096,261,14576,8308
1948,4096,4013,16149,7621
1949,4096,528,19625,6837
1950,4096,3871,16311,7392
1951,4096,3845,16115,7467
1952,4096,1417,31971,14047
1953,4096,4106,16432,1377
1954,4096,36,4621,2004
1955,4096,415,17898,6201
1956,4096,71,5352,2660
1957,4096,1479,33737,14947
1958,4096,636,20983,7427
1959,4096,36,4643,2390
1960,4096,1595,32158,14237
1961,4096,81,5021,2627
1962,4096,1465,32359,14680
1963,4096,4106,16492,1378
1964,4096,246,14750,5832
1965,4096,4106,16452,1352
1966,4096,4106,16162,1320
1967,4096,4106,16243,1317
1968,4096,4106,16132,1318
1969,4096,1397,32393,14622
1970,4096,475,19110,6576
1971,4096,2282,14851,8724
1972,4096,86,5325,2139
1973,4096,1513,25600,8292
1974,4096,664,22659,11770
1975,4096,4106,16320,1350
1976,4096,4106,16077,1327
1977,4096,4106,16144,1324
1978,4096,4106,16034,1312
1979,4096,4106,15911,1318
1980,4096,4106,15822,1319
1981,4096,4106,15979,1317
1982,4096,1083,13738,5712
1983,4096,4106,15901,1326
1984,4096,3877,16077,7630
1985,4096,856,27761,12930
1986,4096,4106,15989,1358
1987,4096,4106,15971,1322
1988,4096,4106,15983,1317
1989,4096,125,5978,3022
1990,4096,4106,17198,1366
1991,4096,4106,15915,1326
1992,4096,457,17959,6308
1993,4096,3885,16405,7882
1994,4096,620,21327,10420
1995,4096,666,21939,8061
1996,4096,409,17160,9383
1997,4096,4106,16220,1355
1998,4096,3879,16250,7560
1999,4096,4012,16015,7527
2000,4096,4106,16025,1346
2001,4096,4106,16080,1351
2002,4096,4106,16058,1329
2003,4096,4106,15976,1319
2004,4096,404,17260,5986
2005,4096,943,24331,11568
2006,4096,4106,16288,1357
2007,4096,4106,16006,1332
2008,4096,4106,15777,1318
2009,4096,2994,16694,7111
2010,4096,826,23908,11133
2011,4096,4106,16265,1341
2012,4096,4106,16058,1336
2013,4096,4106,16003,1315
2014,4096,4106,15750,1317
2015,4096,345,16479,6160
2016,4096,4106,16095,1320
2017,4096,4106,15762,1315
2018,4096,4106,15992,1325
2019,4096,4106,16048,1326
2020,4096,4106,15820,1321
2021,4096,4106,15922,1316
2022,4096,4106,15904,1321
2023,4096,4106,15820,1315
2024,4096,1325,29795,12719
2025,4096,590,18223,10295
2026,4096,4106,17396,1380
2027,4096,4106,15917,1329
2028,4096,4106,15828,1313
2029,4096,4106,16029,1315
2030,4096,4106,15899,1308
2031,4096,4106,16007,1317
2032,4096,4106,15919,1317
2033,4096,667,22394,8065
2034,4096,36,4834,2500
2035,4096,625,21393,10671
2036,4096,4106,16205,1333
2037,4096,818,26871,10378
2038,4096,4106,16049,1335
2039,4096,501,18814,6593
2040,4096,4106,16208,1330
2041,4096,4106,15996,1316
2042,4096,4106,19204,1321
2043,4096,4106,15982,1312
2044,4096,594,20833,10172
2045,4096,4106,16195,1349
2046,4096,4106,16327,1340
2047,4096,4106,15862,1325
2048,4096,883,25848,12276
2049,4096,4106,16100,1351
2050,4096,4106,16032,1323
2051,4096,4015,15943,7686
2052,4096,4106,15918,1325
2053,4096,4106,15926,1314
2054,4096,2996,16643,7071
2055,4096,478,18871,6402
2056,4096,4106,15969,1341
2057,4096,4106,15966,1312
2058,4096,3889,15788,7568
2059,4096,789,23000,10917
2060,4096,568,20475,10033
2061,4096,4106,16215,1343
2062,4096,3979,16058,7518
2063,4096,4106,17322,1345
2064,4096,817,24570,11326
2065,4096,4106,15954,1558
2066,4096,508,19317,6934
2067,4096,4106,16040,1333
2068,4096,4106,16103,1319
2069,4096,310,15564,7907
2070,4096,4106,16336,1349
2071,4096,462,18005,9822
2072,4096,3853,16159,7734
2073,4096,4106,16007,1333
2074,4096,571,20807,7908
2075,4096,993,27159,13147
2076,4096,120,6094,2921
2077,4096,759,23502,8839
2078,4096,1490,32635,14809
2079,4096,4106,16171,1344
2080,4096,4106,16325,1328
2081,4096,1288,28532,12178
2082,4096,1073,26905,12607
2083,4096,1168,28065,13138
2084,4096,246,14816,5711
2085,4096,1043,25464,11218
2086,4096,4106,16390,1345
2087,4096,1043,24611,11643
2088,4096,1155,30672,14183
2089,4096,4106,16536,1333
2090,4096,445,18157,6440
2091,4096,4106,16225,1338
2092,4096,4106,16054,1351
2093,4096,4106,16049,1316
2094,4096,1148,44198,12887
2095,4096,1062,31921,11209
2096,4096,4106,18764,1559
2097,4096,4106,20306,1656
2098,4096,4106,19077,1555
2099,4096,3864,19104,9253
2100,4096,4106,19090,1576
2101,4096,4106,18789,1540
2102,4096,4106,18751,1552
2103,4096,4106,18542,1523
2104,4096,4106,18803,1545
2105,4096,4106,18870,1543
2106,4096,4106,18701,1535
2107,4096,4106,18747,1533
2108,4096,4106,18687,1530
2109,4096,4106,15737,1337
2110,4096,4106,16024,1321
2111,4096,3797,19223,7939
2112,4096,4106,19335,1343
2113,4096,4106,16071,1332
2114,4096,2995,16503,6954
2115,4096,1080,13812,5738
2116,4096,4106,16237,1343
2117,4096,4106,16068,1315
2118,4096,4106,16024,1317
2119,4096,636,22167,10997
2120,4096,4106,16149,1329
2121,4096,4106,15899,1316
2122,4096,4106,15934,1320
2123,4096,465,19980,10109
2124,4096,420,19857,7164
2125,4096,3868,16238,7633
2126,4096,4106,26722,1280
2127,4096,4106,14968,1249
2128,4096,546,19141,9332
2129,4096,400,16606,5542
2130,4096,516,17725,6307
2131,4096,4106,15017,1252
2132,4096,4106,15035,1242
2133,4096,4106,15043,1249
2134,4096,718,25376,12735
2135,4096,3850,15130,7134
2136,4096,646,20316,9517
2137,4096,4106,15106,1254
2138,4096,4106,15100,1252
2139,4096,4106,14940,1254
2140,4096,3812,20306,8157
2141,4096,4106,15149,1255
2142,4096,4106,14996,1229
2143,4096,4106,14891,1227
2144,4096,4106,14971,1238
2145,4096,4106,14898,1236
2146,4096,407,15970,5567
2147,4096,4106,14929,1243
2148,4096,4106,14866,1228
2149,4096,4106,14950,1229
2150,4096,3880,15009,7211
2151,4096,4106,15091,1247
2152,4096,4106,14986,1227
2153,4096,725,25049,8655
2154,4096,4106,15079,1244
2155,4096,4106,15954,1343
2156,4096,4106,15980,1316
2157,4096,4106,15937,1320
2158,4096,4106,15950,1315
2159,4096,4106,15808,1324
2160,4096,4106,15798,1314
2161,4096,782,26748,8915
2162,4096,36,4817,2463
2163,4096,4106,16180,1341
2164,4096,4106,15958,1319
2165,4096,4020,15908,7477
2166,4096,4106,16023,1352
2167,4096,4106,16078,1310
2168,4096,1083,13829,5717
2169,4096,4106,15884,1342
2170,4096,4106,15977,1317
2171,4096,608,21279,10599
2172,4096,4106,15943,1337
2173,4096,228,12775,6691
2174,4096,1057,27585,9516
2175,4096,4106,15979,1344
2176,4096,237,14908,4906
2177,4096,429,25374,13145
2178,4096,4106,16292,1347
2179,4096,592,21009,10787
2180,4096,444,18190,6453
2181,4096,4106,16089,1331
2182,4096,4106,16072,1316
2183,4096,4106,16024,1337
2184,4096,3860,16179,7734
2185,4096,4106,16129,1349
2186,4096,4106,15969,1319
2187,4096,4106,15921,1315
2188,4096,4106,15926,1315
2189,4096,4106,15992,1318
2190,4096,4106,15909,1311
2191,4096,4106,15938,1323
2192,4096,259,13577,4540
2193,4096,3866,16177,7644
2194,4096,4106,16144,1329
2195,4096,4106,16104,1325
2196,4096,4106,26749,1247
2197,4096,523,17951,6399
2198,4096,4106,14929,1256
2199,4096,1082,12750,5312
2200,4096,3893,15041,7046
2201,4096,4106,14857,1256
2202,4096,4106,15272,1237
2203,4096,4106,14881,1226
2204,4096,3885,15041,7007
2205,4096,4106,14863,1270
2206,4096,871,24336,11108
2207,4096,4106,15077,1266
2208,4096,4106,14833,1230
2209,4096,4106,14913,1238
2210,4096,140,10137,2781
2211,4096,1272,25576,8633
2212,4096,4106,14866,1253
2213,4096,4106,14872,1226
2214,4096,3890,14917,7126
2215,4096,4106,15027,1252
2216,4096,4106,14835,1229
2217,4096,4106,14911,1240
2218,4096,1145,27391,13125
2219,4096,409,17234,5830
2220,4096,818,24952,9575
2221,4096,4106,14855,1251
2222,4096,4033,15050,6946
2223,4096,3917,19903,2302
2224,4096,476,17135,5759
2225,4096,4106,15120,1240
2226,4096,4106,15114,1246
2227,4096,611,18618,9336
2228,4096,3874,15243,7085
2229,4096,4106,15008,1258
2230,4096,890,22341,10643
2231,4096,4106,15192,1263
2232,4096,3865,15131,7098
2233,4096,1093,13335,5222
2234,4096,4106,14936,1270
2235,4096,3852,19426,7769
2236,4096,510,18952,5954
2237,4096,4106,14961,1248
2238,4096,4106,15089,1244
2239,4096,1188,23054,10064
2240,4096,3855,15155,7108
2241,4096,4106,15042,1247
2242,4096,4106,15148,1248
2243,4096,4106,14861,1255
2244,4096,405,16122,5674
2245,4096,484,17231,6016
2246,4096,4106,14987,1246
2247,4096,4106,14975,1243
2248,4096,4106,14954,1233
2249,4096,4106,14749,1229
2250,4096,4106,14912,1238
2251,4096,1105,23448,11207
2252,4096,70,4915,2474
2253,4096,899,24676,11094
2254,4096,964,27058,9811
2255,4096,1054,23901,10846
2256,4096,4106,15350,1295
2257,4096,4106,14988,1265
2258,4096,4106,15040,1242
2259,4096,4106,14915,1241
2260,4096,753,25315,9517
2261,4096,4106,15105,1262
2262,4096,3854,15192,7252
2263,4096,4106,14990,1255
2264,4096,4106,14964,1227
2265,4096,3876,14734,7015
2266,4096,4106,14846,1254
2267,4096,3852,15007,6913
2268,4096,4106,15287,1266
2269,4096,3679,17481,7139
2270,4096,1505,25759,10876
2271,4096,699,23967,11260
2272,4096,3880,15114,8153
2273,4096,4106,15241,1260
2274,4096,4106,15079,1254
2275,4096,4106,15022,1424
2276,4096,4106,15156,1232
2277,4096,928,26609,9678
2278,4096,890,25297,9433
2279,4096,1363,30075,13493
2280,4096,4106,15113,1253
2281,4096,4106,14999,1250
2282,4096,4106,14901,1245
2283,4096,4106,14895,1243
2284,4096,4106,14906,1236
2285,4096,4106,14949,1225
2286,4096,4106,14843,1235
2287,4096,398,16567,5558
2288,4096,4106,15126,1244
2289,4096,3858,15152,7131
2290,4096,4106,15102,1249
2291,4096,4106,14884,1243
2292,4096,4106,15058,1257
2293,4096,436,16670,5836
2294,4096,276,12967,3657
2295,4096,391,15582,8554
2296,4096,4106,15074,1283
2297,4096,793,22054,10679
2298,4096,864,24206,11610
2299,4096,4106,15309,1250
2300,4096,4106,15019,1245
2301,4096,888,24172,11192
2302,4096,877,24241,10824
2303,4096,603,19691,9879
2304,4096,4106,15195,1254
2305,4096,4106,15121,1239
2306,4096,3868,15145,7123
2307,4096,4106,15038,1265
2308,4096,4106,14881,1241
2309,4096,4106,16056,1240
2310,4096,442,16627,8769
2311,4096,973,27189,12926
2312,4096,4106,14948,1262
2313,4096,4106,15002,1248
2314,4096,4106,15100,1258
2315,4096,4106,14913,1231
2316,4096,4106,14997,1238
2317,4096,4106,14865,1234
2318,4096,4106,14840,1246
2319,4096,926,24305,8636
2320,4096,4106,14908,1238
2321,4096,4106,14908,1247
2322,4096,4106,14912,1242
2323,4096,4106,14957,1229
2324,4096,4106,14849,1238
2325,4096,4106,14908,1229
2326,4096,4106,14992,1252
2327,4096,545,18478,9076
2328,4096,4106,14914,1253
2329,4096,549,19210,9676
2330,4096,4106,15067,1266
2331,4096,4106,14875,1236
2332,4096,4106,14861,1232
2333,4096,4106,14817,1230
2334,4096,4106,14798,1243
2335,4096,4106,14634,1240
2336,4096,4106,14809,1237
2337,4096,4106,14943,1230
2338,4096,4106,14911,1243
2339,4096,4106,14823,1247
2340,4096,4106,14891,1237
2341,4096,381,14949,4883
2342,4096,4106,14967,1245
2343,4096,4106,14952,1245
2344,4096,4106,14910,1224
2345,4096,4106,14900,1248
2346,4096,4106,14979,1236
2347,4096,412,16610,8857
2348,4096,4106,14928,1242
2349,4096,4106,14835,1231
2350,4096,1388,27744,11963
2351,4096,1081,13361,5294
2352,4096,4106,15136,1272
2353,4096,405,16367,5784
2354,4096,4106,14998,1254
2355,4096,4106,14865,1247
2356,4096,1150,27348,12994
2357,4096,4106,14663,1260
2358,4096,4106,14909,1239
2359,4096,4106,15126,1232
2360,4096,4106,14867,1241
2361,4096,256,12680,3566
2362,4096,4106,14853,1260
2363,4096,4106,15026,1231
2364,4096,3999,15020,7124
2365,4096,376,15821,5527
2366,4096,4106,15027,1247
2367,4096,517,20089,7162
2368,4096,4106,14847,1275
2369,4096,948,27105,12275
2370,4096,645,20400,9791
2371,4096,4106,15076,1260
2372,4096,4106,14944,1245
2373,4096,4106,14912,1272
2374,4096,740,24329,8451
2375,4096,4106,14988,1239
2376,4096,376,15706,5650
2377,4096,4106,15013,1240
2378,4096,4106,14964,1236
2379,4096,1359,30256,12984
2380,4096,4106,15083,1257
2381,4096,4106,14963,1250
2382,4096,1301,28986,13743
2383,4096,4106,14973,1265
2384,4096,4106,14878,1258
2385,4096,3868,15142,7258
2386,4096,3687,18832,7552
2387,4096,4106,16319,1260
2388,4096,617,20175,7062
2389,4096,785,22000,9974
2390,4096,164,11025,2775
2391,4096,422,16058,5736
2392,4096,4106,15050,1255
2393,4096,3877,15199,7064
2394,4096,478,17384,6038
2395,4096,3911,14967,7127
2396,4096,507,16863,5885
2397,4096,4106,14989,1247
2398,4096,4106,14907,1250
2399,4096,4106,14823,1233
2400,4096,4106,14918,1234
2401,4096,433,18239,6478
2402,4096,4106,14941,1241
2403,4096,937,22221,10101
2404,4096,4106,14924,1254
2405,4096,4106,14942,1245
2406,4096,4106,15136,1225
2407,4096,4106,14897,1246
2408,4096,4106,15003,1238
2409,4096,3855,15047,7054
2410,4096,4106,14930,1240
2411,4096,4106,14918,1232
2412,4096,126,5673,2640
2413,4096,4106,14898,1250
2414,4096,3860,15204,7036
2415,4096,4106,14771,1258
2416,4096,4106,15027,1229
2417,4096,485,17002,6091
2418,4096,4106,14971,1242
2419,4096,4106,14654,1237
2420,4096,1319,30384,11217
2421,4096,765,19733,9506
2422,4096,4106,15171,1251
2423,4096,3672,17749,7252
2424,4096,3867,15150,6985
2425,4096,1150,28481,13171
2426,4096,856,26534,11960
2427,4096,4106,15181,1261
2428,4096,4106,14932,1252
2429,4096,77,4970,2457
2430,4096,4106,15119,1256
2431,4096,261,13761,7936
2432,4096,4106,14931,1256
2433,4096,636,20352,9706
2434,4096,4106,15073,1269
2435,4096,4106,14928,1251
2436,4096,4106,14829,1226
2437,4096,4106,15192,1235
2438,4096,2995,15518,6664
2439,4096,4106,14979,1244
2440,4096,625,19721,9643
2441,4096,420,18187,6536
2442,4096,431,17505,6347
2443,4096,4106,14960,1256
2444,4096,3000,15646,6626
2445,4096,3736,17158,7214
2446,4096,517,18623,9382
2447,4096,442,17520,6486
2448,4096,520,18182,6301
2449,4096,371,15319,5558
2450,4096,4106,15181,1245
2451,4096,126,5200,2592
2452,4096,4106,15099,1260
2453,4096,1057,27975,13199
2454,4096,4106,15178,1249
2455,4096,4106,15080,1232
2456,4096,802,22490,8081
2457,4096,987,21811,10010
2458,4096,430,16646,5673
2459,4096,4106,14971,1257
2460,4096,4106,15121,1245
2461,4096,4106,15089,1242
2462,4096,4106,14999,2865
2463,4096,4106,15064,1241
2464,4096,455,18177,6307
2465,4096,4106,15139,1241
2466,4096,714,21825,10892
2467,4096,1048,27719,13057
2468,4096,3871,15274,7195
2469,4096,597,21227,7980
2470,4096,4106,15124,1251
2471,4096,3851,15153,7071
2472,4096,3866,15144,6996
2473,4096,239,12385,3531
2474,4096,4106,15125,1259
2475,4096,4106,15145,1250
2476,4096,3864,14986,6955
2477,4096,4106,15170,1250
2478,4096,376,15706,5638
2479,4096,4106,15246,1247
2480,4096,4106,14696,1238
2481,4096,4106,14846,1242
2482,4096,3851,15162,6988
2483,4096,4106,14983,1265
2484,4096,4106,14824,1233
2485,4096,4106,14909,1239
2486,4096,4106,14943,1235
2487,4096,977,25939,9326
2488,4096,1331,29536,13308
2489,4096,4106,15143,1247
2490,4096,4106,14891,1235
2491,4096,3841,15073,7032
2492,4096,409,16091,8734
2493,4096,4106,14904,1249
2494,4096,4106,15054,1237
2495,4096,4106,14853,1244
2496,4096,4106,14976,1229
2497,4096,4106,15042,1248
2498,4096,4106,14998,1240
2499,4096,4106,14889,1230
2500,4096,4106,14880,1235
2501,4096,3955,20701,2230
2502,4096,3867,15096,7003
2503,4096,4106,15016,1245
2504,4096,2947,16512,6418
2505,4096,460,17091,6222
2506,4096,1521,29695,13465
2507,4096,545,18040,6311
2508,4096,1084,12672,5247
2509,4096,4106,15413,1251
2510,4096,4106,15220,1252
2511,4096,2903,28470,11677
2512,4096,4106,15022,1260
2513,4096,725,24890,8745
2514,4096,345,15643,5792
2515,4096,4106,15211,1244
2516,4096,3874,15315,7010
2517,4096,3703,17290,7136
2518,4096,4106,15215,1251
2519,4096,4106,15060,1248
2520,4096,4106,15051,1227
2521,4096,4106,14920,1228
2522,4096,4106,14943,1236
2523,4096,4106,15013,1251
2524,4096,4106,14971,1228
2525,4096,1206,25890,8791
2526,4096,890,24843,9224
2527,4096,590,20055,10083
2528,4096,422,16195,5407
2529,4096,706,21460,10291
2530,4096,4106,15182,1266
2531,4096,4106,14929,1257
2532,4096,4106,14929,1234
2533,4096,4106,15101,1230
2534,4096,835,22834,10935
2535,4096,4106,14969,1227
2536,4096,4106,15086,1251
2537,4096,588,20578,9599
2538,4096,892,25781,9533
2539,4096,818,25062,9750
2540,4096,120,5774,2692
2541,4096,902,25953,11862
2542,4096,1093,27640,12881
2543,4096,1068,26307,12461
2544,4096,1660,23207,7163
2545,4096,1154,26835,12737
2546,4096,384,17653,9215
2547,4096,248,14682,8693
2548,4096,237,14051,4816
2549,4096,4106,15492,1263
2550,4096,231,12529,3808
2551,4096,801,21609,7772
2552,4096,1365,29927,13561
2553,4096,699,24108,11215
2554,4096,4106,15672,1272
2555,4096,426,17220,9633
2556,4096,754,19623,9120
2557,4096,1447,27643,11815
2558,4096,869,24821,9234
2559,4096,4106,15497,1276
2560,4096,508,18959,6948
2561,4096,499,19407,9908
2562,4096,535,18348,6440
2563,4096,271,12715,3585
2564,4096,409,16148,8829
2565,4096,420,17817,6508
2566,4096,890,26975,9272
2567,4096,481,17497,8958
2568,4096,4106,15496,1278
2569,4096,162,10754,2868
2570,4096,757,18862,9267
2571,4096,4106,15445,1248
2572,4096,666,20891,7497
2573,4096,4106,15461,1292
2574,4096,824,21924,10506
2575,4096,160,10752,2720
2576,4096,979,24559,11269
2577,4096,1196,27044,11503
2578,4096,713,24119,8377
2579,4096,4106,15496,1244
2580,4096,847,24807,11811
2581,4096,36,4300,2311
2582,4096,4106,15674,1251
2583,4096,4106,15341,1248
2584,4096,4106,15240,1249
2585,4096,1747,27351,11809
2586,4096,450,16938,8976
2587,4096,970,21101,9596
2588,4096,4106,15209,1254
2589,4096,1039,25481,12041
2590,4096,1396,29112,13402
2591,4096,856,26025,11905
2592,4096,4106,15290,1265
2593,4096,883,20987,9593
2594,4096,166,10930,2779
2595,4096,549,18978,9636
2596,4096,1188,23278,9836
2597,4096,4106,15495,1252
2598,4096,831,30703,12330
2599,4096,774,21296,10340
2600,4096,540,18357,8974
2601,4096,4106,15378,1255
2602,4096,3846,15578,7169
2603,4096,126,5745,2648
2604,4096,4106,15152,1246
2605,4096,799,22673,11336
2606,4096,1193,28616,9666
2607,4096,712,20244,7219
2608,4096,122,5492,2673
2609,4096,1311,29842,13449
2610,4096,801,25094,9603
2611,4096,4106,15363,1261
2612,4096,4106,15363,1258
2613,4096,129,5567,2776
2614,4096,907,24006,10885
2615,4096,4106,15216,1257
2616,4096,4106,15073,1256
2617,4096,762,25379,11329
2618,4096,4106,15141,1261
2619,4096,471,16222,8200
2620,4096,2993,15609,6633
2621,4096,4106,15300,1255
2622,4096,1505,25493,10796
2623,4096,572,20932,7622
2624,4096,237,13622,4766
2625,4096,299,14311,7782
2626,4096,4106,15132,1250
2627,4096,523,18713,6474
2628,4096,568,20249,7433
2629,4096,1121,28404,10262
2630,4096,4106,15172,1248
2631,4096,339,14648,10514
2632,4096,433,18447,6487
2633,4096,792,22148,7565
2634,4096,802,22358,7883
2635,4096,1635,26960,11941
2636,4096,751,21387,10200
2637,4096,951,22873,10427
2638,4096,1203,24587,10848
2639,4096,4106,15467,1263
2640,4096,797,21511,9936
2641,4096,4106,15470,1264
2642,4096,725,24642,8563
2643,4096,785,20893,10073
2644,4096,747,21554,7621
2645,4096,539,18509,9146
2646,4096,4106,14949,1262
2647,4096,409,16272,8593
2648,4096,420,17694,6638
2649,4096,506,17435,8920
2650,4096,4106,15314,1259
2651,4096,324,15365,5955
2652,4096,847,24826,9111
2653,4096,481,17439,8541
2654,4096,1458,26381,11358
2655,4096,1078,27463,12901
2656,4096,207,13435,7813
2657,4096,59,4746,2044
2658,4096,3994,15426,7048
2659,4096,992,13964,5230
2660,4096,3862,15358,6986
2661,4096,3864,15219,6843
2662,4096,299,14351,9371
2663,4096,3850,20602,2860
2664,4096,508,19624,6866
2665,4096,3898,15135,6960
2666,4096,3913,14917,6797
2667,4096,3907,14653,6674
2668,4096,3883,14474,6725
2669,4096,3884,14864,6730
2670,4096,3899,14872,6679
2671,4096,3892,14745,6619
2672,4096,4106,15114,1272
2673,4096,3848,15143,7029
2674,4096,3827,15020,6785
2675,4096,4106,15419,1252
2676,4096,3805,15081,6780
2677,4096,1266,14408,5445
2678,4096,4106,15040,1250
2679,4096,4106,15069,1233
2680,4096,4106,15230,1227
2681,4096,3784,15023,6888
2682,4096,4106,14889,1246
2683,4096,3828,14832,6811
2684,4096,4106,14945,1249
2685,4096,4106,14947,1225
2686,4096,4106,15210,1225
2687,4096,3795,14856,6770
2688,4096,3840,14522,6759
2689,4096,4106,14958,1242
2690,4096,4106,15018,1227
2691,4096,4106,14796,1231
2692,4096,4106,14878,1229
2693,4096,4106,14926,1226
2694,4096,4106,14884,1226
2695,4096,4106,14787,1227
2696,4096,4106,14927,1231
2697,4096,4106,14841,1233
2698,4096,4106,14879,1231
2699,4096,4106,15045,1243
2700,4096,4106,14887,1231
2701,4096,4106,14928,1226
2702,4096,4106,14810,1236
2703,4096,4106,14875,1235
2704,4096,4106,16131,1239
2705,4096,4106,15020,1245
2706,4096,4106,15008,1229
2707,4096,4106,14787,1230
2708,4096,4106,14968,1226
2709,4096,4106,14901,1243
2710,4096,4106,14850,1231
2711,4096,4106,14849,1241
2712,4096,4106,14851,1227
2713,4096,4106,6731,1247
2714,4096,4106,14890,1227
2715,4096,4106,14960,1227
2716,4096,4106,14815,1232
2717,4096,4106,14982,1251
2718,4096,4106,14911,1236
2719,4096,4106,14729,1239
2720,4096,4106,14761,1236
2721,4096,4106,14868,1237
2722,4096,4106,31599,1338
2723,4096,4106,15763,1315
2724,4096,884,28037,9889
2725,4096,4106,16002,1335
2726,4096,4106,16069,1324
2727,4096,4106,15999,1318
2728,4096,4106,16209,1312
2729,4096,4106,15979,1317
2730,4096,4106,15988,1338
2731,4096,4106,15966,1316
2732,4096,4106,15995,1352
2733,4096,4106,16024,1322
2734,4096,4106,16026,1318
2735,4096,4106,15910,1318
2736,4096,4106,16041,1324
2737,4096,4106,15895,1325
2738,4096,2205,32123,12567
2739,4096,4106,15909,1314
2740,4096,4106,16129,1314
2741,4096,4106,16108,1321
2742,4096,4106,15921,1322
2743,4096,4106,16055,1312
2744,4096,4106,16131,1320
2745,4096,4016,25969,3019
2746,4096,4106,16217,1315
2747,4096,4106,15951,1330
2748,4096,4106,15983,1324
2749,4096,4106,15972,1329
2750,4096,4106,16030,1311
2751,4096,4106,15918,1329
2752,4096,4106,15860,1314
2753,4096,4106,15868,1336
2754,4096,4106,15962,1312
2755,4096,4106,15923,1317
2756,4096,4106,15994,1318
2757,4096,4106,15989,1317
2758,4096,4106,15854,1330
2759,4096,4106,15953,1315
2760,4096,4106,15958,1337
2761,4096,4106,15877,1312
2762,4096,4106,15899,1310
2763,4096,4106,15948,1315
2764,4096,4106,15881,1334
2765,4096,366,18480,10259
2766,4096,4106,16267,1313
2767,4096,4106,15994,1315
2768,4096,4106,15858,1319
2769,4096,4106,15717,1319
2770,4096,4106,15927,1311
2771,4096,4106,15852,1325
2772,4096,4106,15662,1310
2773,4096,2002,15752,6467
2774,4096,4106,15875,1313
2775,4096,4106,15953,1329
2776,4096,4106,16002,1313
2777,4096,4106,15903,1341
2778,4096,4106,15970,1316
2779,4096,4106,15908,1322
2780,4096,4106,15718,1307
2781,4096,4106,15849,1316
2782,4096,4106,15880,1320
2783,4096,4106,15863,1325
2784,4096,4106,15805,1315
2785,4096,4106,15871,1328
2786,4096,4106,15866,1315
2787,4096,4106,17037,1325
2788,4096,4106,15925,1327
2789,4096,4106,15864,1316
2790,4096,4106,16114,1317
2791,4096,4106,15886,1327
2792,4096,4106,15861,1322
2793,4096,3617,18485,7813
2794,4096,3753,16185,7723
2795,4096,1035,29264,13780
2796,4096,4106,16022,1349
2797,4096,4106,15922,1321
2798,4096,381,16544,5392
2799,4096,419,17879,6192
2800,4096,417,18104,6296
2801,4096,4106,16117,1336
2802,4096,944,29261,13885
2803,4096,873,26372,12426
2804,4096,4106,16326,1347
2805,4096,345,16821,6088
2806,4096,4106,16434,1332
2807,4096,4106,16013,1333
2808,4096,4106,15999,1320
2809,4096,3005,16757,7143
2810,4096,419,17468,5799
2811,4096,4106,15856,1335
2812,4096,1505,27479,11781
2813,4096,1460,26963,11472
2814,4096,1103,30413,13758
2815,4096,387,17252,6023
2816,4096,1505,26897,11331
2817,4096,587,21761,7555
2818,4096,4106,16447,1355
2819,4096,4106,16400,1365
2820,4096,4106,16414,1339
2821,4096,473,18735,6427
2822,4096,4106,16123,1342
2823,4096,4106,16015,1313
2824,4096,4106,15691,1328
2825,4096,4106,16117,1328
2826,4096,4106,15952,1317
2827,4096,4106,16135,1314
2828,4096,442,19122,6919
2829,4096,4106,16026,1314
2830,4096,4106,15944,1331
2831,4096,4106,16020,1320
2832,4096,4106,15935,1310
2833,4096,4106,16136,1323
2834,4096,514,19265,6590
2835,4096,4106,15881,1328
2836,4096,4106,15992,1314
2837,4096,4106,15934,1320
2838,4096,3852,16307,7857
2839,4096,4106,16065,1327
2840,4096,4106,16023,1319
2841,4096,1285,28448,12824
2842,4096,4106,16184,1316
2843,4096,4106,15980,1326
2844,4096,4106,15907,1317
2845,4096,4106,15852,1328
2846,4096,3876,16134,7736
2847,4096,765,22448,10215
2848,4096,496,19003,6599
2849,4096,4106,15962,1334
2850,4096,4106,16140,1336
2851,4096,754,21067,9950
2852,4096,4106,16076,1329
2853,4096,4106,15873,1330
2854,4096,4106,16015,1311
2855,4096,1189,24398,10825
2856,4096,428,19322,6731
2857,4096,413,19440,6107
2858,4096,4106,16174,1336
2859,4096,4106,15994,1333
2860,4096,4106,15753,1326
2861,4096,1078,14256,5758
2862,4096,433,17549,6118
2863,4096,679,22114,10737
2864,4096,4106,16090,1335
2865,4096,3838,16178,7665
2866,4096,4106,16059,1343
2867,4096,4106,16100,1320
2868,4096,310,15628,7879
2869,4096,2928,17940,6908
2870,4096,4106,16311,1341
2871,4096,426,18209,6446
2872,4096,3864,16368,7579
2873,4096,4106,16009,1328
2874,4096,4106,15977,1316
2875,4096,4106,15964,1316
2876,4096,830,25301,9102
2877,4096,4106,16109,1345
2878,4096,537,19645,9530
2879,4096,4106,15995,1328
2880,4096,4106,15875,1346
2881,4096,4106,15900,1310
2882,4096,4106,16132,1337
2883,4096,494,18489,6424
2884,4096,3858,16325,7632
2885,4096,4106,15995,1359
2886,4096,1090,27705,10295
2887,4096,4106,16003,1338
2888,4096,4106,16010,1311
2889,4096,4106,15978,1332
2890,4096,4106,16149,1345
2891,4096,4106,16101,1345
2892,4096,4106,15864,1336
2893,4096,426,18219,6439
2894,4096,4106,15940,1359
2895,4096,681,24204,8547
2896,4096,4106,16419,1339
2897,4096,4106,16082,1320
2898,4096,4106,16138,1321
2899,4096,684,22084,7823
2900,4096,4106,15770,1318
2901,4096,4106,15916,1313
2902,4096,4106,15986,1325
2903,4096,4106,15974,1316
2904,4096,4106,15909,1312
2905,4096,4106,15866,1319
2906,4096,4106,16000,1318
2907,4096,590,20711,10582
2908,4096,4106,16065,1311
2909,4096,4106,15881,1334
2910,4096,4106,15877,1327
2911,4096,3875,16091,7706
2912,4096,4106,15997,1332
2913,4096,4106,15907,1315
2914,4096,4106,15926,1323
2915,4096,439,17125,5927
2916,4096,4106,15843,1326
2917,4096,1058,25792,11878
2918,4096,128,10802,5579
2919,4096,442,17874,9492
2920,4096,4106,15826,1339
2921,4096,4106,15904,1317
2922,4096,545,20105,7136
2923,4096,1083,28814,13453
2924,4096,4106,16159,1342
2925,4096,369,16454,5822
2926,4096,573,19618,6837
2927,4096,4106,16055,1331
2928,4096,4106,16235,1320
2929,4096,4106,15976,1323
2930,4096,4106,16060,1317
2931,4096,4106,17517,1345
2932,4096,4106,15900,1321
2933,4096,4106,16171,1317
2934,4096,397,17133,5952
2935,4096,3861,16391,7747
2936,4096,496,18829,6401
2937,4096,4106,16015,1353
2938,4096,657,21590,10625
2939,4096,4106,16171,1353
2940,4096,4106,15992,1316
2941,4096,4106,15938,1314
2942,4096,3781,15711,7697
