1,4096,34,43845,18407
2,4096,503,15456,8281
3,4096,740,22669,11139
4,4096,103,8372,9852
5,4096,1649,37060,14510
6,4096,870,25568,12110
7,4096,1178,33868,13173
8,4096,1101,29471,12803
9,4096,1216,29199,10992
10,4096,2132,35189,14949
11,4096,2110,46281,16307
12,4096,1820,48454,13395
13,4096,1883,41104,12425
14,4096,2667,60907,12738
15,4096,1331,36876,12060
16,4096,394,15757,8358
17,4096,491,15260,7683
18,4096,740,22138,10517
19,4096,1131,26319,11459
20,4096,1220,32018,8311
21,4096,1606,40411,13797
22,4096,812,23602,9679
23,4096,1181,34596,11742
24,4096,630,18314,6868
25,4096,1137,34946,13395
26,4096,1952,28156,18116
27,4096,2379,45817,11534
28,4096,1522,40776,11656
29,4096,1099,26261,8185
30,4096,919,26439,11097
31,4096,293,12349,8333
32,4096,1626,39873,11704
33,4096,1896,48103,13103
34,4096,84,7703,6460
35,4096,1271,36134,12092
36,4096,1603,43871,16647
37,4096,944,25235,9887
38,4096,811,24742,10048
39,4096,4114,11280,4245
40,4096,4114,11020,3963
41,4096,4112,15388,4691
42,4096,4114,10930,3898
43,4096,4114,10854,3765
44,4096,4114,10889,3744
45,4096,4114,10840,3749
46,4096,4114,10848,3730
47,4096,4114,10901,3663
48,4096,4114,10938,3690
49,4096,4114,10821,3689
50,4096,4114,10833,3681
51,4096,4114,10897,3692
52,4096,4114,10874,3681
53,4096,4114,10861,3701
54,4096,4114,10952,3676
55,4096,4114,10824,3704
56,4096,4114,10930,3762
57,4096,4114,10928,3737
58,4096,4114,10847,3726
59,4096,4114,10870,3735
60,4096,4114,10892,3737
61,4096,4114,10886,3733
62,4096,4114,10896,3750
63,4096,4114,10904,3756
64,4096,4114,10936,3747
65,4096,4114,10897,3683
66,4096,4114,10837,5668
67,4096,4114,10855,3698
68,4096,4114,10833,3677
69,4096,4114,10871,3682
70,4096,4114,10934,3705
71,4096,4114,10877,3765
72,4096,4114,10833,3734
73,4096,2088,12634,5537
74,4096,4114,10864,3728
75,4096,4114,10885,3684
76,4096,4114,10874,3697
77,4096,4114,10836,3704
78,4096,4114,10869,3678
79,4096,3534,54623,10114
80,4096,4114,10881,3660
81,4096,4114,10857,3681
82,4096,674,23198,10896
83,4096,4114,10922,3781
84,4096,4114,10910,3695
85,4096,4114,10882,3761
86,4096,4114,10920,3693
87,4096,4114,10866,3708
88,4096,4114,10921,3691
89,4096,4114,10872,3675
90,4096,4114,7320,2457
91,4096,4114,7218,2468
92,4096,4114,7255,2459
93,4096,4114,7240,2466
94,4096,4114,7240,2458
95,4096,4114,7257,2464
96,4096,2094,8377,4649
97,4096,4114,7217,2466
98,4096,4114,7411,2451
99,4096,4114,7272,2456
100,4096,4114,7347,2461
101,4096,4114,7291,2460
102,4096,4114,7274,2467
103,4096,4114,7259,2475
104,4096,4114,7226,2470
105,4096,4114,7205,2461
106,4096,745,16084,6774
107,4096,4114,7220,2497
108,4096,2088,8174,3026
109,4096,4114,7262,2459
110,4096,4114,7248,2458
111,4096,4114,7244,2458
112,4096,4114,7225,2461
113,4096,4114,7239,2453
114,4096,4114,7277,2468
115,4096,4114,7297,2454
116,4096,4114,7237,2456
117,4096,3172,7326,4190
118,4096,4114,7237,2467
119,4096,4114,7284,2455
120,4096,4114,7254,2477
121,4096,4114,7210,2462
122,4096,4114,7222,2461
123,4096,4114,7243,2452
124,4096,4114,7212,2457
125,4096,4114,7252,2454
126,4096,4114,7261,2463
127,4096,4114,7245,2457
128,4096,3172,7207,4073
129,4096,4114,7232,2486
130,4096,4114,7225,2497
131,4096,4015,13493,3698
132,4096,4114,7284,2479
133,4096,4114,7226,2499
134,4096,4114,7192,2471
135,4096,4114,7250,2468
136,4096,4114,7237,2461
137,4096,4114,7229,2477
138,4096,4114,7229,2463
139,4096,4114,7225,2461
140,4096,4114,7208,2461
141,4096,4114,7278,2466
142,4096,4114,7210,1827
143,4096,4114,7259,2486
144,4096,4114,7281,2463
145,4096,4114,7292,2465
146,4096,4114,7255,2472
147,4096,4114,7246,2464
148,4096,4114,7237,2459
149,4096,4114,7270,2466
150,4096,4114,7299,2458
151,4096,4114,7294,2455
152,4096,4114,7254,2481
153,4096,4114,7240,2453
154,4096,1046,21186,8204
155,4096,4114,7237,2500
156,4096,4114,7215,2484
157,4096,4106,9917,3335
158,4096,4114,7252,2512
159,4096,4114,7269,2453
160,4096,4114,7230,2469
161,4096,4114,7258,2466
162,4096,616,13690,6440
163,4096,4114,7275,2461
164,4096,4114,7284,2456
165,4096,614,14714,5992
166,4096,4114,7245,2465
167,4096,4114,7259,2451
168,4096,4114,7212,2459
169,4096,4114,7304,2452
170,4096,544,12260,5402
171,4096,4114,7310,2472
172,4096,4114,7210,2477
173,4096,4114,7362,2542
174,4096,4114,7322,2472
175,4096,4114,7265,2482
176,4096,4114,7279,2468
177,4096,4114,7291,2472
178,4096,4114,7268,2467
179,4096,4114,7243,2475
180,4096,4114,7273,2448
181,4096,4114,7242,2452
182,4096,4114,7253,2474
183,4096,619,15972,7040
184,4096,4114,7248,2456
185,4096,4114,7259,2467
186,4096,4114,7258,2482
187,4096,4114,7198,2462
188,4096,4114,7234,2472
189,4096,4114,7223,2471
190,4096,4114,7220,2468
191,4096,4114,7229,2468
192,4096,4114,7219,2448
193,4096,4114,7224,2464
194,4096,4114,7238,2460
195,4096,574,13729,5778
196,4096,4114,7227,2470
197,4096,4114,7264,2474
198,4096,4114,7238,2446
199,4096,4114,7199,2460
200,4096,4114,7214,2460
201,4096,4114,7226,2445
202,4096,4114,7219,2462
203,4096,4114,7217,2455
204,4096,4114,7208,2459
205,4096,1124,6661,3692
206,4096,4114,7244,2474
207,4096,4114,7255,2471
208,4096,4114,7227,2473
209,4096,4114,7205,2460
210,4096,4114,7235,2483
211,4096,4114,7242,2472
212,4096,4114,7240,2482
213,4096,4114,7206,2468
214,4096,4114,7236,2466
215,4096,4114,7215,2497
216,4096,4114,7251,2484
217,4096,4114,7208,2474
218,4096,4114,7222,2466
219,4096,4114,7222,2466
220,4096,4114,7226,2461
221,4096,4114,7262,2458
222,4096,4114,7219,2461
223,4096,4114,7226,2468
224,4096,4114,7214,2469
225,4096,3221,37336,7322
226,4096,4114,7268,2463
227,4096,4114,8332,2450
228,4096,4114,7280,2469
229,4096,4114,7228,2463
230,4096,4114,7239,2491
231,4096,4114,7251,2480
232,4096,4114,7223,2459
233,4096,4114,7285,2495
234,4096,4114,7239,2484
235,4096,4114,7252,2483
236,4096,4114,7233,2462
237,4096,3172,7445,4203
238,4096,4114,7241,2459
239,4096,4114,7230,2466
240,4096,4114,7240,2452
241,4096,4114,7226,2461
242,4096,4114,7244,2455
243,4096,4114,7260,2454
244,4096,728,16034,6322
245,4096,4114,7219,2466
246,4096,4114,7256,2456
247,4096,4114,7237,2472
248,4096,4114,7163,2473
249,4096,4114,7201,2461
250,4096,4114,7228,2473
251,4096,594,13590,6079
252,4096,4114,7255,2458
253,4096,4114,7219,2457
254,4096,4114,7213,2461
255,4096,4114,7245,2446
256,4096,4114,7207,2460
257,4096,4114,7223,2468
258,4096,4114,7275,2476
259,4096,4114,7195,2470
260,4096,4114,7181,2479
261,4096,4114,7230,2468
262,4096,4114,7239,2460
263,4096,4114,7274,2468
264,4096,4114,7269,2453
265,4096,549,10068,5410
266,4096,4114,7219,2459
267,4096,4114,7251,2486
268,4096,4114,7256,2475
269,4096,4114,7229,2466
270,4096,4114,7261,2481
271,4096,4114,7255,2469
272,4096,4114,7375,2487
273,4096,4114,7245,2461
274,4096,4114,7213,2523
275,4096,4083,11080,3117
276,4096,4114,7279,2477
277,4096,4114,7254,2471
278,4096,4114,7237,2476
279,4096,4114,7237,2477
280,4096,4114,7226,2454
281,4096,4114,7232,2493
282,4096,4114,7190,2457
283,4096,4114,7244,2471
284,4096,4114,7201,2464
285,4096,4114,7220,2459
286,4096,4114,7232,2472
287,4096,4114,7262,2456
288,4096,4114,7217,2477
289,4096,4114,7229,2444
290,4096,4114,7172,2470
291,4096,4114,7177,2446
292,4096,4114,7175,2458
293,4096,1359,24156,8692
294,4096,4114,7272,2474
295,4096,570,12489,5807
296,4096,4114,7237,2466
297,4096,4114,7243,2453
298,4096,4114,7210,2464
299,4096,859,17683,7078
300,4096,4114,7342,2485
301,4096,4114,7209,2474
302,4096,1120,6101,7431
303,4096,4114,7228,2459
304,4096,4114,7236,2455
305,4096,4114,7199,2452
306,4096,3101,8563,3249
307,4096,4114,7243,2480
308,4096,4114,7200,2460
309,4096,4114,7217,2466
310,4096,4114,7204,2463
311,4096,4114,7174,2468
312,4096,4114,7222,2459
313,4096,4114,7248,2455
314,4096,4114,7180,2453
315,4096,4114,7186,2603
316,4096,4114,7246,2465
317,4096,4114,7231,2659
318,4096,4114,7195,2468
319,4096,4114,7212,2467
320,4096,4114,7183,2472
321,4096,4114,7192,2468
322,4096,4114,7181,2472
323,4096,4114,7228,2474
324,4096,848,16550,7085
325,4096,4114,7202,2454
326,4096,4114,7190,2446
327,4096,4114,7169,2458
328,4096,4114,7193,2466
329,4096,4114,7247,2468
330,4096,4114,7245,2460
331,4096,4114,7217,2463
332,4096,4114,7239,2453
333,4096,4114,7204,2466
334,4096,4114,7219,2470
335,4096,4114,7240,2483
336,4096,4114,7203,2483
337,4096,4114,7249,2471
338,4096,4114,7221,2470
339,4096,4114,7293,2472
340,4096,4114,7187,2486
341,4096,4114,7290,2461
342,4096,4114,7200,2461
343,4096,4114,7290,2497
344,4096,592,12616,6284
345,4096,4114,7281,2488
346,4096,4114,7210,2455
347,4096,4114,7223,2450
348,4096,4114,7224,2472
349,4096,4114,7226,2450
350,4096,4114,7239,2475
351,4096,4114,7256,2442
352,4096,4114,7186,2451
353,4096,4114,7225,2466
354,4096,4114,7221,2453
355,4096,4114,7209,2467
356,4096,4114,7195,2464
357,4096,4114,7207,2466
358,4096,4114,7251,2443
359,4096,4114,7249,1492
360,4096,4114,7204,2470
361,4096,4114,7196,2461
362,4096,4114,7184,2448
363,4096,4114,7223,2445
364,4096,4114,7181,2453
365,4096,4114,7236,2450
366,4096,4114,7236,2452
367,4096,4114,7236,2454
368,4096,560,12605,5787
369,4096,4114,7249,2481
370,4096,4114,7190,2478
371,4096,4114,7191,2456
372,4096,4114,7232,2456
373,4096,4114,7195,2466
374,4096,4114,7186,2468
375,4096,4114,7223,2456
376,4096,4114,7218,2452
377,4096,4114,7165,2453
378,4096,4114,7219,2451
379,4096,4114,7270,2450
380,4096,4114,7261,2455
381,4096,4114,7193,2451
382,4096,4114,7256,2452
383,4096,4114,7217,2466
384,4096,4114,7191,2494
385,4096,4114,7215,2452
386,4096,4114,7235,2462
387,4096,4114,7211,2461
388,4096,4114,7226,2473
389,4096,4114,7223,2462
390,4096,4114,7208,2442
391,4096,4114,7180,2448
392,4096,4114,7206,2445
393,4096,4114,7204,2450
394,4096,4114,7203,2447
395,4096,4114,7185,2454
396,4096,4114,7187,2459
397,4096,4114,7191,2499
398,4096,4114,7208,2466
399,4096,4114,7192,2458
400,4096,4114,7191,2452
401,4096,4114,7217,2456
402,4096,4114,7221,2487
403,4096,4114,7210,2466
404,4096,4114,7232,2468
405,4096,4114,7194,1124
406,4096,4114,7282,2469
407,4096,609,11981,5732
408,4096,4114,7279,2455
409,4096,4114,7206,2464
410,4096,4114,7330,2459
411,4096,4114,7176,2450
412,4096,4114,7185,2468
413,4096,4114,7183,2456
414,4096,4114,7166,2456
415,4096,4114,7224,2470
416,4096,4114,7242,2472
417,4096,4114,7232,2457
418,4096,4114,7202,2468
419,4096,4114,7243,2458
420,4096,4114,7203,2462
421,4096,4114,7244,2462
422,4096,4114,7170,2464
423,4096,4114,7222,2459
424,4096,4114,7235,2468
425,4096,4114,7222,2471
426,4096,4114,7191,2493
427,4096,4114,7212,2477
428,4096,4114,7224,2480
429,4096,4114,7215,2488
430,4096,4114,7209,2461
431,4096,4114,7249,2451
432,4096,4114,7180,2457
433,4096,4114,7216,2472
434,4096,4114,7219,2476
435,4096,4114,7250,2471
436,4096,4114,7225,2464
437,4096,4114,7218,2464
438,4096,4114,7216,2465
439,4096,1128,15517,7805
440,4096,4114,7212,2451
441,4096,4114,7196,2465
442,4096,4114,7210,2461
443,4096,4114,7193,2460
444,4096,4114,7208,2461
445,4096,4008,15202,3735
446,4096,4114,7262,2466
447,4096,4114,7242,2456
448,4096,4114,7251,2464
449,4096,4114,7237,2469
450,4096,4114,10074,2466
451,4096,4114,7191,2454
452,4096,4114,7246,2573
453,4096,4114,7212,2462
454,4096,4114,7249,2450
455,4096,533,12472,5430
456,4096,4114,7190,2483
457,4096,4114,7208,2481
458,4096,4114,7209,2463
459,4096,4114,7170,2451
460,4096,4114,7192,2482
461,4096,4114,7201,2460
462,4096,4114,7221,2541
463,4096,1403,25967,10011
464,4096,4114,7258,2459
465,4096,4114,7206,2468
466,4096,4114,7239,2466
467,4096,4114,7243,2455
468,4096,4114,7202,2462
469,4096,4114,7204,2463
470,4096,4114,7200,2467
471,4096,4114,7267,2464
472,4096,4114,7208,2460
473,4096,753,16057,7310
474,4096,4114,7186,2480
475,4096,4114,7188,2466
476,4096,1303,19036,9074
477,4096,153,6056,4948
478,4096,4114,7219,2499
479,4096,4114,7224,2500
480,4096,4114,7197,2459
481,4096,4114,7230,2451
482,4096,4114,7190,2489
483,4096,4114,7179,2463
484,4096,4114,7255,2475
485,4096,3938,15199,3750
486,4096,4114,7242,2460
487,4096,4114,7200,2470
488,4096,862,17105,7153
489,4096,4114,7197,2450
490,4096,4114,7214,2454
491,4096,4114,7182,2452
492,4096,4114,9903,2475
493,4096,4114,7201,2466
494,4096,4114,7272,2481
495,4096,4114,7195,2471
496,4096,4114,7182,2466
497,4096,4114,7233,2459
498,4096,4114,7223,2477
499,4096,4114,7161,2470
500,4096,4114,7201,2475
501,4096,4114,7207,2474
502,4096,4114,7222,2463
503,4096,4114,7203,2457
504,4096,4114,7210,2476
505,4096,4114,7220,2455
506,4096,4114,7219,2454
507,4096,4114,7186,2460
508,4096,4114,7179,2477
509,4096,4114,7191,2457
510,4096,4114,7290,2454
511,4096,4114,7199,2456
512,4096,4114,7201,2457
513,4096,4114,7320,2512
514,4096,4114,7227,2450
515,4096,4114,7193,2457
516,4096,4114,7222,2480
517,4096,4114,7175,2462
518,4096,4114,7195,2477
519,4096,4114,7233,2458
520,4096,4007,14321,3666
521,4096,3937,15701,3787
522,4096,4114,7210,2488
523,4096,4114,7208,2459
524,4096,574,14140,6128
525,4096,4114,7232,2493
526,4096,4114,7232,2451
527,4096,4114,7255,2459
528,4096,4114,7213,2468
529,4096,4114,7227,2480
530,4096,4114,7219,2484
531,4096,594,13458,5735
532,4096,4114,7286,2474
533,4096,4114,7194,2467
534,4096,4114,7248,2477
535,4096,4114,7237,2488
536,4096,4114,7308,2467
537,4096,4114,7259,1090
538,4096,4114,3193,1077
539,4096,4114,3180,1080
540,4096,758,6882,3237
541,4096,4114,3207,1092
542,4096,4114,3171,1085
543,4096,4114,3217,1089
544,4096,4114,3181,1092
545,4096,4114,3182,1082
546,4096,4114,3219,1085
547,4096,4114,3180,1089
548,4096,4114,3173,1083
549,4096,4114,3201,1085
550,4096,3172,3254,1822
551,4096,4114,3213,1087
552,4096,4114,3170,1081
553,4096,4114,3211,1078
554,4096,4114,3188,1081
555,4096,4114,3195,1081
556,4096,4114,3203,1084
557,4096,4114,3193,1081
558,4096,1120,2656,3208
559,4096,4114,3177,1081
560,4096,4114,3186,1085
561,4096,4114,3192,1087
562,4096,4114,3196,1091
563,4096,4114,3186,1086
564,4096,4114,3182,1087
565,4096,4114,3195,1083
566,4096,4114,3199,1076
567,4096,4114,3192,1078
568,4096,4114,3197,1083
569,4096,4114,3183,1084
570,4096,4023,5540,1451
571,4096,4114,3186,1085
572,4096,4114,3195,1086
573,4096,4114,3185,1083
574,4096,4114,3179,1079
575,4096,4114,3202,1073
576,4096,4114,3193,1079
577,4096,4114,3193,1079
578,4096,4114,3192,1086
579,4096,4114,3193,1103
580,4096,4114,3198,1089
581,4096,4114,3182,1087
582,4096,4114,3193,1087
583,4096,4114,3176,1090
584,4096,4114,3195,1076
585,4096,4114,3184,1079
586,4096,4114,3179,1093
587,4096,4114,3170,1078
588,4096,4114,3183,1082
589,4096,4114,3184,1084
590,4096,4114,3195,1085
591,4096,4114,3230,1080
592,4096,4114,3183,1080
593,4096,4114,3200,1078
594,4096,4114,3182,1084
595,4096,4114,3193,1086
596,4096,4114,3199,1099
597,4096,4114,3206,1079
598,4096,4114,3178,1086
599,4096,4114,3188,1080
600,4096,4114,3174,1083
601,4096,4114,3193,1075
602,4096,4114,3182,1076
603,4096,4114,3171,1076
604,4096,775,6498,2855
605,4096,4114,3194,1100
606,4096,4114,3188,1099
607,4096,4114,3195,1099
608,4096,4114,3183,1102
609,4096,4114,3205,1099
610,4096,4114,3202,1096
611,4096,4114,3183,1099
612,4096,4114,3202,1075
613,4096,4114,3178,1084
614,4096,4114,3188,1086
615,4096,4114,3190,1083
616,4096,4114,3191,1084
617,4096,4114,3170,1085
618,4096,4114,3188,1080
619,4096,4114,3192,1084
620,4096,4114,3180,1078
621,4096,4114,3180,1079
622,4096,4114,3181,1081
623,4096,4114,3185,1079
624,4096,4114,3198,1078
625,4096,4114,3182,1077
626,4096,4114,3293,1080
627,4096,4114,3192,1086
628,4096,4114,3186,1076
629,4096,3172,3240,1794
630,4096,4114,3351,1096
631,4096,3101,3817,1393
632,4096,4114,3210,1108
633,4096,4114,3211,1092
634,4096,4114,3195,1086
635,4096,4114,3179,1083
636,4096,560,5464,2276
637,4096,4114,3212,1085
638,4096,4114,3194,1078
639,4096,4114,3190,1074
640,4096,4114,3179,1079
641,4096,4114,3186,1079
642,4096,4114,3189,1083
643,4096,1124,2977,1587
644,4096,4114,3188,1106
645,4096,4114,3177,1087
646,4096,4114,3180,1077
647,4096,4114,3186,1082
648,4096,4114,3184,1077
649,4096,592,5438,2481
650,4096,4114,3211,1089
651,4096,4114,3178,1091
652,4096,4114,3195,1083
653,4096,4114,3195,1073
654,4096,4114,3176,1080
655,4096,4114,3183,1084
656,4096,4114,3167,1079
657,4096,4114,3169,1078
658,4096,1411,9683,3606
659,4096,4114,3189,1082
660,4096,4114,3209,1075
661,4096,4114,3186,1080
662,4096,4114,3196,1084
663,4096,4114,3198,1085
664,4096,4114,3190,1084
665,4096,4114,3201,1096
666,4096,3172,3232,1798
667,4096,4114,3187,1081
668,4096,4114,3196,1082
669,4096,4114,3198,1082
670,4096,4114,3193,1085
671,4096,4114,3205,1080
672,4096,4114,3184,1088
673,4096,3974,13738,3818
674,4096,4114,3230,1082
675,4096,4114,3207,1085
676,4096,4114,3199,1081
677,4096,4114,3190,1082
678,4096,4114,3196,1099
679,4096,4114,3184,1092
680,4096,4114,3184,1086
681,4096,4114,3173,1085
682,4096,4114,3169,1091
683,4096,4114,3179,1089
684,4096,4114,3216,1093
685,4096,4114,3199,1077
686,4096,4114,3188,1084
687,4096,4114,3195,1078
688,4096,4114,3194,1076
689,4096,4114,3179,1084
690,4096,4114,3188,1075
691,4096,4114,3193,1085
692,4096,4114,3185,1075
693,4096,4114,3200,1088
694,4096,4114,3211,1090
695,4096,4114,3194,1083
696,4096,4114,3175,1092
697,4096,4114,3199,1083
698,4096,4114,3198,1088
699,4096,4114,3185,1080
700,4096,4114,3194,1081
701,4096,4114,3183,1083
702,4096,4114,3179,1083
703,4096,4114,3206,1084
704,4096,4114,3199,1081
705,4096,4114,3190,1082
706,4096,4114,3188,1085
707,4096,4114,3190,1082
708,4096,4114,3180,1080
709,4096,4114,3209,1087
710,4096,4114,3195,1079
711,4096,4114,3184,1076
712,4096,4114,3206,1084
713,4096,4114,3172,1078
714,4096,4114,3200,1079
715,4096,4114,3195,1080
716,4096,4114,3191,3548
717,4096,4114,3239,1087
718,4096,4114,3189,1085
719,4096,4114,3188,1079
720,4096,4114,3184,1082
721,4096,4114,3189,1084
722,4096,607,5786,2591
723,4096,4114,3183,1100
724,4096,4114,3198,1100
725,4096,4114,3205,1099
726,4096,4114,3176,1089
727,4096,4114,3175,1077
728,4096,4114,3176,1080
729,4096,4114,3174,1084
730,4096,4114,3168,1078
731,4096,4114,3170,1096
732,4096,4114,3192,1077
733,4096,4114,3168,1080
734,4096,4114,3185,1083
735,4096,4114,3191,1085
736,4096,4114,3173,1082
737,4096,4114,3161,1084
738,4096,4114,3185,1089
739,4096,4114,3187,1080
740,4096,4114,3187,1077
741,4096,575,5129,2343
742,4096,4114,3203,1098
743,4096,4114,3160,1103
744,4096,4114,3171,1080
745,4096,4114,3185,1081
746,4096,4114,3188,1078
747,4096,589,6020,2604
748,4096,4114,3181,1096
749,4096,4114,3187,1097
750,4096,4114,3161,1088
751,4096,4114,3186,1079
752,4096,4114,3183,1085
753,4096,4114,3184,1096
754,4096,4114,3173,1081
755,4096,4114,3179,1089
756,4096,4114,3176,1083
757,4096,4114,3234,1083
758,4096,1124,2927,1585
759,4096,4114,3183,1080
760,4096,4114,3195,1090
761,4096,4114,3203,1095
762,4096,4114,3163,1104
763,4096,4114,3192,1094
764,4096,4114,3169,1084
765,4096,4114,3170,1086
766,4096,4114,3193,1084
767,4096,4114,3172,1086
768,4096,4114,3172,1089
769,4096,4114,3179,1078
770,4096,4114,3172,1077
771,4096,4114,3182,1088
772,4096,4114,3168,1092
773,4096,4114,3177,1084
774,4096,4114,3190,1086
775,4096,4114,3183,1076
776,4096,4114,3174,1083
777,4096,4114,3170,1082
778,4096,4114,3177,1077
779,4096,4114,3162,1087
780,4096,4114,3163,1080
781,4096,855,7484,3142
782,4096,4114,3181,1087
783,4096,4114,3193,1077
784,4096,4114,3159,1079
785,4096,4114,3164,1083
786,4096,4114,3191,1076
787,4096,4114,3187,1075
788,4096,4114,3181,1090
789,4096,4114,3179,1085
790,4096,4114,3165,1096
791,4096,4114,3183,1094
792,4096,4114,3159,1099
793,4096,4114,3182,1096
794,4096,4114,3162,1089
795,4096,4114,3188,1085
796,4096,4114,3170,1076
797,4096,4114,3166,1080
798,4096,4114,3156,1086
799,4096,4114,3175,1079
800,4096,4114,3175,1080
801,4096,4114,3180,1081
802,4096,4114,3162,1078
803,4096,4114,3169,1076
804,4096,4114,3164,1084
805,4096,865,6648,2743
806,4096,4114,3183,1079
807,4096,4114,3164,1094
808,4096,4114,3159,1078
809,4096,4114,3155,1080
810,4096,4114,4527,1077
811,4096,4114,3186,1098
812,4096,4114,3159,1107
813,4096,4114,3168,1096
814,4096,4114,3163,1099
815,4096,4114,3164,1086
816,4096,4114,3165,1080
817,4096,4114,3157,1096
818,4096,4114,3161,1080
819,4096,4114,3157,1082
820,4096,4114,3162,1080
821,4096,4114,3174,1074
822,4096,4114,3140,1100
823,4096,4114,3145,1080
824,4096,4114,3159,1090
825,4096,776,7655,3790
826,4096,4114,3163,1101
827,4096,4114,3178,1093
828,4096,4114,3139,1099
829,4096,4114,3169,1085
830,4096,4114,3148,1100
831,4096,4114,3156,1074
832,4096,4114,3150,1087
833,4096,4114,3170,1080
834,4096,4114,3146,1080
835,4096,4114,3159,1081
836,4096,4114,3150,1091
837,4096,4114,3180,1074
838,4096,4114,3163,1083
839,4096,4114,3162,1080
840,4096,4114,3147,1092
841,4096,4114,3146,1087
842,4096,4114,3152,1082
843,4096,4114,3169,1084
844,4096,4114,3173,1093
845,4096,4114,3149,1101
846,4096,4114,3137,1092
847,4096,4114,3162,1084
848,4096,4114,3146,1091
849,4096,4114,3140,1094
850,4096,4114,3143,1091
851,4096,4114,3162,1082
852,4096,1544,10773,3900
853,4096,4114,3168,1103
854,4096,4114,3144,1100
855,4096,4114,3189,1120
856,4096,4114,3153,1101
857,4096,4114,3150,1098
858,4096,4114,3148,1076
859,4096,4114,3157,1076
860,4096,4114,3130,1079
861,4096,4114,3135,1080
862,4096,4114,3137,1082
863,4096,4114,3151,1084
864,4096,640,6177,2639
865,4096,4114,3180,1080
866,4096,4114,3150,1083
867,4096,4114,3139,1098
868,4096,4114,3144,1086
869,4096,4114,3147,1075
870,4096,4114,3145,1089
871,4096,4114,3140,1081
872,4096,4114,3159,1085
873,4096,4114,3126,1078
874,4096,4114,3151,1082
875,4096,4114,3139,1077
876,4096,4114,3136,1083
877,4096,4105,3942,1247
878,4096,4114,3147,1103
879,4096,829,6922,2909
880,4096,4114,3145,1080
881,4096,4114,3154,1080
882,4096,4114,3156,1079
883,4096,4114,3140,1089
884,4096,4114,3151,1093
885,4096,4114,3142,1097
886,4096,4114,3141,1093
887,4096,4114,3151,1100
888,4096,4114,3146,1093
889,4096,4114,3153,1100
890,4096,4114,3147,1082
891,4096,4114,3147,1086
892,4096,4114,3138,1079
893,4096,4114,3171,1088
894,4096,4114,3122,1084
895,4096,4114,3147,1081
896,4096,4114,3148,1082
897,4096,4114,3161,1084
898,4096,4114,3143,1092
899,4096,4114,3146,1095
900,4096,4114,3132,1088
901,4096,4114,3152,1089
902,4096,4114,3352,1095
903,4096,4114,3146,1081
904,4096,4114,3155,1074
905,4096,4114,3144,1091
906,4096,4114,3245,1083
907,4096,4114,3160,1082
908,4096,4114,3235,1079
909,4096,4114,3137,1137
910,4096,4114,3128,1083
911,4096,4114,3157,1088
912,4096,4114,3140,1089
913,4096,4114,3145,1086
914,4096,4114,3157,1092
915,4096,4114,3149,1098
916,4096,4114,3160,1092
917,4096,4114,3158,1088
918,4096,4114,3177,1086
919,4096,4114,3147,1086
920,4096,4114,3146,1082
921,4096,4114,3166,1083
922,4096,4114,3147,1083
923,4096,4114,3158,1084
924,4096,4114,3132,1082
925,4096,4114,3145,1080
926,4096,4114,3166,1093
927,4096,4114,3149,1081
928,4096,4114,3140,1091
929,4096,4114,3145,1076
930,4096,4114,3143,1081
931,4096,4114,3148,1075
932,4096,4114,3127,1088
933,4096,4114,3158,1084
934,4096,4114,3133,1086
935,4096,4114,3180,1086
936,4096,4114,3131,1085
937,4096,4114,3140,1090
938,4096,4114,3144,1083
939,4096,4114,3151,1088
940,4096,4114,3156,1091
941,4096,4114,3144,1075
942,4096,4114,3167,1079
943,4096,4114,3155,1084
944,4096,4114,3143,1072
945,4096,4114,3139,1083
946,4096,4114,3159,1081
947,4096,4114,3157,1077
948,4096,4114,3144,1077
949,4096,4114,3146,1085
950,4096,4113,4244,1226
951,4096,4114,3161,1098
952,4096,4114,3142,1081
953,4096,4114,3138,1078
954,4096,4114,3187,1082
955,4096,3960,6485,1600
956,4096,4114,3155,1085
957,4096,4114,3146,1089
958,4096,4114,3142,1091
959,4096,2569,9413,5807
960,4096,4114,3145,1080
961,4096,4114,3153,1082
962,4096,4114,3130,1079
963,4096,4114,3138,1077
964,4096,4114,3168,1098
965,4096,4114,3138,1085
966,4096,4114,3142,1094
967,4096,4114,3140,1079
968,4096,4114,3130,1083
969,4096,4114,3128,1085
970,4096,4114,3152,1090
971,4096,4114,3143,1101
972,4096,4114,3136,1088
973,4096,4114,3147,1084
974,4096,566,5678,2308
975,4096,4114,3149,1083
976,4096,4114,3135,1077
977,4096,4114,3150,1078
978,4096,4114,3146,1083
979,4096,4114,3158,1080
980,4096,4114,3177,1078
981,4096,4114,3148,1097
982,4096,4114,3162,1098
983,4096,4114,3153,1106
984,4096,4114,3155,1097
985,4096,4114,3125,1098
986,4096,823,7019,3018
987,4096,4114,3152,1081
988,4096,4114,3147,1075
989,4096,4114,3140,1086
990,4096,4114,3145,1083
991,4096,4114,3151,1085
992,4096,4114,3153,1082
993,4096,3172,3257,1809
994,4096,4114,3133,1101
995,4096,4114,4392,1095
996,4096,4114,3137,1085
997,4096,4112,5038,1329
998,4096,4114,3140,1096
999,4096,589,5516,2382
1000,4096,4114,3160,1107
1001,4096,4114,3114,1091
1002,4096,4114,3135,1099
1003,4096,4114,3119,1095
1004,4096,4114,3126,1099
1005,4096,4114,3130,1080
1006,4096,4114,3127,1083
1007,4096,4114,3131,1076
1008,4096,4114,3133,1092
1009,4096,4114,3129,1082
1010,4096,4114,3144,1087
1011,4096,4114,3132,1077
1012,4096,4114,3135,1088
1013,4096,4114,3148,1082
1014,4096,4114,3151,1099
1015,4096,4114,3144,1092
1016,4096,4114,3130,1097
1017,4096,4114,3137,1079
1018,4096,4114,3126,1083
1019,4096,4114,3124,1080
1020,4096,1120,2611,3196
1021,4096,4114,3121,1112
1022,4096,4114,3141,1098
1023,4096,4114,3142,1098
1024,4096,4114,3128,1101
1025,4096,674,6329,3679
1026,4096,4114,3134,1085
1027,4096,4114,3134,1082
1028,4096,4114,3151,1272
1029,4096,717,6422,3124
1030,4096,4114,3134,1105
1031,4096,4114,3133,1093
1032,4096,4114,3131,1099
1033,4096,4114,3127,1096
1034,4096,4114,3138,1084
1035,4096,4114,3116,1078
1036,4096,4114,3135,1089
1037,4096,4114,3128,1086
1038,4096,4114,3140,1090
1039,4096,4114,3141,1084
1040,4096,4114,3132,1082
1041,4096,4114,3139,1079
1042,4096,4114,3144,1072
1043,4096,4114,3133,1093
1044,4096,4114,3124,1086
1045,4096,4114,3125,1080
1046,4096,4114,3132,1103
1047,4096,4114,3137,1098
1048,4096,4114,3112,1081
1049,4096,4114,3121,1078
1050,4096,4114,3133,1088
1051,4096,4114,3154,1077
1052,4096,4114,3111,1079
1053,4096,4114,3123,1085
1054,4096,4114,3133,1078
1055,4096,4114,3129,1079
1056,4096,4114,3129,1076
1057,4096,4114,3137,1078
1058,4096,4114,3125,1081
1059,4096,4114,3124,1095
1060,4096,4114,3116,1099
1061,4096,4114,3137,1095
1062,4096,4114,3120,1098
1063,4096,488,5117,2932
1064,4096,1713,10609,4721
1065,4096,4114,3110,1081
1066,4096,4114,3130,1081
1067,4096,4114,3147,1082
1068,4096,4114,3139,1085
1069,4096,4114,3130,1085
1070,4096,4114,3124,1080
1071,4096,4114,3136,1092
1072,4096,4114,3126,1084
1073,4096,4114,3135,1077
1074,4096,4114,3139,1082
1075,4096,4114,3117,1078
1076,4096,4114,3136,1090
1077,4096,4114,3131,1101
1078,4096,4114,3132,1098
1079,4096,4114,3145,1098
1080,4096,4114,3133,1082
1081,4096,4114,3128,1081
1082,4096,4114,3130,1080
1083,4096,4114,3128,1085
1084,4096,4114,3152,1080
1085,4096,4114,3126,1080
1086,4096,4114,3145,1088
1087,4096,4114,3213,1105
1088,4096,4114,3133,1082
1089,4096,4114,3134,1084
1090,4096,4114,3131,1085
1091,4096,4114,3123,1083
1092,4096,4114,3123,1084
1093,4096,4114,3120,1078
1094,4096,4114,3140,1078
1095,4096,4114,3121,1084
1096,4096,4114,3130,1085
1097,4096,4114,3133,1090
1098,4096,4114,3149,1092
1099,4096,4114,3115,1091
1100,4096,4114,3127,1106
1101,4096,4114,3124,1094
1102,4096,4114,3137,1089
1103,4096,4114,3139,1076
1104,4096,4114,3124,1084
1105,4096,4099,4115,1228
1106,4096,4114,3146,1083
1107,4096,4114,3127,1082
1108,4096,4114,3139,1082
1109,4096,4114,3147,1081
1110,4096,854,8177,3299
1111,4096,4114,3143,1079
1112,4096,4114,3111,1083
1113,4096,4114,3118,1088
1114,4096,4114,3121,1082
1115,4096,4114,3129,1090
1116,4096,4114,3134,1085
1117,4096,4114,3126,1087
1118,4096,771,7000,2858
1119,4096,4114,3126,1087
1120,4096,4114,3119,1097
1121,4096,4114,3145,1096
1122,4096,4114,3122,1099
1123,4096,4114,3144,1088
1124,4096,4114,3122,1075
1125,4096,3172,3196,1803
1126,4096,4114,3134,1108
1127,4096,4114,3151,1083
1128,4096,4114,3115,1084
1129,4096,4114,3137,1100
1130,4096,4114,3131,1084
1131,4096,4114,3123,1099
1132,4096,4114,3119,1089
1133,4096,4114,3135,1096
1134,4096,4114,3124,1087
1135,4096,4114,3141,1088
1136,4096,4114,3136,1079
1137,4096,4114,3117,1082
1138,4096,4114,3121,1086
1139,4096,4114,3122,1076
1140,4096,4114,3135,1084
1141,4096,4114,3134,1079
1142,4096,587,5585,2840
1143,4096,4114,3124,1095
1144,4096,4114,3150,1097
1145,4096,4114,3126,1105
1146,4096,4114,3136,1097
1147,4096,4114,3124,1078
1148,4096,4114,3115,1085
1149,4096,4114,3122,1079
1150,4096,4114,3116,1082
1151,4096,4114,3130,1083
1152,4096,4114,3137,1088
1153,4096,4114,3118,1084
1154,4096,4114,3121,1080
1155,4096,4114,3109,1083
1156,4096,4114,3146,1085
1157,4096,4114,3104,1083
1158,4096,4114,3132,1086
1159,4096,4114,3111,1089
1160,4096,4114,3136,1077
1161,4096,4114,3106,1083
1162,4096,4114,3140,1080
1163,4096,4114,3133,1100
1164,4096,160,2786,1843
1165,4096,4114,3132,1075
1166,4096,4114,3142,1076
1167,4096,4114,3135,1097
1168,4096,1120,2604,3180
1169,4096,4114,3124,1084
1170,4096,4114,3145,1094
1171,4096,4114,3127,1090
1172,4096,4114,3138,1087
1173,4096,4114,3119,1080
1174,4096,4114,3131,1084
1175,4096,4114,3130,1083
1176,4096,4114,3129,1084
1177,4096,4114,3136,1084
1178,4096,4114,3128,1085
1179,4096,4114,3118,1077
1180,4096,4114,3131,1089
1181,4096,4114,3204,1093
1182,4096,536,5445,2553
1183,4096,4114,3120,1080
1184,4096,4114,3121,1076
1185,4096,4114,3131,1080
1186,4096,4114,3108,1088
1187,4096,4114,3126,1093
1188,4096,4114,3134,1091
1189,4096,3101,3766,1428
1190,4096,864,7459,3159
1191,4096,4114,3132,1104
1192,4096,4114,3114,1094
1193,4096,4114,3130,1079
1194,4096,4114,3126,1075
1195,4096,4114,3129,1078
1196,4096,4114,3116,1084
1197,4096,4114,3149,1074
1198,4096,4114,3128,1077
1199,4096,4114,3136,1079
1200,4096,4114,3134,1081
1201,4096,4114,3119,1078
1202,4096,4114,3124,1083
1203,4096,4114,3137,1076
1204,4096,4114,3159,1072
1205,4096,4114,3137,1076
1206,4096,579,5535,2547
1207,4096,4114,3147,1084
1208,4096,4114,3133,1077
1209,4096,613,5386,2670
1210,4096,4114,3121,1096
1211,4096,4114,3133,1104
1212,4096,4114,3123,1090
1213,4096,4114,3156,1094
1214,4096,4114,3135,1101
1215,4096,4114,3142,1095
1216,4096,4114,3123,1094
1217,4096,4114,3135,1078
1218,4096,4114,3133,1080
1219,4096,4114,3137,1083
1220,4096,4114,3128,1078
1221,4096,4114,3133,1083
1222,4096,4114,3122,1088
1223,4096,4114,3143,1080
1224,4096,4114,3124,1082
1225,4096,4114,3137,1081
1226,4096,4114,3123,1080
1227,4096,4114,3144,1080
1228,4096,4114,3125,1078
1229,4096,4114,3116,1081
1230,4096,4114,3140,1081
1231,4096,4114,3134,1082
1232,4096,4114,3126,1099
1233,4096,4114,3137,1074
1234,4096,4114,3120,1093
1235,4096,4114,3130,1089
1236,4096,4114,3130,1100
1237,4096,4114,3134,1099
1238,4096,4114,3129,1102
1239,4096,4114,3122,1083
1240,4096,4114,3108,1074
1241,4096,4114,3128,1083
1242,4096,3704,13963,2916
1243,4096,4114,3107,1078
1244,4096,4114,3144,1082
1245,4096,4114,3129,1085
1246,4096,4114,3132,1086
1247,4096,4114,3132,1081
1248,4096,4114,3136,1083
1249,4096,4114,3113,1082
1250,4096,4114,3118,1086
1251,4096,4114,3123,1079
1252,4096,4114,3112,1080
1253,4096,4114,3124,1077
1254,4096,4114,3137,1078
1255,4096,4114,3138,1080
1256,4096,4114,3131,1079
1257,4096,4114,3134,1082
1258,4096,4114,3120,1076
1259,4096,4114,3129,1076
1260,4096,4114,3126,1080
1261,4096,4114,3126,1080
1262,4096,4114,3125,1076
1263,4096,4114,3131,1079
1264,4096,4114,3117,1076
1265,4096,4114,3136,1076
1266,4096,1231,10271,3857
1267,4096,4114,3118,1077
1268,4096,4114,3135,1079
1269,4096,4114,3145,1095
1270,4096,4114,3119,0
1271,4096,4114,3211,1103
1272,4096,4114,3161,1079
1273,4096,4114,3135,1092
1274,4096,4114,3148,1084
1275,4096,4114,3138,1082
1276,4096,4114,3122,1076
1277,4096,4114,3107,1081
1278,4096,4114,3124,1085
1279,4096,4114,3147,1089
1280,4096,4114,3134,1081
1281,4096,4114,3124,1085
1282,4096,534,5226,2332
1283,4096,4114,3127,1084
1284,4096,4114,3111,1084
1285,4096,4114,3123,1080
1286,4096,4114,3154,1089
1287,4096,4114,3119,1089
1288,4096,4114,3139,1093
1289,4096,4114,3120,1084
1290,4096,4114,3135,1075
1291,4096,4114,3122,1086
1292,4096,4114,3114,1078
1293,4096,711,6593,3084
1294,4096,4114,3127,1084
1295,4096,851,7508,2966
1296,4096,4114,3155,1086
1297,4096,4114,3124,1084
1298,4096,4114,3126,1085
1299,4096,4114,3135,1085
1300,4096,4114,3131,1083
1301,4096,4114,3131,1103
1302,4096,4114,3132,1095
1303,4096,724,6676,2667
1304,4096,1660,11944,4165
1305,4096,4114,3150,1107
1306,4096,4114,3128,1093
1307,4096,4114,3124,1096
1308,4096,4114,3124,1096
1309,4096,4114,3129,1109
1310,4096,4114,3138,1109
1311,4096,4105,4157,1228
1312,4096,4114,3145,1103
1313,4096,4114,3126,1103
1314,4096,790,6621,3121
1315,4096,4114,3135,1097
1316,4096,619,5767,2520
1317,4096,4114,3167,1099
1318,4096,4114,3138,1090
1319,4096,4114,3139,1098
1320,4096,4114,3137,1097
1321,4096,4114,3136,1106
1322,4096,575,5662,2293
1323,4096,4114,3179,1083
1324,4096,4114,3131,1086
1325,4096,4114,3119,1095
1326,4096,4114,3147,1090
1327,4096,4114,3129,1081
1328,4096,4114,3168,1085
1329,4096,1259,10493,3451
1330,4096,4114,3139,1093
1331,4096,4114,3130,1085
1332,4096,4114,3134,1076
1333,4096,4096,4631,1349
1334,4096,1290,8499,3682
1335,4096,4114,3154,1079
1336,4096,4114,3131,1082
1337,4096,4114,3131,1074
1338,4096,4114,3145,1077
1339,4096,4114,3132,1077
1340,4096,4114,3149,1080
1341,4096,1744,13091,3891
1342,4096,1304,10522,3627
1343,4096,904,8047,3440
1344,4096,4114,3145,1095
1345,4096,4114,3138,1083
1346,4096,4114,3132,1109
1347,4096,565,5860,2463
1348,4096,2146,3026,1574
1349,4096,4114,3148,1104
1350,4096,4114,3149,1086
1351,4096,4114,3118,1079
1352,4096,4114,3118,1092
1353,4096,711,6708,3027
1354,4096,4114,3145,1081
1355,4096,4114,3147,1100
1356,4096,4114,3343,1095
1357,4096,788,7111,2851
1358,4096,4114,3128,1081
1359,4096,4114,3239,1092
1360,4096,1612,10655,4486
1361,4096,563,5539,2348
1362,4096,4114,3132,1105
1363,4096,3903,4921,1469
1364,4096,4114,3105,1111
1365,4096,1120,2566,3198
1366,4096,4114,3121,1090
1367,4096,709,6565,2709
1368,4096,560,5503,2310
1369,4096,4114,3125,1095
1370,4096,4114,3143,1081
1371,4096,880,7874,3011
1372,4096,877,7326,2993
1373,4096,4114,3139,1094
1374,4096,4114,3132,1093
1375,4096,4114,3145,1096
1376,4096,1465,11410,3593
1377,4096,4114,3131,1101
1378,4096,3172,3217,1834
1379,4096,4114,3120,1082
1380,4096,846,6956,2795
1381,4096,1341,10810,3516
1382,4096,4114,3116,1100
1383,4096,4114,3145,1099
1384,4096,850,6980,2957
1385,4096,4114,3184,1076
1386,4096,4114,3127,1082
1387,4096,4114,3139,1091
1388,4096,4114,3142,1085
1389,4096,4114,3128,1091
1390,4096,4114,3118,1079
1391,4096,4114,3139,1078
1392,4096,4114,3144,1082
1393,4096,4114,3134,1083
1394,4096,4114,3156,1077
1395,4096,590,5637,2345
1396,4096,824,7060,2993
1397,4096,587,5434,2282
1398,4096,4114,3144,1095
1399,4096,1099,7662,2420
1400,4096,1247,10053,3984
1401,4096,47,2000,1767
1402,4096,156,2724,1627
1403,4096,581,3526,1633
1404,4096,4114,3153,1101
1405,4096,322,3835,2162
1406,4096,1582,12299,3746
1407,4096,606,5475,2381
1408,4096,4114,3155,1104
1409,4096,4114,3133,1094
1410,4096,4114,3127,1081
1411,4096,4114,3130,1081
1412,4096,737,6987,3300
1413,4096,4114,3143,1083
1414,4096,4114,3120,1086
1415,4096,4114,3124,1082
1416,4096,4114,3128,1079
1417,4096,592,4983,2332
1418,4096,4114,3153,1086
1419,4096,4114,3124,1081
1420,4096,549,4539,2308
1421,4096,4114,3158,1081
1422,4096,4114,3143,1080
1423,4096,4114,3144,1088
1424,4096,990,7795,2793
1425,4096,4114,3133,1106
1426,4096,4114,3130,1113
1427,4096,4114,3132,1106
1428,4096,570,5915,2857
1429,4096,1349,10585,3030
1430,4096,4114,3091,1103
1431,4096,3101,3728,1404
1432,4096,4114,3120,1077
1433,4096,4114,3129,1090
1434,4096,610,5583,2345
1435,4096,4114,3119,1105
1436,4096,4114,3615,1080
1437,4096,4114,3116,1080
1438,4096,4114,3125,1082
1439,4096,4114,3132,1077
1440,4096,1631,10530,4527
1441,4096,4114,3111,1090
1442,4096,641,6095,2678
1443,4096,4114,3132,1078
1444,4096,1443,11061,3751
1445,4096,4114,3127,1075
1446,4096,4114,3130,1078
1447,4096,2306,11061,3836
1448,4096,4114,3122,1091
1449,4096,4114,3130,1079
1450,4096,4114,3115,1082
1451,4096,1819,13720,3913
1452,4096,1557,11803,4039
1453,4096,1518,11312,3847
1454,4096,1385,10142,3835
1455,4096,4114,3130,1075
1456,4096,4114,3102,1080
1457,4096,1795,8523,4867
1458,4096,4114,3151,1099
1459,4096,4028,4560,1397
1460,4096,4114,3123,1117
1461,4096,4114,3134,1077
1462,4096,4114,3118,1080
1463,4096,4114,3122,1081
1464,4096,4114,3099,1078
1465,4096,533,5653,2573
1466,4096,835,7305,2915
1467,4096,4114,3134,1089
1468,4096,4114,3128,1085
1469,4096,4114,3121,1074
1470,4096,945,6045,3174
1471,4096,4114,3123,1088
1472,4096,4114,3131,1084
1473,4096,4114,3129,1082
1474,4096,4114,3122,1083
1475,4096,4114,3117,1083
1476,4096,4114,3129,1078
1477,4096,1313,8458,3834
1478,4096,4114,3140,1086
1479,4096,4114,3136,1083
1480,4096,4114,3118,1087
1481,4096,4114,3128,1076
1482,4096,4114,3140,1077
1483,4096,769,6986,3502
1484,4096,4114,3136,1084
1485,4096,4114,3118,1085
1486,4096,4114,3112,1088
1487,4096,4114,3131,1077
1488,4096,4114,3124,1084
1489,4096,4114,3103,1083
1490,4096,4114,3114,1084
1491,4096,4114,3135,1089
1492,4096,4114,3118,1080
1493,4096,4114,3112,1094
1494,4096,4114,3145,1105
1495,4096,4114,3116,1083
1496,4096,4114,3117,1081
1497,4096,4114,3113,1086
1498,4096,4114,3120,1081
1499,4096,4114,3133,1087
1500,4096,640,6172,2624
1501,4096,633,6095,3108
1502,4096,4114,3159,1073
1503,4096,4114,3115,1086
1504,4096,4114,3126,1078
1505,4096,4114,3119,1080
1506,4096,4114,3138,1083
1507,4096,846,7588,3036
1508,4096,1184,10051,3826
1509,4096,759,6743,3338
1510,4096,4114,3153,1083
1511,4096,4114,3115,1086
1512,4096,4114,3133,1073
1513,4096,596,6200,2576
1514,4096,4114,3170,1078
1515,4096,707,6599,2776
1516,4096,833,6913,2779
1517,4096,4114,3163,1089
1518,4096,647,6979,2424
1519,4096,4114,3137,1081
1520,4096,1120,2625,3197
1521,4096,4114,3132,1284
1522,4096,4114,3117,1100
1523,4096,4114,3123,1109
1524,4096,4114,3137,1097
1525,4096,4114,3123,12808
1526,4096,863,6752,2870
1527,4096,1164,9092,3724
1528,4096,4114,2902,1011
1529,4096,4114,2921,1008
1530,4096,4114,2915,1013
1531,4096,1385,10194,3459
1532,4096,4114,2916,1024
1533,4096,1947,11644,3013
1534,4096,4114,2920,1011
1535,4096,4114,2918,1009
1536,4096,4114,2932,1012
1537,4096,4114,2953,1017
1538,4096,4114,2917,1007
1539,4096,4114,2928,1028
1540,4096,4114,2920,1029
1541,4096,4114,2896,1026
1542,4096,1235,7933,2861
1543,4096,4114,2910,1031
1544,4096,4114,2920,1014
1545,4096,4114,2917,1009
1546,4096,4114,2931,1009
1547,4096,4114,2914,1013
1548,4096,4114,2910,1007
1549,4096,4114,2906,1015
1550,4096,4114,2911,1016
1551,4096,4114,2909,1010
1552,4096,589,5173,2518
1553,4096,4114,2913,1026
1554,4096,4114,2913,1031
1555,4096,4114,2902,1036
1556,4096,581,4591,2153
1557,4096,378,4010,2064
1558,4096,1657,11939,3695
1559,4096,575,4758,2065
1560,4096,570,3918,1924
1561,4096,4114,2930,1022
1562,4096,4114,2918,1019
1563,4096,4114,2906,1015
1564,4096,4114,2942,1020
1565,4096,4114,2885,1020
1566,4096,749,6229,2408
1567,4096,4114,2925,1012
1568,4096,4114,2928,1010
1569,4096,4114,2915,1017
1570,4096,589,5731,2486
1571,4096,879,7062,3017
1572,4096,4114,2935,1018
1573,4096,4114,2949,1014
1574,4096,4114,2919,1012
1575,4096,4114,2906,1016
1576,4096,1852,9341,4572
1577,4096,4114,2908,1015
1578,4096,4114,2905,1022
1579,4096,4114,2925,1021
1580,4096,515,4787,2076
1581,4096,4114,2925,1027
1582,4096,4114,2891,1018
1583,4096,4114,2907,1019
1584,4096,4114,2901,1020
1585,4096,4114,2907,1017
1586,4096,661,6210,3080
1587,4096,1713,9636,3389
1588,4096,1207,9034,3277
1589,4096,4114,2926,1021
1590,4096,4114,2905,1024
1591,4096,4114,2924,1018
1592,4096,824,6925,2805
1593,4096,4114,2908,1029
1594,4096,852,6024,2145
1595,4096,4114,2914,1014
1596,4096,4114,2911,1014
1597,4096,4114,2919,1018
1598,4096,1544,11030,3383
1599,4096,4114,2918,1028
1600,4096,4114,2908,1021
1601,4096,1430,9996,3027
1602,4096,1901,10449,3176
1603,4096,4114,2898,1020
1604,4096,4114,2900,1033
1605,4096,4114,2903,3167
1606,4096,4114,2979,1019
1607,4096,4114,3099,1087
1608,4096,4114,3098,1087
1609,4096,4114,3114,1082
1610,4096,4114,3096,1085
1611,4096,2058,8360,5331
1612,4096,4114,3114,1103
1613,4096,4114,3110,1092
1614,4096,4114,3117,1082
1615,4096,4114,3122,1080
1616,4096,4114,3093,1096
1617,4096,4114,3110,1083
1618,4096,4114,3114,1079
1619,4096,1124,2851,1621
1620,4096,4114,3105,1086
1621,4096,4114,3103,1084
1622,4096,4114,3115,1078
1623,4096,4114,3113,1082
1624,4096,4114,3113,1079
1625,4096,4114,3096,1078
1626,4096,4114,3136,1083
1627,4096,4114,3087,1080
1628,4096,4114,3090,1075
1629,4096,618,6054,2694
1630,4096,563,5551,2426
1631,4096,1949,9122,5160
1632,4096,38,1896,1659
1633,4096,1304,8335,3740
1634,4096,4114,3109,1094
1635,4096,845,7199,2958
1636,4096,757,6819,2861
1637,4096,4114,3122,1087
1638,4096,4114,3124,1090
1639,4096,4114,3102,1089
1640,4096,586,5367,2429
1641,4096,4114,3121,1102
1642,4096,4114,3105,1094
1643,4096,4114,3096,1098
1644,4096,4114,3120,1092
1645,4096,4114,3103,1076
1646,4096,4114,3109,1081
1647,4096,580,4877,2084
1648,4096,741,6361,2548
1649,4096,4114,3106,1085
1650,4096,4114,3112,1089
1651,4096,4114,3158,1093
1652,4096,4114,3097,1089
1653,4096,4114,3127,1077
1654,4096,4114,3115,1079
1655,4096,4114,3107,1081
1656,4096,4114,3102,1082
1657,4096,679,6269,2801
1658,4096,4114,3105,1090
1659,4096,4114,3123,1092
1660,4096,4114,3117,1096
1661,4096,4114,3104,1094
1662,4096,4114,3107,1086
1663,4096,1298,9584,3307
1664,4096,4114,3098,1083
1665,4096,4114,3119,1078
1666,4096,4114,3092,1087
1667,4096,4114,3096,1082
1668,4096,4114,3094,1091
1669,4096,4114,3111,1089
1670,4096,4114,3089,1076
1671,4096,1164,9497,4030
1672,4096,1144,8908,2764
1673,4096,921,8488,3563
1674,4096,4114,3124,1085
1675,4096,4114,3119,1081
1676,4096,1900,13637,3663
1677,4096,831,7615,2951
1678,4096,1322,6911,2596
1679,4096,2570,9212,5590
1680,4096,536,5361,2363
1681,4096,4114,3112,1098
1682,4096,1271,10830,3506
1683,4096,4114,3176,1104
1684,4096,4114,3137,1102
1685,4096,4114,3119,1095
1686,4096,93,2383,1670
1687,4096,1335,8641,5171
1688,4096,4114,3178,1099
1689,4096,566,5402,2238
1690,4096,864,7530,3173
1691,4096,4114,3189,1099
1692,4096,575,5150,2151
1693,4096,4114,3118,1102
1694,4096,4114,3132,1101
1695,4096,1746,13086,3834
1696,4096,4114,3111,1095
1697,4096,4114,3098,1090
1698,4096,4114,3090,1074
1699,4096,595,5262,2220
1700,4096,774,6997,2970
1701,4096,1440,10844,3561
1702,4096,1815,13457,4031
1703,4096,4114,3101,1097
1704,4096,606,6018,2718
1705,4096,4056,5663,1472
1706,4096,4114,3108,1094
1707,4096,4114,3099,1090
1708,4096,606,5606,2376
1709,4096,4114,3130,1106
1710,4096,4114,3100,1104
1711,4096,4114,3119,1083
1712,4096,4114,3115,1078
1713,4096,4114,3105,1079
1714,4096,4114,3124,1079
1715,4096,4114,3097,1073
1716,4096,808,7043,2816
1717,4096,4114,3106,1081
1718,4096,4114,3107,1087
1719,4096,4114,3092,1079
1720,4096,4114,3089,1074
1721,4096,4114,3093,1075
1722,4096,4114,3091,1080
1723,4096,681,6298,2817
1724,4096,4114,3085,1073
1725,4096,4114,3100,1089
1726,4096,4114,3111,1072
1727,4096,4114,3130,1078
1728,4096,1120,2592,3164
1729,4096,1959,11434,4571
1730,4096,776,7717,3653
1731,4096,4114,3101,1080
1732,4096,4114,3089,1081
1733,4096,4114,3097,1079
1734,4096,4114,3090,1082
1735,4096,4114,3089,1077
1736,4096,3101,3702,1416
1737,4096,1120,2509,3178
1738,4096,4114,3096,1085
1739,4096,1713,10671,4523
1740,4096,4114,3083,1076
1741,4096,4114,3094,1077
1742,4096,4114,3093,1081
1743,4096,4114,3108,1079
1744,4096,4114,3096,1082
1745,4096,4114,3103,1079
1746,4096,590,5718,2348
1747,4096,1051,8611,3432
1748,4096,2939,11307,2900
1749,4096,4114,3087,1081
1750,4096,4114,3072,1091
1751,4096,4114,3113,1077
1752,4096,556,5459,2208
1753,4096,838,7150,2876
1754,4096,4114,3093,1085
1755,4096,4114,3102,1097
1756,4096,829,5760,2805
1757,4096,4114,3110,1091
1758,4096,60,1940,1375
1759,4096,1423,11233,3711
1760,4096,4114,3090,1094
1761,4096,4114,3106,1099
1762,4096,4114,3124,1073
1763,4096,4114,3092,1077
1764,4096,4114,3083,1083
1765,4096,512,4873,2322
1766,4096,4114,3116,1074
1767,4096,4114,3084,1079
1768,4096,1099,7576,2326
1769,4096,4114,3107,1077
1770,4096,4114,4312,1083
1771,4096,4114,3127,1080
1772,4096,4114,3087,1087
1773,4096,4072,4572,1329
1774,4096,4114,3112,1081
1775,4096,4114,3090,1078
1776,4096,4114,3096,1081
1777,4096,1367,10358,3737
1778,4096,619,5585,2934
1779,4096,4114,3107,1083
1780,4096,4114,3094,1074
1781,4096,4114,3096,1074
1782,4096,4114,3095,1072
1783,4096,4114,3091,1076
1784,4096,997,8473,3621
1785,4096,4114,3078,1079
1786,4096,4114,3124,1079
1787,4096,3172,3175,1846
1788,4096,3172,3135,1809
1789,4096,4114,3084,1086
1790,4096,4114,3083,1075
1791,4096,4114,3092,1076
1792,4096,4114,3083,1075
1793,4096,4114,3104,1070
1794,4096,4114,3087,1071
1795,4096,4114,3083,1073
1796,4096,4114,3084,1073
1797,4096,4114,3087,1083
1798,4096,4114,3096,1074
1799,4096,4114,3094,1083
1800,4096,4114,3081,1074
1801,4096,4113,3718,1210
1802,4096,4114,3081,1080
1803,4096,4114,3072,1079
1804,4096,1124,2827,1575
1805,4096,919,7997,3774
1806,4096,1619,10802,4361
1807,4096,1729,13232,3785
1808,4096,1185,9850,4058
1809,4096,1231,10001,3782
1810,4096,4114,3108,1120
1811,4096,4114,3074,1076
1812,4096,4114,3107,1074
1813,4096,3952,6982,1661
1814,4096,4114,3103,1074
1815,4096,4114,3077,1078
1816,4096,4114,3091,1071
1817,4096,849,7590,3166
1818,4096,4114,3078,1085
1819,4096,3928,7367,1813
1820,4096,1277,10522,3961
1821,4096,4114,3091,1121
1822,4096,643,6451,2730
1823,4096,1120,2570,3174
1824,4096,4114,3103,1074
1825,4096,4114,3098,1076
1826,4096,4114,3099,1075
1827,4096,549,4373,2300
1828,4096,4114,3132,1073
1829,4096,4114,3078,1081
1830,4096,4114,3113,1076
1831,4096,4114,3096,1080
1832,4096,4114,3104,1087
1833,4096,4114,3092,1073
1834,4096,1316,9420,3827
1835,4096,4110,4027,1214
1836,4096,871,7553,2980
1837,4096,2146,2927,1526
1838,4096,4114,3084,1073
1839,4096,4114,3099,1078
1840,4096,4114,3105,1075
1841,4096,4114,3086,1081
1842,4096,4114,3106,1079
1843,4096,4114,3099,1071
1844,4096,606,5960,2639
1845,4096,4114,3131,1079
1846,4096,4114,3100,1069
1847,4096,3172,3184,1813
1848,4096,4114,3091,1074
1849,4096,4114,3099,1079
1850,4096,4114,3090,1079
1851,4096,91,2188,1908
1852,4096,4114,3104,1076
1853,4096,4114,3095,1075
1854,4096,4114,3091,1082
1855,4096,737,6847,3232
1856,4096,4114,3123,566
1857,4096,4114,3107,1076
1858,4096,4114,3081,1076
1859,4096,4114,3094,1079
1860,4096,4114,3086,1076
1861,4096,4114,3080,1083
1862,4096,4114,3090,1076
1863,4096,4114,3089,12423
1864,4096,1357,9959,3268
1865,4096,4114,2889,1005
1866,4096,2135,11707,3683
1867,4096,4114,2886,1012
1868,4096,4114,2894,1004
1869,4096,769,6572,3211
1870,4096,852,7491,2752
1871,4096,4114,2895,1007
1872,4096,4114,2890,1013
1873,4096,4114,2887,1008
1874,4096,1341,6473,3856
1875,4096,4114,2913,1015
1876,4096,4114,2898,1010
1877,4096,4114,2885,1010
1878,4096,1612,9410,4236
1879,4096,1636,11247,3583
1880,4096,1802,3059,1278
1881,4096,1099,7017,2163
1882,4096,1734,9021,2963
1883,4096,4114,2894,1007
1884,4096,4047,5434,1389
1885,4096,1584,10580,3261
1886,4096,92,2057,1457
1887,4096,731,5402,2654
1888,4096,490,4410,2210
1889,4096,1451,9078,3466
1890,4096,565,5446,2418
1891,4096,1248,8105,3361
1892,4096,4114,2876,1029
1893,4096,4114,2888,1035
1894,4096,4114,2897,1018
1895,4096,3101,3444,1330
1896,4096,4114,2898,1015
1897,4096,3101,3455,1281
1898,4096,1607,11128,3715
1899,4096,4114,2881,1025
1900,4096,4114,2878,1011
1901,4096,819,6818,2656
1902,4096,4114,2889,1002
1903,4096,773,6617,2764
1904,4096,1646,11832,3864
1905,4096,440,4740,2333
1906,4096,4114,2910,1026
1907,4096,4114,2915,1022
1908,4096,4114,2883,1018
1909,4096,4114,2884,1015
1910,4096,1846,9815,4353
1911,4096,1121,7061,3196
1912,4096,1114,7776,2741
1913,4096,4114,2889,1028
1914,4096,679,5931,2637
1915,4096,4114,2895,1032
1916,4096,715,6144,2550
1917,4096,4114,2893,1016
1918,4096,1781,10796,3726
1919,4096,1341,6395,2364
1920,4096,4114,2888,1020
1921,4096,4114,2874,1020
1922,4096,4114,2896,1013
1923,4096,3172,2987,1696
1924,4096,4113,3119,1105
1925,4096,1411,8608,3252
1926,4096,847,7044,2723
1927,4096,4114,2882,1009
1928,4096,1514,7625,3035
1929,4096,4114,2896,1024
1930,4096,4114,2867,1024
1931,4096,4114,2870,1024
1932,4096,4114,2878,1005
1933,4096,4114,2868,1010
1934,4096,4114,2904,1022
1935,4096,4114,2900,1017
1936,4096,4114,2875,1015
1937,4096,594,5273,1628
1938,4096,4114,2936,1082
1939,4096,4114,3109,1083
1940,4096,4114,3097,1089
1941,4096,4114,3084,1084
1942,4096,574,5146,2327
1943,4096,666,5785,2373
1944,4096,2066,9394,2735
1945,4096,1520,9311,3239
1946,4096,647,5610,2398
1947,4096,503,4201,2135
1948,4096,4114,3170,1084
1949,4096,722,6264,2763
1950,4096,4114,3110,1082
1951,4096,4114,3085,1087
1952,4096,1965,13802,3826
1953,4096,4114,3120,1101
1954,4096,45,1878,1331
1955,4096,576,5843,2451
1956,4096,82,2140,1394
1957,4096,2076,14310,3943
1958,4096,873,6969,2827
1959,4096,47,1842,1676
1960,4096,2147,12952,3538
1961,4096,95,2125,1499
1962,4096,2010,13527,3884
1963,4096,4114,3120,1081
1964,4096,324,3926,2190
1965,4096,4114,3100,1095
1966,4096,4114,3092,1092
1967,4096,4114,3085,1094
1968,4096,4114,3103,1068
1969,4096,1946,13611,3716
1970,4096,664,6024,2876
1971,4096,4114,3101,1087
1972,4096,94,2195,1825
1973,4096,1917,8313,3060
1974,4096,1083,8706,3766
1975,4096,4114,3112,1101
1976,4096,4114,3098,1093
1977,4096,4114,3095,1079
1978,4096,4114,3090,1087
1979,4096,4114,3094,1084
1980,4096,4114,3095,1083
1981,4096,4114,3080,1085
1982,4096,1120,2556,3187
1983,4096,4114,3088,1078
1984,4096,4114,3086,1073
1985,4096,1448,9992,4269
1986,4096,4114,3086,1086
1987,4096,4114,3102,1083
1988,4096,4114,3089,1080
1989,4096,152,2705,2074
1990,4096,4114,3098,1089
1991,4096,4114,3089,1085
1992,4096,592,5762,2534
1993,4096,4114,3089,1074
1994,4096,868,8067,2945
1995,4096,1290,8272,3719
1996,4096,666,5126,2698
1997,4096,4114,3084,1096
1998,4096,4114,3090,1089
1999,4096,4114,3098,1074
2000,4096,4114,3070,1079
2001,4096,4114,3110,1096
2002,4096,4114,3098,1097
2003,4096,4114,3090,1089
2004,4096,579,5332,2445
2005,4096,1178,9412,3101
2006,4096,4114,3077,1087
2007,4096,4114,3076,1076
2008,4096,4114,3086,1084
2009,4096,3172,3171,1833
2010,4096,1082,8635,3101
2011,4096,4114,3080,1075
2012,4096,4114,3131,1092
2013,4096,4114,3088,1073
2014,4096,4114,3078,1083
2015,4096,680,5165,2592
2016,4096,4114,3087,1076
2017,4096,4114,4400,1075
2018,4096,4114,3101,1079
2019,4096,4114,3077,1077
2020,4096,4114,3069,1075
2021,4096,4114,3081,1072
2022,4096,4114,3095,1084
2023,4096,4114,3069,1080
2024,4096,1748,12823,3275
2025,4096,724,5849,2639
2026,4096,4114,3067,1075
2027,4096,4114,3090,1092
2028,4096,4114,3076,1084
2029,4096,4114,3086,1080
2030,4096,4114,3083,1081
2031,4096,4114,3078,1091
2032,4096,4114,3099,1082
2033,4096,1301,8017,3683
2034,4096,47,1914,1698
2035,4096,851,7527,2979
2036,4096,4114,3121,1091
2037,4096,1460,8987,4105
2038,4096,4114,3101,1085
2039,4096,646,5940,2667
2040,4096,4114,3089,1085
2041,4096,4114,3095,1084
2042,4096,4111,3879,1230
2043,4096,4114,3073,1096
2044,4096,818,6844,2955
2045,4096,4114,3079,1081
2046,4096,4114,3076,1080
2047,4096,4114,3079,1085
2048,4096,1442,11125,3806
2049,4096,4114,3097,1078
2050,4096,4114,3072,1079
2051,4096,4114,3076,1084
2052,4096,4114,3062,1082
2053,4096,4114,3093,1085
2054,4096,3172,3136,1834
2055,4096,682,6443,3098
2056,4096,4114,3075,1083
2057,4096,4114,3088,1082
2058,4096,4114,3070,1085
2059,4096,1051,9131,3378
2060,4096,1009,6924,3359
2061,4096,4114,3097,1082
2062,4096,4114,3088,1080
2063,4096,4114,3081,1084
2064,4096,1146,9381,3270
2065,4096,4114,3103,1089
2066,4096,740,6007,2925
2067,4096,4114,3077,1091
2068,4096,4114,3075,1095
2069,4096,492,4966,2498
2070,4096,4114,3089,1082
2071,4096,663,6252,2887
2072,4096,4114,3088,1087
2073,4096,4114,3071,1089
2074,4096,740,6958,3446
2075,4096,1538,11605,3958
2076,4096,140,2429,2002
2077,4096,1343,8744,3496
2078,4096,2022,14035,3586
2079,4096,4114,3083,1081
2080,4096,4114,3079,1096
2081,4096,1729,12433,3464
2082,4096,1457,11063,3937
2083,4096,1510,11758,3745
2084,4096,324,3984,2158
2085,4096,1435,10232,3160
2086,4096,4114,3058,1097
2087,4096,1909,10484,3942
2088,4096,1623,12926,4100
2089,4096,4114,3105,1094
2090,4096,593,6025,2793
2091,4096,4114,3124,1094
2092,4096,4114,3080,1092
2093,4096,4114,3068,1090
2094,4096,1515,10418,2770
2095,4096,1560,12863,3536
2096,4096,4114,3083,1102
2097,4096,4114,3097,1104
2098,4096,4114,3113,1099
2099,4096,4114,3086,1087
2100,4096,4114,3078,1082
2101,4096,4114,3076,1072
2102,4096,4114,3078,1079
2103,4096,4114,3066,1085
2104,4096,4114,3096,1075
2105,4096,4114,3084,1076
2106,4096,4114,3071,1076
2107,4096,4114,3091,1074
2108,4096,4114,3075,1070
2109,4096,4114,3097,1075
2110,4096,4114,3090,1076
2111,4096,4102,4007,1176
2112,4096,4101,4083,1202
2113,4096,4114,3088,1099
2114,4096,3172,3144,1831
2115,4096,1120,2494,3168
2116,4096,4114,3090,1075
2117,4096,4114,3086,1077
2118,4096,4114,3098,1078
2119,4096,855,7790,3037
2120,4096,4114,3108,1083
2121,4096,4114,3087,1079
2122,4096,4114,3094,1070
2123,4096,659,6447,2982
2124,4096,674,6183,3513
2125,4096,4114,3119,1076
2126,4096,4114,3076,1076
2127,4096,4114,3066,1079
2128,4096,791,6876,2959
2129,4096,575,5910,2429
2130,4096,717,6012,2706
2131,4096,4114,3088,1078
2132,4096,4114,3094,1076
2133,4096,4114,3099,1083
2134,4096,1852,9843,4917
2135,4096,4114,3122,1103
2136,4096,863,7077,2867
2137,4096,4114,3089,1084
2138,4096,4114,3083,1076
2139,4096,4114,3086,1072
2140,4096,3982,6849,1654
2141,4096,4114,3109,1082
2142,4096,4114,3078,1086
2143,4096,4114,3085,1081
2144,4096,4114,3120,1085
2145,4096,4114,3116,1083
2146,4096,618,5769,2666
2147,4096,4114,3094,1092
2148,4096,4114,3093,1078
2149,4096,4114,3090,1090
2150,4096,4114,3075,1103
2151,4096,4114,3083,1092
2152,4096,4114,3083,1089
2153,4096,1441,10201,3830
2154,4096,4114,3083,1074
2155,4096,4114,3077,1074
2156,4096,4114,3076,1079
2157,4096,4114,3073,1080
2158,4096,4114,3089,1077
2159,4096,4114,3101,1076
2160,4096,4114,3081,1076
2161,4096,1407,9987,3184
2162,4096,47,1917,1762
2163,4096,4114,3113,1088
2164,4096,4114,3075,1088
2165,4096,4114,3074,1100
2166,4096,4114,3068,1089
2167,4096,4114,3084,1082
2168,4096,1124,2840,1612
2169,4096,4114,3094,1080
2170,4096,4114,3094,1081
2171,4096,845,7441,2892
2172,4096,4114,3083,1078
2173,4096,291,3549,2225
2174,4096,1414,10906,4090
2175,4096,4114,3074,1075
2176,4096,383,3653,2049
2177,4096,2058,8360,5350
2178,4096,4114,3069,1087
2179,4096,824,7128,2845
2180,4096,641,6054,2540
2181,4096,4114,3101,1082
2182,4096,4114,3092,1077
2183,4096,4114,4382,1103
2184,4096,4114,3090,1091
2185,4096,4114,3090,1096
2186,4096,4114,3084,1088
2187,4096,4114,3070,1080
2188,4096,4114,3083,1072
2189,4096,4114,3073,1085
2190,4096,4114,3072,1010
2191,4096,4114,2882,1003
2192,4096,332,3670,2052
2193,4096,4114,2868,1026
2194,4096,4114,2895,1023
2195,4096,4114,2874,1029
2196,4096,4114,2884,1019
2197,4096,709,5676,2603
2198,4096,4114,2870,1008
2199,4096,1120,2396,2969
2200,4096,4114,2872,1008
2201,4096,4114,2868,1009
2202,4096,4114,2886,1009
2203,4096,4114,2866,1009
2204,4096,4114,2864,1009
2205,4096,4114,2856,1012
2206,4096,1393,9017,2721
2207,4096,4114,2866,1009
2208,4096,4114,2872,1016
2209,4096,4114,2878,1012
2210,4096,159,2568,1684
2211,4096,1640,9854,3605
2212,4096,4114,2860,1007
2213,4096,4114,2876,1013
2214,4096,4114,2896,1005
2215,4096,4114,2874,1018
2216,4096,4114,2880,1025
2217,4096,4114,2861,1016
2218,4096,1584,10993,3371
2219,4096,614,5666,2411
2220,4096,1460,8552,3887
2221,4096,4114,2875,1019
2222,4096,4114,2871,1010
2223,4096,3979,5451,1470
2224,4096,607,5463,2526
2225,4096,4114,2893,1029
2226,4096,4114,2876,1027
2227,4096,843,6689,2746
2228,4096,4114,2870,1007
2229,4096,4114,2876,1011
2230,4096,1776,9204,3652
2231,4096,4114,2880,1007
2232,4096,4114,2876,1013
2233,4096,1124,2610,1509
2234,4096,4114,2867,1023
2235,4096,3997,5561,1447
2236,4096,769,6292,2879
2237,4096,4114,2927,1009
2238,4096,4114,2864,1008
2239,4096,1734,9343,2972
2240,4096,4114,2872,1016
2241,4096,4114,2874,1031
2242,4096,4114,2856,1004
2243,4096,4114,2880,1007
2244,4096,574,5446,2352
2245,4096,644,5613,2524
2246,4096,4114,2901,1028
2247,4096,4114,2899,1024
2248,4096,4114,2875,1023
2249,4096,4114,2873,1005
2250,4096,4114,2877,1012
2251,4096,1946,10400,3615
2252,4096,78,1873,1411
2253,4096,1415,8770,2662
2254,4096,1634,9490,3729
2255,4096,1322,9558,3455
2256,4096,4114,2879,1024
2257,4096,4114,2893,1026
2258,4096,4114,2881,1025
2259,4096,4114,2876,1011
2260,4096,1247,9552,3693
2261,4096,4114,2876,1023
2262,4096,4114,2869,1008
2263,4096,4114,2866,1009
2264,4096,4114,2857,1010
2265,4096,4114,2870,1005
2266,4096,4114,2905,1006
2267,4096,4114,2860,1020
2268,4096,4114,2867,1028
2269,4096,4005,3728,1193
2270,4096,1947,11519,2902
2271,4096,1164,9111,3684
2272,4096,4114,1029,1019
2273,4096,4114,19280,1089
2274,4096,4114,3074,1093
2275,4096,4114,3066,1078
2276,4096,4114,3078,1077
2277,4096,1365,10662,3217
2278,4096,1495,9390,3701
2279,4096,1879,13161,3749
2280,4096,4114,3085,1094
2281,4096,4114,3067,1096
2282,4096,4114,3073,1104
2283,4096,4114,3073,1101
2284,4096,4114,3077,1098
2285,4096,4114,3096,1075
2286,4096,4114,3089,1074
2287,4096,602,6161,2776
2288,4096,4114,3091,1081
2289,4096,4114,3098,1075
2290,4096,4114,3079,1076
2291,4096,4114,3074,1081
2292,4096,4114,3064,1080
2293,4096,613,5714,2513
2294,4096,338,4117,2447
2295,4096,536,5356,2461
2296,4096,4114,3069,1089
2297,4096,1163,8780,3036
2298,4096,1851,8946,4247
2299,4096,4114,3068,1097
2300,4096,4114,3061,1086
2301,4096,1183,9872,3224
2302,4096,1385,9571,2743
2303,4096,838,7376,3013
2304,4096,4114,3061,1101
2305,4096,4114,3091,1093
2306,4096,4114,3091,1090
2307,4096,4114,3071,1078
2308,4096,4114,3081,1080
2309,4096,4114,3091,1078
2310,4096,784,5069,2749
2311,4096,1795,8192,4747
2312,4096,4114,3083,1092
2313,4096,4114,3080,1075
2314,4096,4114,3073,1077
2315,4096,4114,3067,1076
2316,4096,4114,3070,1080
2317,4096,4114,3074,1079
2318,4096,4114,3097,1076
2319,4096,1430,10920,3779
2320,4096,4114,3090,1077
2321,4096,4114,3101,1080
2322,4096,4114,3075,1094
2323,4096,4114,3074,1088
2324,4096,4114,3079,1082
2325,4096,4114,3098,1080
2326,4096,4114,3060,1078
2327,4096,772,7032,3043
2328,4096,4114,3070,1072
2329,4096,945,6011,3199
2330,4096,4114,3073,1085
2331,4096,4114,3071,1070
2332,4096,4114,3076,1092
2333,4096,4114,3090,1090
2334,4096,4114,3090,1093
2335,4096,4114,3101,1099
2336,4096,4114,3069,1075
2337,4096,4114,3066,1076
2338,4096,4114,3078,1076
2339,4096,4114,3070,1084
2340,4096,4114,3075,1084
2341,4096,549,4360,2325
2342,4096,4114,3082,1110
2343,4096,4114,3098,1074
2344,4096,4114,3070,1075
2345,4096,4114,3093,1072
2346,4096,4114,3065,1077
2347,4096,563,5627,2297
2348,4096,4114,3068,1078
2349,4096,4114,3073,1099
2350,4096,1777,11962,3779
2351,4096,1120,2581,3162
2352,4096,4114,3071,1098
2353,4096,606,5867,2554
2354,4096,4114,3083,1080
2355,4096,4114,3072,1082
2356,4096,1568,13465,3972
2357,4096,4114,3101,1075
2358,4096,4114,3065,1075
2359,4096,4114,3069,1156
2360,4096,4114,3066,1074
2361,4096,418,4861,2898
2362,4096,4114,3090,1073
2363,4096,4114,3081,1081
2364,4096,4114,3068,1077
2365,4096,529,5247,2252
2366,4096,4114,3093,1089
2367,4096,776,7239,3623
2368,4096,4114,3091,1076
2369,4096,1637,11964,4004
2370,4096,859,8016,3201
2371,4096,4114,3063,1076
2372,4096,4114,3065,1072
2373,4096,4114,3069,1073
2374,4096,1184,10016,3776
2375,4096,4114,3074,1078
2376,4096,548,5523,2323
2377,4096,4114,3063,1083
2378,4096,4114,3064,1097
2379,4096,1797,13251,3537
2380,4096,4114,3060,1077
2381,4096,4114,3078,1077
2382,4096,1795,13354,3885
2383,4096,4114,3080,1089
2384,4096,4114,3061,1092
2385,4096,4114,3105,1096
2386,4096,4070,4810,1391
2387,4096,4114,3095,1083
2388,4096,822,7614,3097
2389,4096,1251,9355,3231
2390,4096,185,2898,1776
2391,4096,562,5489,2545
2392,4096,4114,3107,1096
2393,4096,4114,3079,1094
2394,4096,682,6172,2921
2395,4096,4114,3079,1090
2396,4096,643,5952,2553
2397,4096,4114,3092,1091
2398,4096,4114,3063,1076
2399,4096,4114,3086,1080
2400,4096,4114,3072,1076
2401,4096,671,6475,3365
2402,4096,4114,3085,1075
2403,4096,1184,9679,3184
2404,4096,4114,3078,1086
2405,4096,4114,3074,1078
2406,4096,4114,3101,1074
2407,4096,4114,3082,1075
2408,4096,4114,3062,1075
2409,4096,4114,3076,1073
2410,4096,4114,3093,1083
2411,4096,4114,3068,1075
2412,4096,145,2664,1716
2413,4096,4114,3060,1080
2414,4096,4114,3083,1087
2415,4096,4114,3085,1075
2416,4096,4114,3065,1076
2417,4096,749,6517,2517
2418,4096,4114,3097,1077
2419,4096,4114,3088,1073
2420,4096,1893,13632,4005
2421,4096,1075,7511,2623
2422,4096,4114,3081,1071
2423,4096,4028,3921,1250
2424,4096,4114,3078,1075
2425,4096,1568,11594,3875
2426,4096,1448,10331,4135
2427,4096,4114,3103,1091
2428,4096,4114,3097,1078
2429,4096,91,2198,1889
2430,4096,4114,3080,1077
2431,4096,503,4385,2153
2432,4096,4114,3091,1091
2433,4096,846,7527,3040
2434,4096,4114,3092,1094
2435,4096,4114,3061,1102
2436,4096,4114,3074,1094
2437,4096,4114,3065,1092
2438,4096,3172,3157,1846
2439,4096,4114,3076,1077
2440,4096,842,7075,2901
2441,4096,674,6495,3355
2442,4096,662,5766,3078
2443,4096,4114,3078,1090
2444,4096,3172,3103,1813
2445,4096,4060,3914,1230
2446,4096,951,8183,3361
2447,4096,717,6064,3230
2448,4096,709,6669,2863
2449,4096,507,5009,2419
2450,4096,4114,3135,1100
2451,4096,145,2568,1728
2452,4096,4114,3107,1096
2453,4096,1580,12372,3889
2454,4096,4114,3085,1098
2455,4096,4114,3060,1078
2456,4096,1077,7989,3166
2457,4096,1520,9153,3177
2458,4096,562,5455,2485
2459,4096,4114,3079,1076
2460,4096,4114,3085,1074
2461,4096,4114,3078,1079
2462,4096,4114,3075,1080
2463,4096,4114,3058,1073
2464,4096,790,6566,2988
2465,4096,4114,3087,1100
2466,4096,1168,9869,3854
2467,4096,2180,10743,5032
2468,4096,4114,3109,1087
2469,4096,921,8392,3476
2470,4096,4114,3093,1078
2471,4096,4114,3083,1074
2472,4096,4114,3078,1081
2473,4096,292,3613,2150
2474,4096,4114,3094,1090
2475,4096,4114,3093,1076
2476,4096,4114,3074,1085
2477,4096,4114,3063,1073
2478,4096,567,5692,2350
2479,4096,4114,3090,1070
2480,4096,4114,3063,1080
2481,4096,4114,3078,1079
2482,4096,4114,3071,1076
2483,4096,4114,3074,1080
2484,4096,4114,3084,1102
2485,4096,4114,3071,1092
2486,4096,4114,3085,1091
2487,4096,1317,11050,3617
2488,4096,2038,13048,3816
2489,4096,4114,3078,1097
2490,4096,4113,3905,1217
2491,4096,4114,3083,1079
2492,4096,666,4994,2675
2493,4096,4114,3072,1077
2494,4096,4114,3071,1074
2495,4096,4114,3088,1086
2496,4096,4114,3088,1077
2497,4096,4114,3101,1076
2498,4096,4114,3077,1091
2499,4096,4114,3071,1089
2500,4096,4114,3061,1094
2501,4096,4037,5666,1454
2502,4096,4114,3067,1077
2503,4096,4114,3074,1079
2504,4096,3101,3659,1390
2505,4096,581,5925,2676
2506,4096,2306,11276,3876
2507,4096,735,6473,2763
2508,4096,1120,2496,3173
2509,4096,4114,3068,1077
2510,4096,4114,3079,1072
2511,4096,3589,13564,2997
2512,4096,4114,3100,1100
2513,4096,1441,10230,3848
2514,4096,680,5194,2565
2515,4096,4114,3082,1080
2516,4096,4114,3077,1080
2517,4096,4029,3886,1220
2518,4096,4114,3074,1073
2519,4096,4114,3051,1073
2520,4096,4114,3061,1090
2521,4096,4114,3071,1077
2522,4096,4114,2996,1243
2523,4096,4114,3082,1092
2524,4096,4114,3076,1074
2525,4096,1479,10745,3624
2526,4096,1495,9567,3748
2527,4096,836,7341,3007
2528,4096,574,5543,2393
2529,4096,1144,8345,2778
2530,4096,4114,3088,1088
2531,4096,4114,3082,1086
2532,4096,4114,3062,1085
2533,4096,4114,3064,1086
2534,4096,1416,9210,3736
2535,4096,4114,3090,1075
2536,4096,4114,3067,1070
2537,4096,811,7326,2938
2538,4096,1403,10613,4212
2539,4096,1460,8693,4149
2540,4096,140,2469,1984
2541,4096,1660,11560,4097
2542,4096,1558,12476,3744
2543,4096,1489,11948,4020
2544,4096,1895,8771,3189
2545,4096,1597,12047,4052
2546,4096,488,5061,2849
2547,4096,980,5358,3034
2548,4096,473,4226,2243
2549,4096,4114,3094,1089
2550,4096,288,3767,2360
2551,4096,1032,8712,3302
2552,4096,1882,13417,3969
2553,4096,1164,9860,3998
2554,4096,4114,3113,1088
2555,4096,1171,6430,3270
2556,4096,1099,7657,2359
2557,4096,1845,12914,3508
2558,4096,1300,10839,4131
2559,4096,4114,3083,1088
2560,4096,769,6933,3379
2561,4096,759,6487,3301
2562,4096,764,6662,2705
2563,4096,338,4087,2385
2564,4096,666,5251,2681
2565,4096,674,6152,3287
2566,4096,1692,10554,3620
2567,4096,741,6179,2547
2568,4096,4114,3085,1090
2569,4096,182,2832,1802
2570,4096,999,7714,2692
2571,4096,4114,3110,1094
2572,4096,1289,8147,3620
2573,4096,4114,3079,1097
2574,4096,1061,8684,3580
2575,4096,183,2858,1638
2576,4096,1278,10942,3703
2577,4096,1636,10752,3321
2578,4096,1248,9126,3587
2579,4096,4114,3075,1090
2580,4096,1364,10502,3866
2581,4096,47,1788,1686
2582,4096,4114,3068,1088
2583,4096,4114,3068,1091
2584,4096,4114,3063,1088
2585,4096,2194,13470,3562
2586,4096,771,5490,2720
2587,4096,1203,8806,3368
2588,4096,4114,3068,1090
2589,4096,1357,10489,3730
2590,4096,1936,13785,3936
2591,4096,1448,10267,4183
2592,4096,4114,3099,1090
2593,4096,1046,8969,2997
2594,4096,196,2898,1633
2595,4096,945,6293,3226
2596,4096,1734,9764,3129
2597,4096,4114,3083,1096
2598,4096,1631,10384,4453
2599,4096,1012,8228,4023
2600,4096,713,7059,2773
2601,4096,4114,3078,1086
2602,4096,4114,3076,1088
2603,4096,145,2528,1646
2604,4096,4114,3068,1081
2605,4096,1273,8986,3686
2606,4096,2002,11052,3405
2607,4096,947,8143,3117
2608,4096,140,2570,2009
2609,4096,1817,13792,4044
2610,4096,1375,9594,3990
2611,4096,4114,3104,1088
2612,4096,4114,3064,1090
2613,4096,160,2787,1817
2614,4096,1458,9427,3620
2615,4096,4114,3112,1086
2616,4096,4114,3089,1092
2617,4096,1278,10489,3652
2618,4096,4114,3087,1087
2619,4096,589,5455,2582
2620,4096,3172,3157,1846
2621,4096,4114,3067,1097
2622,4096,1947,12472,3125
2623,4096,1395,9029,3190
2624,4096,473,3910,2307
2625,4096,491,4106,2150
2626,4096,4114,3099,1108
2627,4096,708,7028,3071
2628,4096,870,7349,3415
2629,4096,1989,11444,4551
2630,4096,4114,3058,1110
2631,4096,336,3797,2080
2632,4096,671,6295,3290
2633,4096,1031,8778,2963
2634,4096,1077,7986,3170
2635,4096,2133,12028,4044
2636,4096,1006,8185,3648
2637,4096,1273,9779,3160
2638,4096,1623,11179,3039
2639,4096,4114,3089,1098
2640,4096,1186,8828,2946
2641,4096,4114,3131,1096
2642,4096,1441,10155,3927
2643,4096,1058,8436,2807
2644,4096,1120,8955,3469
2645,4096,761,7053,3212
2646,4096,4114,3087,1087
2647,4096,666,5233,2693
2648,4096,674,6087,3345
2649,4096,829,5461,2787
2650,4096,4114,3106,1099
2651,4096,398,4522,2718
2652,4096,1323,10160,3727
2653,4096,741,6129,2574
2654,4096,1770,12475,3677
2655,4096,1601,11996,2599
2656,4096,284,3768,2270
2657,4096,70,2001,1424
2658,4096,4114,3109,1098
2659,4096,1092,3605,1540
2660,4096,4114,3094,1090
2661,4096,4114,3086,1092
2662,4096,491,4208,2206
2663,4096,3953,6943,1701
2664,4096,769,7068,3460
2665,4096,4114,3113,1081
2666,4096,4114,3065,1066
2667,4096,4114,3079,1085
2668,4096,4114,3075,1072
2669,4096,4114,3068,1075
2670,4096,4114,3092,1089
2671,4096,4114,3085,1069
2672,4096,4114,3075,1076
2673,4096,4114,3076,1075
2674,4096,4114,3078,1094
2675,4096,4114,3079,1088
2676,4096,4114,3065,1083
2677,4096,1351,3754,1575
2678,4096,4114,3073,1117
2679,4096,4114,3054,1097
2680,4096,4114,3073,1089
2681,4096,4114,3085,1092
2682,4096,4114,3065,1064
2683,4096,4114,3076,1077
2684,4096,4114,3073,1076
2685,4096,4114,3076,1073
2686,4096,4114,3088,1071
2687,4096,4114,3068,1084
2688,4096,4114,3078,1076
2689,4096,4114,3075,1077
2690,4096,4114,3062,1077
2691,4096,4114,3079,1071
2692,4096,4114,3072,1072
2693,4096,4114,3073,1069
2694,4096,4114,3066,1071
2695,4096,4114,3068,1091
2696,4096,4114,3078,1089
2697,4096,4114,3075,1091
2698,4096,4114,3068,1075
2699,4096,4114,3072,1073
2700,4096,4114,3084,1070
2701,4096,4114,3065,1072
2702,4096,4114,3095,1068
2703,4096,4114,3077,1071
2704,4096,4114,3073,1072
2705,4096,4114,3079,1074
2706,4096,4114,3066,1074
2707,4096,4114,3074,1070
2708,4096,4114,3066,1073
2709,4096,4114,3069,1074
2710,4096,4114,3057,1073
2711,4096,4114,3072,1083
2712,4096,4114,3088,1087
2713,4096,4114,3063,1089
2714,4096,4114,3054,1084
2715,4096,4114,3065,1088
2716,4096,4114,3064,1071
2717,4096,4114,3075,1088
2718,4096,4114,3099,1072
2719,4096,4114,3062,1075
2720,4096,4114,3071,1078
2721,4096,4114,3080,1067
2722,4096,4114,3076,1075
2723,4096,4114,3055,1071
2724,4096,1679,11512,3227
2725,4096,4114,3074,1088
2726,4096,4114,3070,1069
2727,4096,4114,3084,1072
2728,4096,4114,3089,1073
2729,4096,4114,3076,1078
2730,4096,4114,3094,1074
2731,4096,4114,3071,1075
2732,4096,4114,3050,1069
2733,4096,4114,3077,1068
2734,4096,4114,3095,1073
2735,4096,4114,3085,1077
2736,4096,4114,3058,1078
2737,4096,4114,3068,1075
2738,4096,3459,16502,2975
2739,4096,4114,3076,1093
2740,4096,4114,3071,1097
2741,4096,4114,3065,1071
2742,4096,4114,3073,1077
2743,4096,4114,3057,1078
2744,4096,4114,3067,1078
2745,4096,4099,5514,1632
2746,4096,4114,3074,1083
2747,4096,4114,3058,1074
2748,4096,4114,3081,1075
2749,4096,4114,3069,1075
2750,4096,4114,3084,1073
2751,4096,4114,3077,1088
2752,4096,4114,3047,1084
2753,4096,4114,5327,445
2754,4096,4114,3096,1076
2755,4096,4114,3083,1085
2756,4096,4114,3065,1075
2757,4096,4114,3068,1080
2758,4096,4114,3070,1070
2759,4096,4114,3045,1080
2760,4096,4114,3063,1091
2761,4096,4114,3054,1092
2762,4096,4114,3061,1092
2763,4096,4114,3056,1075
2764,4096,4114,3058,1070
2765,4096,1128,6537,3310
2766,4096,4114,3063,1076
2767,4096,4114,3063,1074
2768,4096,4114,3075,1099
2769,4096,4114,3070,1078
2770,4096,4114,3078,1093
2771,4096,4114,3076,1088
2772,4096,4114,3062,1088
2773,4096,2088,3460,1522
2774,4096,4114,3062,1073
2775,4096,4114,3071,1081
2776,4096,4114,3082,1070
2777,4096,4114,3076,1085
2778,4096,4114,3070,1076
2779,4096,4114,3063,1080
2780,4096,4114,3062,1082
2781,4096,4114,3059,1080
2782,4096,4114,3080,1074
2783,4096,4114,3079,1078
2784,4096,4114,3075,1066
2785,4096,4114,3078,1072
2786,4096,4114,3073,1074
2787,4096,4114,3074,1077
2788,4096,4114,3064,1076
2789,4096,4114,3071,1078
2790,4096,4114,3064,1071
2791,4096,4114,3073,1073
2792,4096,4114,3061,1074
2793,4096,3927,3900,1283
2794,4096,4114,3048,1068
2795,4096,1454,11410,3803
2796,4096,4114,3088,1074
2797,4096,4114,3074,1073
2798,4096,549,4475,2315
2799,4096,615,6070,2888
2800,4096,569,5576,2367
2801,4096,4114,3059,1100
2802,4096,1908,11768,4637
2803,4096,1367,10680,3674
2804,4096,4114,3106,1098
2805,4096,680,5384,2526
2806,4096,4114,3069,1087
2807,4096,4114,3045,1087
2808,4096,4114,3065,1076
2809,4096,3172,3118,1820
2810,4096,615,5456,2674
2811,4096,4114,3071,1090
2812,4096,1947,12598,3150
2813,4096,1995,11300,3312
2814,4096,1583,12283,3328
2815,4096,563,5780,2499
2816,4096,1947,11565,2918
2817,4096,901,7858,3013
2818,4096,4114,3072,1091
2819,4096,4114,3076,1090
2820,4096,4114,3058,1081
2821,4096,647,5977,2770
2822,4096,4114,3071,1074
2823,4096,4114,3084,1069
2824,4096,4114,3081,1080
2825,4096,4114,3049,1094
2826,4096,4114,3076,1077
2827,4096,4114,3067,1080
2828,4096,717,6278,3170
2829,4096,4114,3065,1086
2830,4096,4114,3068,1090
2831,4096,4114,3064,1076
2832,4096,4114,3054,1079
2833,4096,4114,3067,1069
2834,4096,716,6409,2903
2835,4096,4114,3065,1095
2836,4096,4114,3070,1089
2837,4096,4114,3070,1092
2838,4096,4114,3078,1094
2839,4096,4114,3061,1087
2840,4096,4114,3079,1088
2841,4096,1626,13245,3672
2842,4096,4114,3090,1068
2843,4096,4114,3058,1069
2844,4096,4114,3089,1074
2845,4096,4114,3068,1087
2846,4096,4114,3089,1100
2847,4096,1177,8133,2790
2848,4096,673,5675,2699
2849,4096,4114,2881,1001
2850,4096,4114,2861,1004
2851,4096,1099,7174,2263
2852,4096,4114,2869,1007
2853,4096,4114,2867,1007
2854,4096,4114,2867,1003
2855,4096,1602,9391,2559
2856,4096,738,6103,3021
2857,4096,586,5325,2351
2858,4096,4114,2875,1016
2859,4096,4114,2876,1005
2860,4096,4114,2883,1002
2861,4096,1120,2381,2964
2862,4096,628,5035,2522
2863,4096,1123,7954,3250
2864,4096,4114,2863,1006
2865,4096,4114,2866,1025
2866,4096,4114,2865,1027
2867,4096,4114,2876,1014
2868,4096,492,4801,2350
2869,4096,3101,3435,1311
2870,4096,4114,2885,1017
2871,4096,633,5588,2842
2872,4096,4114,2875,1007
2873,4096,4114,2863,1005
2874,4096,4114,2862,1004
2875,4096,4114,2867,1001
2876,4096,1371,9913,3404
2877,4096,4114,2870,1020
2878,4096,766,6657,2783
2879,4096,4114,2886,1005
2880,4096,4114,2861,1004
2881,4096,4114,2882,1008
2882,4096,4114,2878,1001
2883,4096,707,6061,2492
2884,4096,4114,2883,1017
2885,4096,4114,2861,1014
2886,4096,1524,10185,3588
2887,4096,4114,2868,1002
2888,4096,4114,2870,1004
2889,4096,4114,2872,1029
2890,4096,4114,2868,1015
2891,4096,4114,2853,1022
2892,4096,4114,2858,1011
2893,4096,633,5176,2475
2894,4096,4114,2862,1002
2895,4096,1049,8059,3350
2896,4096,4114,2866,1004
2897,4096,4114,2860,1008
2898,4096,4114,2860,1006
2899,4096,964,7826,2903
2900,4096,4114,2872,1006
2901,4096,4114,2858,1002
2902,4096,4114,2890,999
2903,4096,4114,2876,1007
2904,4096,4114,2872,1017
2905,4096,4114,2863,1022
2906,4096,4114,2867,1017
2907,4096,830,6913,2980
2908,4096,4114,2877,1000
2909,4096,4114,2889,1008
2910,4096,4114,2873,1020
2911,4096,4114,2883,1009
2912,4096,4114,2876,1013
2913,4096,4114,2889,1010
2914,4096,4114,2883,1003
2915,4096,581,5250,2392
2916,4096,4114,2876,1024
2917,4096,1325,9570,3475
2918,4096,199,2306,1928
2919,4096,784,4716,2540
2920,4096,4114,2877,1014
2921,4096,4114,2876,1009
2922,4096,762,6380,2799
2923,4096,1467,10890,3183
2924,4096,4114,2859,1022
2925,4096,525,4873,2188
2926,4096,787,6718,2647
2927,4096,4114,2881,1025
2928,4096,4114,2881,1027
2929,4096,4114,2879,1003
2930,4096,4114,2869,1004
2931,4096,4114,2868,1000
2932,4096,4114,2868,1009
2933,4096,4114,2923,1025
2934,4096,534,4666,2103
2935,4096,4114,3108,1092
2936,4096,673,5856,2924
2937,4096,4114,3074,1094
2938,4096,1064,6972,3089
2939,4096,4114,3071,1093
2940,4096,4114,3060,1083
2941,4096,4114,3073,1087
2942,4096,4114,3056,1088
