1,4096,39,380660,58133
2,4096,294,484616,66503
3,4096,507,466528,56501
4,4096,117,293707,57602
5,4096,1050,748150,86146
6,4096,586,472446,70117
7,4096,798,529273,54956
8,4096,778,489520,50709
9,4096,813,535600,76158
10,4096,1101,1061415,85951
11,4096,1230,1060967,60293
12,4096,1241,449141,60759
13,4096,1285,455804,60766
14,4096,1763,617028,68551
15,4096,994,351487,52240
16,4096,313,234911,30338
17,4096,293,286804,39647
18,4096,507,278622,36136
19,4096,699,324657,48068
20,4096,955,271391,49560
21,4096,1159,418356,58150
22,4096,635,268628,42031
23,4096,848,345881,50378
24,4096,501,268453,32998
25,4096,707,348796,46046
26,4096,617,483816,39278
27,4096,1652,488918,63336
28,4096,1163,405169,59339
29,4096,758,375395,49046
30,4096,719,313278,47455
31,4096,232,222054,38589
32,4096,1190,358880,57301
33,4096,1280,456026,59947
34,4096,99,181013,34493
35,4096,797,301265,30988
36,4096,1182,248636,37668
37,4096,705,179807,28333
38,4096,616,163628,26495
39,4096,4079,201357,37940
40,4096,4078,204664,38027
41,4096,4106,212127,38122
42,4096,3876,250704,51520
43,4096,4086,238363,45360
44,4096,4084,235775,44754
45,4096,4086,232448,44448
46,4096,4069,232663,44138
47,4096,4093,233891,44406
48,4096,4077,233877,44886
49,4096,4093,232276,43923
50,4096,4105,229751,43453
51,4096,4084,233572,57105
52,4096,4077,200152,37882
53,4096,4092,198818,37307
54,4096,4088,199548,37383
55,4096,4083,206008,37861
56,4096,4096,197989,37468
57,4096,4091,198168,38155
58,4096,4094,199304,37300
59,4096,4087,200188,37561
60,4096,4097,198070,36704
61,4096,4094,197739,37928
62,4096,4091,199264,37422
63,4096,4083,202825,38004
64,4096,4083,196569,36680
65,4096,4083,199637,37806
66,4096,4097,197916,37514
67,4096,4089,199697,37428
68,4096,4093,197991,37238
69,4096,4092,197475,36774
70,4096,4090,198272,37338
71,4096,4097,206331,37653
72,4096,4074,199664,37704
73,4096,2012,184630,32997
74,4096,4098,198662,37521
75,4096,4088,200271,38066
76,4096,4105,197659,37090
77,4096,4156,197940,35747
78,4096,4088,198620,35697
79,4096,2292,451442,41734
80,4096,4081,189148,36410
81,4096,4087,186692,34724
82,4096,460,172171,17472
83,4096,4080,184924,34769
84,4096,4095,185719,35059
85,4096,4097,190896,35019
86,4096,4093,184871,33967
87,4096,4097,187470,35126
88,4096,4087,184574,50436
89,4096,4093,186538,35361
90,4096,4095,184774,35100
91,4096,4097,186688,35956
92,4096,4082,186876,35180
93,4096,4089,185939,35644
94,4096,4068,186622,34731
95,4096,4086,188373,34698
96,4096,2022,166754,30117
97,4096,4088,186412,35155
98,4096,4098,184542,34417
99,4096,4093,188503,35495
100,4096,4092,183896,35104
101,4096,4091,186218,34961
102,4096,4090,196577,35923
103,4096,4089,184739,35151
104,4096,4090,185128,35194
105,4096,4086,187688,35280
106,4096,546,174969,18730
107,4096,4094,186219,35333
108,4096,2033,172613,30415
109,4096,4085,187991,35833
110,4096,4091,186647,35585
111,4096,4066,187194,35298
112,4096,4151,183665,33296
113,4096,4094,186809,34895
114,4096,4095,186136,35152
115,4096,4159,182897,33256
116,4096,4095,205136,35595
117,4096,3034,177117,34477
118,4096,4092,185981,35532
119,4096,4068,188898,36214
120,4096,4085,205718,37952
121,4096,4080,200129,38160
122,4096,4089,197556,37244
123,4096,4096,199211,48220
124,4096,4102,184678,34781
125,4096,4099,184681,34894
126,4096,4089,192680,35172
127,4096,4091,186917,35178
128,4096,3020,178907,35142
129,4096,4094,192326,36112
130,4096,4083,184270,34698
131,4096,3865,197314,38259
132,4096,4087,183810,34966
133,4096,4088,184421,34930
134,4096,4089,183813,35362
135,4096,4081,184221,34786
136,4096,4088,186141,34825
137,4096,4091,194915,35340
138,4096,4085,183746,34580
139,4096,4095,215395,37175
140,4096,4098,198489,37635
141,4096,4089,198286,37154
142,4096,4092,200148,37983
143,4096,4088,197402,47712
144,4096,4087,184928,34800
145,4096,4094,185897,34403
146,4096,4089,187067,34989
147,4096,4088,183844,34343
148,4096,4092,184030,35304
149,4096,4085,186926,35883
150,4096,4096,186653,35454
151,4096,4086,185626,35324
152,4096,4097,183935,34895
153,4096,4155,187979,33369
154,4096,764,215551,28787
155,4096,4086,187788,34889
156,4096,4090,185251,35290
157,4096,4005,212368,37288
158,4096,3894,228274,39967
159,4096,4097,199858,37524
160,4096,4089,198426,36958
161,4096,4088,197709,37155
162,4096,458,173271,23252
163,4096,4099,186983,34959
164,4096,3997,200624,38727
165,4096,414,157237,23503
166,4096,4097,186030,34608
167,4096,4083,185832,35022
168,4096,4072,192413,36012
169,4096,4081,187519,35056
170,4096,405,149052,23237
171,4096,4077,187456,35592
172,4096,3830,197454,43828
173,4096,4090,188445,35347
174,4096,4089,185182,35096
175,4096,4084,186047,35202
176,4096,4091,185293,35069
177,4096,4086,184509,34396
178,4096,4089,184688,35161
179,4096,4087,185176,34704
180,4096,4085,185119,35285
181,4096,4094,186062,34968
182,4096,4080,186387,38679
183,4096,405,166514,22951
184,4096,4091,188659,35699
185,4096,4091,187216,35070
186,4096,3874,192698,37780
187,4096,4079,187190,35480
188,4096,4086,184102,34633
189,4096,4086,185489,34906
190,4096,4087,184795,34579
191,4096,3898,201176,40255
192,4096,4096,184256,34564
193,4096,4080,186936,35077
194,4096,4058,184424,35612
195,4096,408,154242,23273
196,4096,4091,185894,35373
197,4096,4084,187282,38100
198,4096,4081,185972,35151
199,4096,4088,188134,35877
200,4096,4082,184894,34700
201,4096,3944,205365,40155
202,4096,4088,184846,34715
203,4096,4097,185198,34887
204,4096,4081,182606,36219
205,4096,1128,155410,26888
206,4096,4101,184718,34736
207,4096,4091,186299,35067
208,4096,4090,185645,36282
209,4096,4084,186214,35273
210,4096,4086,184707,34598
211,4096,4104,183939,34180
212,4096,4102,191524,35106
213,4096,4091,185095,34952
214,4096,4081,185972,35376
215,4096,4067,196638,35105
216,4096,4099,186655,35156
217,4096,4094,184722,35471
218,4096,4116,192100,35539
219,4096,4096,183108,34543
220,4096,4091,185064,35950
221,4096,4076,186567,35141
222,4096,4092,186889,34671
223,4096,4102,183964,34450
224,4096,4086,185023,52560
225,4096,2556,302644,49016
226,4096,4099,197352,37399
227,4096,4082,197553,37741
228,4096,4100,206134,34729
229,4096,4083,187034,35406
230,4096,4085,186718,34898
231,4096,4086,185819,35123
232,4096,4076,186759,35152
233,4096,4094,186838,35098
234,4096,4091,184322,35213
235,4096,4088,185295,36573
236,4096,4099,185215,34586
237,4096,3014,175000,34200
238,4096,4096,185882,35122
239,4096,4101,185262,34883
240,4096,4083,189895,34887
241,4096,4063,189216,36582
242,4096,4090,186123,34669
243,4096,4090,185811,37302
244,4096,530,180719,42637
245,4096,4082,200244,37730
246,4096,4150,197800,35364
247,4096,4090,206467,37056
248,4096,4093,198775,37882
249,4096,4086,201338,38401
250,4096,4090,197685,37271
251,4096,454,163544,24727
252,4096,4147,195268,35937
253,4096,4089,200100,37751
254,4096,4096,200664,34793
255,4096,4084,187345,35537
256,4096,4102,184808,34581
257,4096,4088,185403,35189
258,4096,4085,192473,35766
259,4096,4095,186719,35131
260,4096,4081,183560,34994
261,4096,4095,190967,35036
262,4096,4095,183684,34314
263,4096,4093,185863,34544
264,4096,4087,185007,35317
265,4096,434,145422,25315
266,4096,4092,186747,35602
267,4096,4077,185503,34791
268,4096,4093,183940,34606
269,4096,4086,186484,35195
270,4096,4076,184421,34700
271,4096,4084,186309,34503
272,4096,4093,186075,34548
273,4096,4090,185851,34923
274,4096,4080,184285,34808
275,4096,3942,198270,37340
276,4096,4098,192655,34441
277,4096,4089,185560,34935
278,4096,4091,183676,34793
279,4096,4089,194186,35216
280,4096,4080,185871,35163
281,4096,4084,186827,34908
282,4096,4089,186691,36734
283,4096,4063,187014,35495
284,4096,4104,183217,34581
285,4096,4085,184107,35206
286,4096,4082,186453,34863
287,4096,4093,186288,35272
288,4096,4082,185111,34520
289,4096,4084,191798,34872
290,4096,4094,184627,34863
291,4096,4078,184940,34676
292,4096,4105,184732,45839
293,4096,832,205121,27943
294,4096,4083,186576,35313
295,4096,425,150727,16879
296,4096,4092,186383,35249
297,4096,4080,206906,37481
298,4096,4079,196827,37265
299,4096,611,209851,20610
300,4096,4092,201047,38307
301,4096,4070,199029,37716
302,4096,1124,147459,26689
303,4096,4089,184694,34949
304,4096,4093,185222,34574
305,4096,4098,185997,38408
306,4096,2968,175953,34240
307,4096,4085,187407,35639
308,4096,4099,185336,34842
309,4096,4086,191742,34712
310,4096,4079,225059,38125
311,4096,4072,201808,38076
312,4096,4084,198045,36867
313,4096,4088,201914,46463
314,4096,4083,184336,35336
315,4096,4098,186771,34934
316,4096,4090,184472,34756
317,4096,4097,188300,34926
318,4096,3886,191406,36983
319,4096,4090,188142,35439
320,4096,4086,186121,35680
321,4096,4101,186356,34748
322,4096,4086,192445,35433
323,4096,4084,185201,35335
324,4096,605,192345,19523
325,4096,4095,188229,35691
326,4096,4088,197393,35114
327,4096,4161,185798,34234
328,4096,4067,184280,35575
329,4096,4159,184966,33368
330,4096,4072,188175,36265
331,4096,4080,184081,35034
332,4096,4096,184570,34777
333,4096,4090,187008,34591
334,4096,4077,185991,35356
335,4096,4038,187060,36909
336,4096,4089,195140,35209
337,4096,4085,185551,34901
338,4096,4093,184530,34363
339,4096,4080,183867,34998
340,4096,4082,184534,34975
341,4096,4084,186316,34993
342,4096,4090,183368,34645
343,4096,4098,183698,34696
344,4096,420,159363,18001
345,4096,4090,186420,35390
346,4096,4096,183965,34875
347,4096,4089,185109,34770
348,4096,4073,191347,35792
349,4096,4090,185987,35368
350,4096,4087,185375,34907
351,4096,4089,192671,35254
352,4096,4102,184162,35348
353,4096,4093,184826,35173
354,4096,4092,184131,35040
355,4096,4079,184526,34906
356,4096,4077,185423,35530
357,4096,4088,185775,35153
358,4096,4095,186923,34563
359,4096,4088,185037,34680
360,4096,4090,183662,35042
361,4096,4083,189953,34670
362,4096,4081,185184,34804
363,4096,4104,185825,35294
364,4096,4083,184516,34673
365,4096,4096,184822,34645
366,4096,4080,184736,34614
367,4096,4051,185888,36563
368,4096,433,154376,16914
369,4096,4098,192498,35954
370,4096,4083,184925,35481
371,4096,4094,185273,34755
372,4096,4082,193729,35291
373,4096,4086,187627,35578
374,4096,4098,185439,34675
375,4096,4099,185890,35603
376,4096,4088,185426,34567
377,4096,4085,184351,35137
378,4096,4098,186904,35061
379,4096,4062,187702,35880
380,4096,4095,184153,34397
381,4096,4096,186144,34499
382,4096,4087,189875,34831
383,4096,4098,186854,34995
384,4096,4094,185319,35215
385,4096,4089,197816,31962
386,4096,4091,185439,34455
387,4096,4099,184157,34175
388,4096,4085,185188,34688
389,4096,4098,185716,34780
390,4096,4089,185923,34961
391,4096,4097,186548,35044
392,4096,4077,186420,35558
393,4096,4089,185465,34853
394,4096,4099,184900,34801
395,4096,4099,191831,35223
396,4096,4098,185237,34999
397,4096,4082,186392,34562
398,4096,4071,185554,34948
399,4096,4092,186251,35546
400,4096,4089,183465,34305
401,4096,4156,181885,32680
402,4096,4090,186035,35137
403,4096,4080,186054,36147
404,4096,4096,186642,35207
405,4096,4094,184772,34407
406,4096,4086,188131,35821
407,4096,454,175545,18613
408,4096,4085,198244,38188
409,4096,4085,203098,37317
410,4096,4089,200728,37753
411,4096,4087,200126,37779
412,4096,4092,203774,35068
413,4096,4087,184976,35098
414,4096,4065,191784,36387
415,4096,4081,186587,34837
416,4096,4094,192152,35392
417,4096,4077,185941,35594
418,4096,4092,183473,34993
419,4096,4096,186149,34974
420,4096,4085,187165,35671
421,4096,4093,184319,34426
422,4096,4102,183846,34544
423,4096,4078,187454,36536
424,4096,4090,183771,34933
425,4096,4091,185789,34739
426,4096,4087,185627,35058
427,4096,4094,193287,35408
428,4096,4082,184847,35092
429,4096,4102,185928,35294
430,4096,4090,193312,35753
431,4096,4084,186502,35353
432,4096,4085,184061,34659
433,4096,4096,184957,36133
434,4096,4088,185940,35181
435,4096,4081,185629,35094
436,4096,4070,183483,34851
437,4096,4085,201851,37037
438,4096,4099,195788,36635
439,4096,439,177928,26579
440,4096,4088,195914,37492
441,4096,4095,203171,34946
442,4096,4085,187124,35251
443,4096,3884,192654,37624
444,4096,4089,220915,37288
445,4096,3895,211990,41398
446,4096,4091,200100,37878
447,4096,4098,200193,39020
448,4096,4090,199859,37560
449,4096,4084,199496,38056
450,4096,4075,197493,37234
451,4096,3900,203309,39513
452,4096,4097,197872,37164
453,4096,4082,197053,36730
454,4096,4083,206166,37270
455,4096,401,161241,25316
456,4096,4092,196787,37680
457,4096,3983,208181,37412
458,4096,4095,191040,40777
459,4096,4092,199464,37560
460,4096,4079,198927,37861
461,4096,4090,202386,37520
462,4096,4094,221938,38460
463,4096,918,260820,32674
464,4096,4095,201274,37621
465,4096,4084,197887,37107
466,4096,4092,206117,34599
467,4096,4097,184932,34640
468,4096,4085,190690,35213
469,4096,4086,184749,34748
470,4096,4082,184634,34906
471,4096,4087,196342,35344
472,4096,4095,185275,35165
473,4096,520,175025,24697
474,4096,4096,183580,34603
475,4096,4083,184983,37085
476,4096,702,190883,27228
477,4096,152,110326,17224
478,4096,4095,184573,35064
479,4096,4076,185680,35193
480,4096,4088,187933,34988
481,4096,4104,184778,34797
482,4096,4112,184767,34367
483,4096,4094,184983,35054
484,4096,4090,191935,35532
485,4096,3820,198488,37362
486,4096,4039,190676,36487
487,4096,4088,208835,37462
488,4096,623,249706,24733
489,4096,4094,231253,43630
490,4096,4088,231966,43642
491,4096,4093,234384,43894
492,4096,4086,209058,37656
493,4096,4089,201882,37596
494,4096,4085,199150,37067
495,4096,4098,196799,37850
496,4096,4086,197168,37071
497,4096,4162,203263,35622
498,4096,4096,197503,37754
499,4096,4095,200184,38061
500,4096,4094,217138,37770
501,4096,4094,200727,37989
502,4096,4091,197650,37267
503,4096,4075,199791,37761
504,4096,3875,203660,40364
505,4096,4091,198721,37937
506,4096,4096,197362,39046
507,4096,4083,199502,37469
508,4096,4086,198740,37049
509,4096,4106,208575,37705
510,4096,4081,197220,36987
511,4096,4082,197457,37251
512,4096,4073,198825,37177
513,4096,4087,203591,38415
514,4096,4099,199344,37751
515,4096,4055,201654,38941
516,4096,4095,196283,37217
517,4096,4089,196496,41496
518,4096,4087,198139,36939
519,4096,4081,197850,37439
520,4096,3875,209477,40745
521,4096,3812,210652,45505
522,4096,4040,203066,39686
523,4096,4102,199486,38040
524,4096,408,165659,24737
525,4096,4088,200108,37656
526,4096,4099,198328,37157
527,4096,4085,198360,37031
528,4096,4081,199092,37488
529,4096,4093,197727,37309
530,4096,4084,198885,37709
531,4096,454,163990,24942
532,4096,4090,197385,37551
533,4096,4094,202991,37054
534,4096,4088,198342,37388
535,4096,4085,198306,37015
536,4096,4083,198567,37366
537,4096,4093,204969,37397
538,4096,4075,197847,37915
539,4096,4091,197884,37522
540,4096,531,187230,19878
541,4096,4098,201229,37838
542,4096,4081,197999,35467
543,4096,4152,183149,33255
544,4096,4087,185557,35336
545,4096,3880,190877,38244
546,4096,4087,184833,35173
547,4096,4097,185166,35181
548,4096,4103,186476,35305
549,4096,4086,184292,34603
550,4096,3011,181969,34253
551,4096,4093,186183,35043
552,4096,4074,183379,35438
553,4096,4091,195944,35397
554,4096,4109,185116,34592
555,4096,4079,184134,34586
556,4096,4081,183575,35318
557,4096,4082,186347,35098
558,4096,1116,147047,26876
559,4096,4099,216070,37727
560,4096,4092,199069,37900
561,4096,4100,198165,37685
562,4096,4088,199826,37478
563,4096,4097,184905,35103
564,4096,3911,193853,37089
565,4096,4092,184950,34765
566,4096,4090,184020,34894
567,4096,4100,199520,34868
568,4096,4097,185011,34826
569,4096,4092,182871,34230
570,4096,3955,194190,37167
571,4096,4088,185308,34975
572,4096,3876,191845,37171
573,4096,4107,184560,34737
574,4096,4086,186679,35086
575,4096,4083,187342,34974
576,4096,4083,185524,34858
577,4096,4085,188916,37230
578,4096,4087,186071,35159
579,4096,4085,184747,35256
580,4096,4084,185081,34875
581,4096,4088,213178,37358
582,4096,4097,197448,37099
583,4096,4095,196784,36440
584,4096,4090,198725,37869
585,4096,4088,197511,36335
586,4096,4093,196372,36954
587,4096,4096,198577,37325
588,4096,4103,198567,36744
589,4096,4094,197557,38069
590,4096,4086,205599,37978
591,4096,4091,198604,37329
592,4096,4097,197311,37203
593,4096,4073,206839,37826
594,4096,4097,196706,36908
595,4096,4091,197661,37364
596,4096,4091,196980,38183
597,4096,4088,199650,37371
598,4096,4100,198878,37641
599,4096,3881,207059,39807
600,4096,4095,197634,37335
601,4096,4092,196037,37786
602,4096,4093,196867,37477
603,4096,4079,205173,37050
604,4096,546,191539,20355
605,4096,4076,202576,38574
606,4096,4078,199000,38032
607,4096,4093,199484,37423
608,4096,4077,196875,37120
609,4096,4087,200176,37004
610,4096,4091,195995,36671
611,4096,4047,200786,38854
612,4096,4088,198705,38203
613,4096,4089,198841,37197
614,4096,4099,205386,37405
615,4096,4156,195745,35192
616,4096,4099,204661,37332
617,4096,4097,200779,37598
618,4096,4096,199725,37236
619,4096,4091,203817,37269
620,4096,4097,197204,37161
621,4096,4088,199270,37959
622,4096,4095,205577,37733
623,4096,4081,199233,37894
624,4096,4089,198253,37822
625,4096,4090,199113,37247
626,4096,4092,197866,36873
627,4096,4075,198949,37945
628,4096,4087,197942,38330
629,4096,3049,187124,36312
630,4096,4089,201972,37830
631,4096,2957,188768,36806
632,4096,4092,198887,40973
633,4096,4097,199001,37550
634,4096,4082,197262,37500
635,4096,4094,197821,37078
636,4096,433,166708,18251
637,4096,4104,199361,37639
638,4096,4086,198990,37574
639,4096,4099,198944,37572
640,4096,4101,196767,36767
641,4096,3985,206222,40321
642,4096,4098,199056,37218
643,4096,1117,160458,28716
644,4096,4100,199336,37950
645,4096,4079,199491,37365
646,4096,4095,198222,37154
647,4096,4096,199343,37442
648,4096,3888,202645,39562
649,4096,443,161995,18531
650,4096,4077,199720,38095
651,4096,4081,197804,37670
652,4096,4093,196866,37101
653,4096,4083,198859,51031
654,4096,4101,198941,37432
655,4096,4084,204034,37525
656,4096,4093,197820,37465
657,4096,4080,198281,36965
658,4096,901,262105,31875
659,4096,4094,198969,37446
660,4096,4090,197240,37523
661,4096,4085,201035,38120
662,4096,4092,197267,37098
663,4096,4095,199195,37725
664,4096,4098,204536,37649
665,4096,4101,198836,37220
666,4096,3015,188286,36489
667,4096,3842,213649,39400
668,4096,4079,198759,37869
669,4096,3904,204057,39627
670,4096,4093,199044,37059
671,4096,4088,199553,37209
672,4096,4093,197839,37768
673,4096,3499,262229,44800
674,4096,3910,205710,40841
675,4096,4023,206601,39623
676,4096,4087,199017,37486
677,4096,4098,199518,37324
678,4096,4095,197520,37639
679,4096,3870,209486,38815
680,4096,4099,199109,37070
681,4096,4087,197388,37373
682,4096,4083,198603,37106
683,4096,4090,207332,37828
684,4096,3908,203798,39532
685,4096,4077,199120,37697
686,4096,4073,203243,37688
687,4096,4094,199432,37351
688,4096,4103,197996,37289
689,4096,4080,201924,38039
690,4096,4084,198840,37708
691,4096,4155,200811,35335
692,4096,4086,202080,38072
693,4096,3901,205368,40190
694,4096,4104,196841,37238
695,4096,4091,200408,37903
696,4096,4088,199763,37570
697,4096,4078,199052,37625
698,4096,4090,198634,37514
699,4096,4091,203009,37722
700,4096,4090,200596,37589
701,4096,4088,198698,37813
702,4096,4090,207772,37391
703,4096,4095,199672,36667
704,4096,4083,199647,38121
705,4096,4084,198787,37304
706,4096,4100,197486,37472
707,4096,4091,198489,37760
708,4096,4155,197156,36049
709,4096,4090,198752,38386
710,4096,4103,197559,36840
711,4096,4088,205277,38157
712,4096,4081,199209,37508
713,4096,4090,198716,36955
714,4096,4086,204384,38275
715,4096,4082,199188,37972
716,4096,4084,196569,36669
717,4096,4093,210230,34466
718,4096,4088,199841,37479
719,4096,4095,197789,37223
720,4096,4148,195970,35541
721,4096,4100,205943,38385
722,4096,461,177803,17304
723,4096,4088,184892,35445
724,4096,4089,186172,37897
725,4096,4095,187859,35603
726,4096,4089,185740,35597
727,4096,4093,185362,34888
728,4096,4080,186461,35637
729,4096,4087,186972,35664
730,4096,4083,185802,35583
731,4096,4093,212596,37346
732,4096,4092,198603,37774
733,4096,4161,195179,35499
734,4096,4084,199595,48527
735,4096,4058,191263,36503
736,4096,4095,183042,34635
737,4096,4087,191343,35649
738,4096,4087,186346,35051
739,4096,4086,185481,34699
740,4096,4098,184417,34736
741,4096,441,156249,17343
742,4096,4073,186178,35296
743,4096,4098,184262,34263
744,4096,4084,185118,35432
745,4096,4094,186682,35125
746,4096,4087,185101,35122
747,4096,410,152417,23265
748,4096,4091,185181,34896
749,4096,4089,186920,34911
750,4096,4078,185343,34791
751,4096,4088,186850,35430
752,4096,4088,184651,34156
753,4096,4088,187593,35415
754,4096,4094,185221,34666
755,4096,4079,185709,34991
756,4096,4077,193889,35180
757,4096,4090,184295,34330
758,4096,1131,155488,26906
759,4096,4078,186076,35296
760,4096,4082,185991,35072
761,4096,4090,184642,34768
762,4096,4100,183922,34709
763,4096,4094,187183,34698
764,4096,4088,185595,34748
765,4096,4105,185026,35317
766,4096,4087,219209,37121
767,4096,3951,202665,38758
768,4096,4090,198979,37809
769,4096,4098,208421,34661
770,4096,3788,200484,36927
771,4096,4156,183452,33067
772,4096,4090,185319,35498
773,4096,4088,185877,35234
774,4096,4097,183344,34391
775,4096,4082,186495,34701
776,4096,4094,183979,34921
777,4096,4096,184889,34615
778,4096,4099,184819,34976
779,4096,4064,186382,53946
780,4096,4080,197877,36851
781,4096,602,208310,28453
782,4096,4096,197831,37334
783,4096,4089,198955,43868
784,4096,4097,205139,35172
785,4096,4091,183245,34903
786,4096,4089,184056,34778
787,4096,4090,200818,38001
788,4096,4096,198115,37105
789,4096,4090,196534,37283
790,4096,4078,198208,38636
791,4096,4094,199935,34936
792,4096,3897,188321,36558
793,4096,4101,185357,35037
794,4096,4094,185853,34451
795,4096,3890,190901,37152
796,4096,4087,186217,34945
797,4096,4077,188763,39012
798,4096,4091,188522,35305
799,4096,4082,187327,34686
800,4096,4093,185569,34521
801,4096,4098,185146,34552
802,4096,4070,185465,35837
803,4096,4093,185073,34985
804,4096,4090,187691,35071
805,4096,616,193403,19547
806,4096,4090,186851,36037
807,4096,4085,183179,35075
808,4096,4082,184326,36217
809,4096,4080,185079,34957
810,4096,4099,184952,35081
811,4096,4084,184537,34837
812,4096,4088,191357,35526
813,4096,4077,187708,35513
814,4096,4089,185138,35311
815,4096,4079,198345,35547
816,4096,4096,185079,35506
817,4096,4071,186418,35780
818,4096,4074,186246,35359
819,4096,4082,186047,35232
820,4096,4098,185075,34647
821,4096,4095,184585,35365
822,4096,4097,186176,35101
823,4096,4149,183062,33139
824,4096,3908,191191,37499
825,4096,523,181670,22092
826,4096,4081,188633,36042
827,4096,4092,184859,35025
828,4096,4079,184426,35252
829,4096,4086,193626,34951
830,4096,4081,183571,35013
831,4096,4081,183759,34998
832,4096,4096,184273,35059
833,4096,4084,184565,35274
834,4096,4091,183642,34659
835,4096,4074,185137,35728
836,4096,4159,183619,33136
837,4096,4087,183602,35027
838,4096,4094,185318,34754
839,4096,4080,192494,35479
840,4096,4086,185266,35062
841,4096,4086,185551,35280
842,4096,4088,185571,35204
843,4096,4080,185583,35508
844,4096,4071,185719,35908
845,4096,4078,185465,35137
846,4096,4084,186078,35037
847,4096,4076,185440,35112
848,4096,4087,184891,35172
849,4096,4090,187500,35437
850,4096,4098,184296,34938
851,4096,4070,184302,35623
852,4096,1126,217460,22228
853,4096,4086,192382,35908
854,4096,4073,185757,36245
855,4096,4097,185424,34629
856,4096,4089,185602,35070
857,4096,4085,187174,35148
858,4096,4077,185303,35274
859,4096,3913,188856,36984
860,4096,4045,188917,36150
861,4096,4094,185705,34939
862,4096,3882,191320,37510
863,4096,4094,184917,35100
864,4096,477,157148,17567
865,4096,4093,184306,35139
866,4096,4086,184792,35330
867,4096,4052,188609,36363
868,4096,4091,192791,35604
869,4096,4088,187042,35345
870,4096,4084,184185,34786
871,4096,4094,194095,35156
872,4096,4094,185057,35251
873,4096,4074,185848,36045
874,4096,4104,182950,35333
875,4096,4093,185060,35317
876,4096,4095,183703,34783
877,4096,4071,191822,35410
878,4096,4104,185924,34759
879,4096,602,187330,19037
880,4096,4090,187904,35858
881,4096,4086,186764,35175
882,4096,4085,192433,35604
883,4096,4098,185813,35116
884,4096,4100,183423,34485
885,4096,4082,190679,35048
886,4096,4085,184733,35173
887,4096,4036,186919,36906
888,4096,4094,182606,34189
889,4096,4074,185842,35140
890,4096,4083,183986,34540
891,4096,4096,185418,35183
892,4096,4092,186568,35117
893,4096,4081,182314,34493
894,4096,4095,185699,35009
895,4096,4080,190045,35368
896,4096,4092,185534,34544
897,4096,4094,183849,34663
898,4096,4083,186721,35269
899,4096,4085,186140,35051
900,4096,4069,185437,35564
901,4096,4089,186128,34851
902,4096,4095,185402,34876
903,4096,4092,185272,35336
904,4096,4088,183574,34532
905,4096,4091,186606,35346
906,4096,4094,185718,35738
907,4096,4085,183228,34697
908,4096,4090,185143,34650
909,4096,4088,191529,35914
910,4096,4103,184362,34568
911,4096,4082,183933,35436
912,4096,4088,184815,35069
913,4096,4088,192840,35046
914,4096,4096,185457,35385
915,4096,4088,185630,34699
916,4096,4099,185012,34824
917,4096,4089,189135,35822
918,4096,4086,221705,37771
919,4096,4083,197614,37731
920,4096,4082,198655,37574
921,4096,4098,197836,37008
922,4096,4088,197758,47929
923,4096,4083,185918,34783
924,4096,4083,183315,34381
925,4096,4083,186770,34921
926,4096,4091,183449,34248
927,4096,4070,186302,35067
928,4096,4055,195146,35437
929,4096,4079,185675,34647
930,4096,4089,185794,34771
931,4096,4079,186863,35119
932,4096,4156,181523,32634
933,4096,4067,187198,36132
934,4096,4081,183890,35170
935,4096,4103,186142,35377
936,4096,4096,185569,35056
937,4096,4100,185282,34875
938,4096,4098,188445,35345
939,4096,3879,191299,37292
940,4096,3885,189129,36996
941,4096,4086,186406,35225
942,4096,4073,198390,37985
943,4096,4088,199266,38307
944,4096,4096,196776,37644
945,4096,4090,199581,35243
946,4096,4078,186734,35369
947,4096,4085,184940,34903
948,4096,4083,185530,34392
949,4096,4088,187042,35116
950,4096,4084,197173,36156
951,4096,4084,186211,40180
952,4096,4100,185816,34827
953,4096,4085,186011,35018
954,4096,4091,185662,34995
955,4096,3837,205338,38703
956,4096,4088,184797,34871
957,4096,4091,184845,34973
958,4096,4096,183663,34454
959,4096,1276,414238,29411
960,4096,4083,199005,38195
961,4096,4090,199722,38265
962,4096,4099,198483,38484
963,4096,4106,201073,34777
964,4096,4100,186151,35018
965,4096,4084,185413,35011
966,4096,4095,191322,34901
967,4096,4086,186906,35268
968,4096,4090,185541,34976
969,4096,4092,196263,34705
970,4096,4084,185661,34665
971,4096,4111,194648,35386
972,4096,4087,183971,34946
973,4096,4074,187726,34790
974,4096,414,152783,23562
975,4096,4063,187617,36626
976,4096,4091,185358,35042
977,4096,4093,185564,35097
978,4096,4083,185489,34592
979,4096,4093,184970,35003
980,4096,4088,184522,34941
981,4096,4090,188273,35787
982,4096,4105,184344,34868
983,4096,4086,185522,35419
984,4096,4094,185691,35160
985,4096,4098,185820,35252
986,4096,573,182744,25754
987,4096,4094,187227,35546
988,4096,3961,195220,38243
989,4096,4105,184769,35539
990,4096,4084,185194,34734
991,4096,4099,188257,34761
992,4096,4095,186185,34543
993,4096,3027,177741,35470
994,4096,4094,182856,34445
995,4096,4146,187590,33111
996,4096,4093,185325,35204
997,4096,4019,207034,37512
998,4096,4090,196685,29935
999,4096,410,153196,23279
1000,4096,4088,185039,34920
1001,4096,4080,185956,35254
1002,4096,4151,182346,33540
1003,4096,4151,182713,33289
1004,4096,4082,185429,35525
1005,4096,4090,185522,35259
1006,4096,4085,188063,35213
1007,4096,4091,185765,35342
1008,4096,4102,184479,34506
1009,4096,4147,191327,33289
1010,4096,4085,182958,34486
1011,4096,4085,183269,34875
1012,4096,3899,189582,37542
1013,4096,4097,188199,35612
1014,4096,4088,184944,34846
1015,4096,4094,184709,35102
1016,4096,4087,210424,38085
1017,4096,4149,194865,35501
1018,4096,3883,205409,40524
1019,4096,4082,200124,37941
1020,4096,1114,159935,26722
1021,4096,4102,184858,34735
1022,4096,4092,183631,34865
1023,4096,4102,191475,34978
1024,4096,4081,186636,35148
1025,4096,430,162540,18014
1026,4096,4083,186392,35216
1027,4096,4094,185120,34778
1028,4096,4078,184872,34939
1029,4096,483,152145,24059
1030,4096,4091,184935,35553
1031,4096,4091,187145,35037
1032,4096,4096,184762,34611
1033,4096,4080,186811,35334
1034,4096,4085,186118,36228
1035,4096,4089,185943,35203
1036,4096,4091,184810,34929
1037,4096,4085,186194,35638
1038,4096,4092,190483,34980
1039,4096,4155,182412,32686
1040,4096,3774,199259,37153
1041,4096,4077,197599,35855
1042,4096,4069,185728,35180
1043,4096,4094,184328,35187
1044,4096,4056,186580,36117
1045,4096,4152,189957,33353
1046,4096,3894,190551,37864
1047,4096,4101,185808,35105
1048,4096,4087,184506,34975
1049,4096,4081,186131,34899
1050,4096,4080,185304,35246
1051,4096,4094,184555,34925
1052,4096,4084,190952,34809
1053,4096,4093,187006,35000
1054,4096,4076,186173,35218
1055,4096,4082,194824,36366
1056,4096,3904,190725,37451
1057,4096,4094,186778,34680
1058,4096,3882,191130,37537
1059,4096,4082,186568,35475
1060,4096,3911,190136,36734
1061,4096,4095,186067,34914
1062,4096,3911,189859,37118
1063,4096,338,139346,21548
1064,4096,896,304019,30228
1065,4096,4085,186472,35398
1066,4096,4097,184700,37758
1067,4096,4083,186815,35661
1068,4096,4092,222341,37904
1069,4096,4105,199863,37119
1070,4096,4073,202500,40232
1071,4096,4093,199937,38300
1072,4096,4083,202032,35182
1073,4096,4096,185296,34726
1074,4096,4083,185953,35364
1075,4096,4152,181671,33142
1076,4096,4094,183981,34901
1077,4096,4088,185342,34957
1078,4096,4076,186117,35582
1079,4096,4089,184635,34686
1080,4096,4090,192248,34201
1081,4096,4089,186124,35096
1082,4096,4090,184309,34699
1083,4096,4095,194833,35299
1084,4096,4082,183747,34848
1085,4096,4085,184335,34678
1086,4096,4086,183470,34638
1087,4096,4087,185883,34673
1088,4096,4091,184660,34520
1089,4096,4092,185258,34909
1090,4096,4080,185647,34848
1091,4096,4089,185835,34357
1092,4096,4089,185299,35574
1093,4096,4077,190166,35637
1094,4096,4079,185481,35120
1095,4096,4100,185849,35139
1096,4096,4084,184979,34989
1097,4096,4121,200386,35041
1098,4096,4070,184020,34664
1099,4096,4090,185328,34394
1100,4096,4083,186588,36931
1101,4096,4094,184243,35187
1102,4096,4087,185134,34076
1103,4096,4081,185100,36167
1104,4096,4087,186150,35526
1105,4096,4100,192148,35492
1106,4096,4090,183327,34724
1107,4096,4088,191327,34920
1108,4096,4086,182913,35367
1109,4096,4083,184371,34860
1110,4096,585,188526,19117
1111,4096,4100,186263,36433
1112,4096,4092,186189,35258
1113,4096,4097,185322,34825
1114,4096,4090,184351,34651
1115,4096,4099,185013,34800
1116,4096,4090,184493,34677
1117,4096,4097,182714,34648
1118,4096,556,178901,18896
1119,4096,4094,189706,35844
1120,4096,4091,183662,35010
1121,4096,4090,187113,35134
1122,4096,4090,183535,34803
1123,4096,4092,187827,35532
1124,4096,4084,185911,35663
1125,4096,3024,179490,34702
1126,4096,4084,194406,35738
1127,4096,4087,186645,35251
1128,4096,4092,185457,35161
1129,4096,4096,188457,35842
1130,4096,4082,186280,35239
1131,4096,4092,184796,34977
1132,4096,4090,182981,34249
1133,4096,4083,184413,34808
1134,4096,4088,183818,35331
1135,4096,4087,186241,34498
1136,4096,4080,190137,35013
1137,4096,4055,189013,36424
1138,4096,4091,185005,34991
1139,4096,4098,200605,37526
1140,4096,4086,196215,37674
1141,4096,4087,198312,37691
1142,4096,425,167370,17927
1143,4096,4086,200135,37001
1144,4096,4086,205789,35355
1145,4096,4096,184119,34803
1146,4096,4080,182851,34776
1147,4096,4082,186855,35201
1148,4096,4102,185396,34839
1149,4096,4092,184798,34558
1150,4096,4083,188936,34820
1151,4096,4077,183519,34932
1152,4096,4085,183275,34709
1153,4096,4092,183576,34357
1154,4096,4080,187791,35157
1155,4096,4106,183649,34851
1156,4096,4087,183866,34654
1157,4096,4090,184478,34343
1158,4096,4088,186077,34719
1159,4096,4095,184865,35029
1160,4096,4098,183657,34811
1161,4096,4088,187173,35435
1162,4096,4082,184548,34774
1163,4096,4099,183142,34631
1164,4096,146,118877,17095
1165,4096,4084,194118,35826
1166,4096,4088,185050,34797
1167,4096,4102,184439,35002
1168,4096,1118,146428,26792
1169,4096,4092,191369,34712
1170,4096,4089,185141,34545
1171,4096,4079,183620,34843
1172,4096,4094,186398,35297
1173,4096,4084,184930,34787
1174,4096,4083,187495,36015
1175,4096,4095,184917,35153
1176,4096,4093,184530,35130
1177,4096,4103,187951,34814
1178,4096,4087,183720,35102
1179,4096,4093,185702,34541
1180,4096,4080,183627,34485
1181,4096,4093,189614,34951
1182,4096,381,143161,22297
1183,4096,4103,185629,34984
1184,4096,4090,184268,34772
1185,4096,4084,184544,34553
1186,4096,4086,185544,34999
1187,4096,3896,189868,37326
1188,4096,4082,183324,35054
1189,4096,2961,201679,36822
1190,4096,586,201551,27539
1191,4096,4085,198984,37761
1192,4096,4078,199369,37810
1193,4096,4085,211629,34843
1194,4096,4076,184197,35440
1195,4096,4093,183634,34476
1196,4096,4085,184104,34933
1197,4096,4093,187735,35279
1198,4096,4096,183970,34260
1199,4096,4092,185247,34586
1200,4096,4083,189835,35182
1201,4096,3826,198542,36982
1202,4096,3950,205023,40171
1203,4096,4086,186955,35471
1204,4096,4104,185202,34428
1205,4096,4091,184671,35078
1206,4096,435,161108,17179
1207,4096,4097,186928,35706
1208,4096,4091,187277,35515
1209,4096,445,162474,17023
1210,4096,4089,184148,35249
1211,4096,4079,184001,35167
1212,4096,4090,192560,35808
1213,4096,4091,184270,34581
1214,4096,4093,220114,37935
1215,4096,4092,199645,37892
1216,4096,4083,211326,37868
1217,4096,4088,198530,37041
1218,4096,4082,208009,35225
1219,4096,4086,185653,35605
1220,4096,4084,184850,34879
1221,4096,4086,185385,34786
1222,4096,4098,184698,34565
1223,4096,4091,184713,35592
1224,4096,4091,184118,35005
1225,4096,4146,182549,32974
1226,4096,4093,185681,34201
1227,4096,4085,185720,34876
1228,4096,4058,192962,35922
1229,4096,4080,184969,35300
1230,4096,3999,192618,38224
1231,4096,4083,186240,35320
1232,4096,4085,182688,34361
1233,4096,4091,185566,34974
1234,4096,4088,183103,34778
1235,4096,4097,185389,34662
1236,4096,4088,184544,34363
1237,4096,4092,185581,35417
1238,4096,4085,186353,35039
1239,4096,4093,185851,35142
1240,4096,4101,182511,34463
1241,4096,4091,187471,35962
1242,4096,3150,309060,44938
1243,4096,4100,187034,35184
1244,4096,4081,184863,35025
1245,4096,3898,190150,38104
1246,4096,4090,185729,35124
1247,4096,4080,184140,34806
1248,4096,4070,187328,35696
1249,4096,4075,185930,35816
1250,4096,4085,183641,34913
1251,4096,4085,184978,35746
1252,4096,4088,184255,35285
1253,4096,4088,184118,35707
1254,4096,4089,183329,35084
1255,4096,4093,185197,35125
1256,4096,4091,184118,35005
1257,4096,4092,185554,35161
1258,4096,4093,197483,34768
1259,4096,4097,186651,35046
1260,4096,4094,185523,35408
1261,4096,3950,202908,39944
1262,4096,4079,186540,34718
1263,4096,4077,184617,34697
1264,4096,4083,184995,34833
1265,4096,4078,184355,35427
1266,4096,745,205137,28513
1267,4096,4082,186458,35231
1268,4096,4095,186333,35331
1269,4096,4043,187647,36874
1270,4096,4099,191296,34459
1271,4096,4081,185798,34917
1272,4096,4092,184796,34991
1273,4096,4085,185563,34722
1274,4096,4098,185355,35571
1275,4096,4080,187299,35796
1276,4096,4082,185152,35077
1277,4096,4089,186094,35467
1278,4096,4092,185873,35136
1279,4096,4097,185437,35221
1280,4096,4108,206454,38309
1281,4096,3739,212065,39415
1282,4096,389,155570,24192
1283,4096,4091,198357,37831
1284,4096,4090,202929,47707
1285,4096,4102,186976,35494
1286,4096,4088,184505,34418
1287,4096,4082,191579,35121
1288,4096,4094,184183,34802
1289,4096,4094,187281,35543
1290,4096,4154,181775,33463
1291,4096,4097,185941,35027
1292,4096,4097,188212,35327
1293,4096,494,172870,18062
1294,4096,4094,185902,35578
1295,4096,608,188672,19080
1296,4096,4094,185976,35924
1297,4096,4090,184131,35328
1298,4096,4158,182110,33490
1299,4096,4099,192671,34660
1300,4096,4083,186767,35479
1301,4096,4091,185672,34282
1302,4096,4097,184753,35255
1303,4096,526,178014,24737
1304,4096,981,268380,31304
1305,4096,4088,186214,35348
1306,4096,4103,184321,34905
1307,4096,4097,184458,34688
1308,4096,4086,185181,34942
1309,4096,4090,183964,34729
1310,4096,4072,201820,37340
1311,4096,4081,190436,35826
1312,4096,4088,184830,35442
1313,4096,4087,183793,35491
1314,4096,515,162536,24085
1315,4096,4096,185880,38119
1316,4096,463,153996,17384
1317,4096,4082,187123,35361
1318,4096,4092,184485,34621
1319,4096,4082,186086,35170
1320,4096,4081,186906,35727
1321,4096,3900,191103,36865
1322,4096,411,151701,23852
1323,4096,4088,186149,35712
1324,4096,4091,186507,35239
1325,4096,4101,186331,35048
1326,4096,3887,190638,37474
1327,4096,4083,186719,35344
1328,4096,4095,182948,34962
1329,4096,922,242485,31250
1330,4096,4096,185016,34944
1331,4096,4092,205310,37424
1332,4096,4081,199748,38286
1333,4096,4022,214352,40024
1334,4096,697,240990,33642
1335,4096,4155,242821,42005
1336,4096,4079,242973,37458
1337,4096,4069,198207,37748
1338,4096,4088,197692,38791
1339,4096,4066,198929,37703
1340,4096,4104,198186,37896
1341,4096,1240,281990,39480
1342,4096,767,214053,29753
1343,4096,649,199069,20913
1344,4096,4090,212783,35321
1345,4096,4098,184854,34632
1346,4096,4090,190375,35288
1347,4096,429,148392,17137
1348,4096,2051,165287,31106
1349,4096,4076,185539,35092
1350,4096,4091,185097,49081
1351,4096,4081,185711,35229
1352,4096,4081,186288,35632
1353,4096,493,173636,17893
1354,4096,4077,184680,35990
1355,4096,4090,187849,35319
1356,4096,4090,183511,35313
1357,4096,552,179632,18596
1358,4096,4075,185447,35953
1359,4096,4096,183797,36109
1360,4096,871,291718,29393
1361,4096,411,186382,25199
1362,4096,4081,202476,38616
1363,4096,3611,216128,38520
1364,4096,4099,199398,37548
1365,4096,1111,156583,28737
1366,4096,4085,199513,34956
1367,4096,514,166731,18268
1368,4096,433,150582,16809
1369,4096,4088,185711,34937
1370,4096,4087,185339,35235
1371,4096,597,186775,25757
1372,4096,622,187746,19289
1373,4096,4033,189512,37532
1374,4096,4082,184694,34669
1375,4096,4089,186654,35838
1376,4096,1026,241741,30961
1377,4096,3900,192017,37413
1378,4096,3031,177302,34435
1379,4096,4085,184207,34884
1380,4096,603,193328,19311
1381,4096,931,214355,30944
1382,4096,4082,185835,34808
1383,4096,4078,187989,35263
1384,4096,608,194051,18938
1385,4096,4074,185854,46505
1386,4096,4078,186562,35307
1387,4096,4083,185292,35341
1388,4096,4090,184496,35011
1389,4096,4085,182706,34791
1390,4096,4082,184424,34991
1391,4096,3908,189867,37233
1392,4096,3950,204059,39718
1393,4096,4100,185624,34621
1394,4096,4086,185618,35523
1395,4096,437,153628,16623
1396,4096,574,177008,25320
1397,4096,443,150247,16697
1398,4096,4095,185286,35546
1399,4096,758,230598,29633
1400,4096,761,235104,28553
1401,4096,51,102432,19326
1402,4096,162,114832,17385
1403,4096,604,141544,21600
1404,4096,4088,201998,35537
1405,4096,275,129474,18052
1406,4096,1097,245034,32139
1407,4096,456,152391,17168
1408,4096,4080,187417,35381
1409,4096,4090,214778,37661
1410,4096,4113,196040,36864
1411,4096,4066,198830,38302
1412,4096,480,167685,26009
1413,4096,4098,200557,37569
1414,4096,4088,196821,37146
1415,4096,4074,198097,38307
1416,4096,4083,197531,37501
1417,4096,444,165913,18511
1418,4096,4083,197820,35291
1419,4096,4080,208950,37309
1420,4096,434,155717,27357
1421,4096,4086,199028,38261
1422,4096,4089,205008,36933
1423,4096,4083,198120,37745
1424,4096,744,191014,28045
1425,4096,4090,185456,35269
1426,4096,4073,186569,34893
1427,4096,4077,183174,35076
1428,4096,424,145300,17450
1429,4096,953,216915,31802
1430,4096,4099,185999,35317
1431,4096,2975,175825,34301
1432,4096,4091,184864,35470
1433,4096,4093,185848,35155
1434,4096,478,151284,23352
1435,4096,4088,191826,35398
1436,4096,3892,189570,36876
1437,4096,4091,186224,35237
1438,4096,4089,185812,35108
1439,4096,4093,197465,34018
1440,4096,894,263398,30073
1441,4096,4092,186831,35452
1442,4096,442,162168,16815
1443,4096,4083,185225,34969
1444,4096,938,235387,29514
1445,4096,4086,186393,35300
1446,4096,3906,189650,37288
1447,4096,1477,310938,34863
1448,4096,4144,185223,33897
1449,4096,4093,186140,35219
1450,4096,4086,185875,35205
1451,4096,1215,270312,36750
1452,4096,1156,228112,33700
1453,4096,1062,225567,31107
1454,4096,1000,210340,21274
1455,4096,4086,200268,35886
1456,4096,4104,183905,35182
1457,4096,717,312402,28105
1458,4096,3895,192873,36841
1459,4096,3773,194368,35953
1460,4096,4085,185046,35656
1461,4096,4080,185371,34937
1462,4096,4097,185577,35135
1463,4096,4081,185234,35331
1464,4096,4093,185088,35221
1465,4096,401,149712,23582
1466,4096,591,178358,18906
1467,4096,4092,185127,35640
1468,4096,4091,191773,35479
1469,4096,4058,187766,36850
1470,4096,480,218083,26423
1471,4096,4093,184291,35262
1472,4096,4073,184623,34491
1473,4096,4084,184741,34807
1474,4096,4152,180494,32988
1475,4096,4087,184916,35255
1476,4096,4092,184356,35169
1477,4096,708,191156,26986
1478,4096,4092,187140,35205
1479,4096,4093,185695,34905
1480,4096,4085,185798,35646
1481,4096,4086,185146,35110
1482,4096,4102,183643,34343
1483,4096,520,166462,18358
1484,4096,3901,190260,37741
1485,4096,4090,184108,34880
1486,4096,4093,192417,35037
1487,4096,4085,183906,35111
1488,4096,3871,189275,36984
1489,4096,4088,186119,35436
1490,4096,4095,192964,35469
1491,4096,4064,187554,36102
1492,4096,4094,185663,34934
1493,4096,4080,186372,35731
1494,4096,4131,184388,35827
1495,4096,4161,182438,33275
1496,4096,4084,184625,35486
1497,4096,4096,184825,34906
1498,4096,4075,183067,35205
1499,4096,4097,185623,34823
1500,4096,477,155571,17681
1501,4096,449,160074,16872
1502,4096,4152,183379,33179
1503,4096,4088,186082,35132
1504,4096,3916,213423,40353
1505,4096,3877,190522,36885
1506,4096,4083,184947,34835
1507,4096,604,186615,19133
1508,4096,758,220557,28502
1509,4096,455,185488,24853
1510,4096,4075,202004,38176
1511,4096,3895,203233,40009
1512,4096,4081,198796,37806
1513,4096,427,170049,25667
1514,4096,4109,199077,34474
1515,4096,516,168628,18225
1516,4096,589,174242,18838
1517,4096,4096,188250,35616
1518,4096,423,198795,25933
1519,4096,4090,186792,35202
1520,4096,1113,146932,27056
1521,4096,3883,197094,37902
1522,4096,4089,184735,35619
1523,4096,4089,185117,35281
1524,4096,4092,183775,34638
1525,4096,4099,185320,35110
1526,4096,619,203254,19187
1527,4096,692,205806,27498
1528,4096,4091,187563,35188
1529,4096,4092,183121,35352
1530,4096,4093,198996,36140
1531,4096,944,235876,30269
1532,4096,4080,184936,35421
1533,4096,1442,249757,36475
1534,4096,3922,191514,37492
1535,4096,4087,185450,35233
1536,4096,4067,184678,34941
1537,4096,4098,183159,34540
1538,4096,4089,194066,35550
1539,4096,4082,186657,35353
1540,4096,3873,192203,37142
1541,4096,4091,184465,34986
1542,4096,831,200551,27840
1543,4096,4084,195864,35133
1544,4096,4102,184929,35031
1545,4096,3908,189470,37418
1546,4096,4084,183852,34503
1547,4096,4086,188080,35478
1548,4096,4101,184283,34675
1549,4096,3905,189410,37467
1550,4096,4096,187865,35467
1551,4096,4084,204521,38068
1552,4096,438,165230,18285
1553,4096,4097,198736,37982
1554,4096,4084,197608,37564
1555,4096,4080,198760,41103
1556,4096,433,173520,16800
1557,4096,294,133347,20890
1558,4096,1155,250860,34171
1559,4096,445,148423,16724
1560,4096,425,143539,16261
1561,4096,4091,197125,35206
1562,4096,4092,183832,35294
1563,4096,4085,186070,34854
1564,4096,4102,186268,34594
1565,4096,4088,184593,34662
1566,4096,489,156364,25955
1567,4096,4087,184658,34851
1568,4096,4083,185711,35034
1569,4096,4087,183923,36108
1570,4096,410,152841,23498
1571,4096,623,191997,19233
1572,4096,4092,185790,35650
1573,4096,4089,184522,35795
1574,4096,4086,190615,35252
1575,4096,4083,184420,34910
1576,4096,823,281752,29361
1577,4096,4094,185500,35035
1578,4096,4097,196430,35129
1579,4096,4160,185038,33712
1580,4096,388,146776,22751
1581,4096,4104,185169,35126
1582,4096,4084,184096,35035
1583,4096,4092,184688,35288
1584,4096,4060,186847,35919
1585,4096,4090,184993,34853
1586,4096,447,154065,17382
1587,4096,1125,236089,34158
1588,4096,898,200047,29300
1589,4096,4095,185729,34945
1590,4096,4080,186190,35585
1591,4096,4098,185828,37635
1592,4096,590,191755,18618
1593,4096,4078,185971,35679
1594,4096,612,189900,28562
1595,4096,4093,186020,35677
1596,4096,3918,200392,37562
1597,4096,4081,185175,34847
1598,4096,1106,248400,34078
1599,4096,4097,186235,35763
1600,4096,4082,186470,35213
1601,4096,1064,223822,32522
1602,4096,1148,295293,33273
1603,4096,4093,187917,35666
1604,4096,4085,184751,34743
1605,4096,4092,183539,34936
1606,4096,4079,186648,35683
1607,4096,4084,183814,34795
1608,4096,4094,190249,35552
1609,4096,4095,186952,35041
1610,4096,4095,184626,35150
1611,4096,636,278514,23562
1612,4096,4090,196855,35448
1613,4096,4087,185857,35182
1614,4096,4089,184528,34708
1615,4096,4158,181922,33392
1616,4096,4092,184774,34740
1617,4096,4092,182915,33988
1618,4096,4094,184863,34999
1619,4096,1123,152895,27313
1620,4096,4089,183381,34563
1621,4096,4100,185611,34890
1622,4096,4081,184291,35184
1623,4096,4108,191207,35206
1624,4096,4084,184616,35176
1625,4096,4085,184868,34798
1626,4096,4099,191007,34911
1627,4096,4095,186772,36055
1628,4096,4079,184707,35341
1629,4096,439,164119,17144
1630,4096,411,152638,23584
1631,4096,855,324385,29792
1632,4096,46,101464,19209
1633,4096,703,188099,26929
1634,4096,4082,185314,35100
1635,4096,590,204680,25544
1636,4096,521,171433,23540
1637,4096,4094,185172,34908
1638,4096,4095,183820,34457
1639,4096,3889,191969,36938
1640,4096,396,147495,22706
1641,4096,4092,184596,35333
1642,4096,3899,191845,37507
1643,4096,4074,184735,35335
1644,4096,4100,190961,34959
1645,4096,4091,184236,35332
1646,4096,4080,183578,35046
1647,4096,409,152020,23877
1648,4096,474,207284,26719
1649,4096,3904,191730,37786
1650,4096,4091,187280,35570
1651,4096,4083,185157,35559
1652,4096,4084,184431,35787
1653,4096,4100,185297,34800
1654,4096,4086,183362,34449
1655,4096,4051,187208,36584
1656,4096,3874,228454,40585
1657,4096,446,180632,18585
1658,4096,4098,200558,38017
1659,4096,4154,194748,35393
1660,4096,3894,204577,39893
1661,4096,4061,209309,39239
1662,4096,4092,197199,37906
1663,4096,947,205736,31398
1664,4096,4086,198953,37873
1665,4096,4091,202698,37610
1666,4096,4087,199880,37643
1667,4096,4079,198428,37509
1668,4096,4077,196884,38011
1669,4096,4020,219349,39662
1670,4096,4080,201567,38345
1671,4096,692,222148,29234
1672,4096,761,267195,31915
1673,4096,608,210936,21213
1674,4096,4091,199267,38171
1675,4096,4081,198393,38267
1676,4096,1328,294313,40348
1677,4096,600,194913,27424
1678,4096,1039,284543,31938
1679,4096,1276,408951,34723
1680,4096,381,154404,23782
1681,4096,4089,199438,38459
1682,4096,797,236571,31460
1683,4096,4083,198655,38601
1684,4096,4094,201231,37452
1685,4096,4086,197397,37090
1686,4096,106,117354,22321
1687,4096,731,209388,29458
1688,4096,3905,203724,40533
1689,4096,414,164242,25057
1690,4096,619,202910,20426
1691,4096,4094,197943,37655
1692,4096,399,160341,24926
1693,4096,3886,206481,39684
1694,4096,4095,197333,37614
1695,4096,1199,290653,37899
1696,4096,4088,201372,43305
1697,4096,4086,197516,37318
1698,4096,4154,195200,35718
1699,4096,393,158512,24333
1700,4096,531,185768,19446
1701,4096,1062,254731,34085
1702,4096,1256,297411,38877
1703,4096,4099,199062,37356
1704,4096,456,165030,18599
1705,4096,3892,210154,41926
1706,4096,4087,198682,37430
1707,4096,4086,197979,37573
1708,4096,440,169824,17979
1709,4096,4101,198148,37834
1710,4096,4099,198073,37279
1711,4096,4150,195955,35383
1712,4096,4087,199548,37516
1713,4096,4099,202313,37766
1714,4096,3875,203695,40423
1715,4096,4088,198498,37836
1716,4096,585,204470,27660
1717,4096,4081,202587,38204
1718,4096,4150,196578,35330
1719,4096,3881,203229,39525
1720,4096,4075,198173,37093
1721,4096,4096,200844,49333
1722,4096,4090,186281,35025
1723,4096,501,170394,24347
1724,4096,4089,186562,35434
1725,4096,4086,184839,35169
1726,4096,4088,187556,35169
1727,4096,4093,183522,34228
1728,4096,1114,147020,26593
1729,4096,1006,308666,31926
1730,4096,523,187222,18928
1731,4096,4096,188612,35864
1732,4096,4091,183742,34589
1733,4096,4099,183910,34536
1734,4096,4096,201590,35158
1735,4096,4088,183658,34460
1736,4096,2962,176129,34846
1737,4096,1123,147366,26532
1738,4096,4071,185555,34711
1739,4096,896,304387,30174
1740,4096,4087,186125,35831
1741,4096,4106,185132,34506
1742,4096,4093,185218,34880
1743,4096,4090,211287,37366
1744,4096,4097,197348,37173
1745,4096,4084,196458,36839
1746,4096,437,163838,17837
1747,4096,756,223989,28565
1748,4096,1584,287989,39355
1749,4096,4101,186639,35357
1750,4096,4093,185205,35000
1751,4096,4082,202187,35460
1752,4096,412,151515,23798
1753,4096,598,178958,25702
1754,4096,4096,186406,35317
1755,4096,4087,186478,34990
1756,4096,458,206284,26378
1757,4096,4080,185461,35319
1758,4096,67,100523,19877
1759,4096,982,242119,31745
1760,4096,4091,185803,35801
1761,4096,4153,181714,32863
1762,4096,4126,185663,34909
1763,4096,4076,186088,35609
1764,4096,4086,188427,36139
1765,4096,387,144721,22878
1766,4096,3890,191381,37551
1767,4096,4103,185287,35122
1768,4096,758,226291,29884
1769,4096,4080,229120,39046
1770,4096,4080,198168,37651
1771,4096,4093,197981,37456
1772,4096,3925,202994,38961
1773,4096,3792,217224,36326
1774,4096,4082,185297,35279
1775,4096,4096,184993,34818
1776,4096,4083,184811,35606
1777,4096,969,204095,21227
1778,4096,405,164431,22830
1779,4096,4087,186264,35569
1780,4096,4079,183019,35114
1781,4096,4159,181862,36983
1782,4096,4087,187319,35524
1783,4096,4097,184296,34894
1784,4096,717,197230,28424
1785,4096,4101,184446,35763
1786,4096,4083,199203,35964
1787,4096,3017,178433,34632
1788,4096,3019,176196,34228
1789,4096,4077,184439,34870
1790,4096,4092,186440,35682
1791,4096,4107,183503,34770
1792,4096,4087,185347,34542
1793,4096,4084,183550,34927
1794,4096,3886,191413,37176
1795,4096,4086,185099,34866
1796,4096,4079,186401,35044
1797,4096,4096,184065,34358
1798,4096,4086,184907,35031
1799,4096,4094,192387,35187
1800,4096,4094,182750,34288
1801,4096,4090,185587,34956
1802,4096,4090,183750,35182
1803,4096,4081,184828,46797
1804,4096,1122,191692,29803
1805,4096,637,203864,21330
1806,4096,900,328075,32284
1807,4096,1108,269325,36717
1808,4096,842,241046,21545
1809,4096,745,201053,27998
1810,4096,4103,187830,35537
1811,4096,4094,188006,35343
1812,4096,4084,185165,34755
1813,4096,3828,197720,38456
1814,4096,4087,184603,35125
1815,4096,4081,190723,35092
1816,4096,4078,185716,35436
1817,4096,597,187026,25931
1818,4096,4096,185454,35194
1819,4096,3525,213742,53522
1820,4096,904,222982,22364
1821,4096,4094,186909,35441
1822,4096,488,164921,17982
1823,4096,1115,147729,27083
1824,4096,3944,199799,39476
1825,4096,4082,184484,34935
1826,4096,4155,179896,32870
1827,4096,434,146781,25245
1828,4096,3904,189661,37716
1829,4096,4100,213048,37822
1830,4096,4078,197327,37725
1831,4096,4087,196163,37414
1832,4096,4090,196248,37618
1833,4096,4159,209540,33870
1834,4096,784,215196,27489
1835,4096,4093,199062,36360
1836,4096,608,188534,19571
1837,4096,2060,177366,30728
1838,4096,4079,185333,35243
1839,4096,3883,189290,37219
1840,4096,4085,185633,35042
1841,4096,4080,183773,34952
1842,4096,4093,184548,34762
1843,4096,4081,184297,34998
1844,4096,440,159268,16693
1845,4096,3950,187813,36346
1846,4096,3890,193280,37468
1847,4096,3006,176310,34673
1848,4096,4080,185556,35249
1849,4096,4080,184535,34833
1850,4096,4158,181862,38568
1851,4096,103,110574,20920
1852,4096,3893,191601,37882
1853,4096,3918,187796,36221
1854,4096,4086,186288,35668
1855,4096,480,169794,26070
1856,4096,4084,198854,38045
1857,4096,4089,198247,37712
1858,4096,3884,204087,40078
1859,4096,4085,199055,37537
1860,4096,4079,201876,35306
1861,4096,4101,183138,35329
1862,4096,4087,186049,35082
1863,4096,4084,183845,34749
1864,4096,834,205791,28224
1865,4096,4083,186593,35071
1866,4096,1602,265196,35816
1867,4096,4077,186955,35684
1868,4096,4085,188843,35334
1869,4096,520,165234,18371
1870,4096,617,189806,19281
1871,4096,4098,185277,35014
1872,4096,4092,197229,35256
1873,4096,4092,186457,35062
1874,4096,555,257996,26768
1875,4096,4092,186299,35702
1876,4096,4095,187247,35610
1877,4096,4090,184509,35527
1878,4096,871,291197,29499
1879,4096,1086,249909,34563
1880,4096,1872,166404,28562
1881,4096,758,224428,29898
1882,4096,1206,236660,34014
1883,4096,4089,187974,35660
1884,4096,3917,203973,38340
1885,4096,1061,232534,31232
1886,4096,109,107967,20840
1887,4096,407,160616,24987
1888,4096,357,174785,21415
1889,4096,870,251636,29014
1890,4096,429,147818,17175
1891,4096,766,213173,27757
1892,4096,4091,188488,35678
1893,4096,4089,187222,35199
1894,4096,3889,191427,37353
1895,4096,2948,176164,34819
1896,4096,4079,185415,35353
1897,4096,2957,176115,36040
1898,4096,1024,252416,31356
1899,4096,4076,188258,35548
1900,4096,4091,182635,34706
1901,4096,600,188103,18824
1902,4096,4103,193858,35930
1903,4096,531,173479,18104
1904,4096,996,270013,32613
1905,4096,345,147686,17879
1906,4096,4084,198055,35787
1907,4096,1285,365108,34284
1908,4096,4087,185491,35390
1909,4096,4087,184521,34624
1910,4096,1041,279039,32536
1911,4096,726,245527,27354
1912,4096,813,187025,28312
1913,4096,4090,187134,34874
1914,4096,463,166883,17223
1915,4096,4090,187139,35605
1916,4096,520,166358,18035
1917,4096,4079,187420,35945
1918,4096,1015,271618,31702
1919,4096,1072,259286,30184
1920,4096,4095,186949,35463
1921,4096,4087,185803,35516
1922,4096,4096,196760,35657
1923,4096,3010,176165,34207
1924,4096,4044,193451,37461
1925,4096,901,243943,29368
1926,4096,587,188240,19210
1927,4096,3891,191163,38456
1928,4096,895,224097,28509
1929,4096,4098,186848,35820
1930,4096,4102,185599,35214
1931,4096,4035,187261,36339
1932,4096,3881,189091,36926
1933,4096,4093,185810,35739
1934,4096,4091,184246,34688
1935,4096,4077,187336,35193
1936,4096,3945,187968,36381
1937,4096,454,152038,23074
1938,4096,4093,185027,34963
1939,4096,4102,195503,35640
1940,4096,4086,183789,34554
1941,4096,4087,182633,34749
1942,4096,432,150879,16956
1943,4096,423,200380,25822
1944,4096,1209,302499,31820
1945,4096,1007,236892,32262
1946,4096,486,160345,23305
1947,4096,294,169241,23553
1948,4096,4037,193367,37250
1949,4096,512,172738,17998
1950,4096,3894,189766,37517
1951,4096,3877,192169,37791
1952,4096,1344,305833,40207
1953,4096,4096,200277,37175
1954,4096,57,108125,20771
1955,4096,412,162408,25009
1956,4096,89,111265,21664
1957,4096,1441,324308,37668
1958,4096,629,178616,20839
1959,4096,51,102371,19431
1960,4096,1552,279415,36912
1961,4096,111,104651,20997
1962,4096,1392,280872,36421
1963,4096,4085,185396,35486
1964,4096,259,131912,17706
1965,4096,4108,192387,35525
1966,4096,4074,185224,35283
1967,4096,4083,185073,34803
1968,4096,4084,184295,34556
1969,4096,1312,279496,38992
1970,4096,482,167324,17344
1971,4096,1041,359588,30831
1972,4096,116,107092,21146
1973,4096,1584,242993,30231
1974,4096,667,208912,27130
1975,4096,4088,187371,35643
1976,4096,4091,186408,34850
1977,4096,4097,185365,35245
1978,4096,4082,185535,34878
1979,4096,4105,185296,34710
1980,4096,4083,184901,35625
1981,4096,4092,183351,34422
1982,4096,1114,147530,26849
1983,4096,4090,183834,34949
1984,4096,3906,190780,37432
1985,4096,876,231456,29936
1986,4096,4094,186292,56283
1987,4096,4088,198813,37094
1988,4096,4086,199004,37096
1989,4096,150,120079,23102
1990,4096,4085,201655,38020
1991,4096,4099,221311,35048
1992,4096,443,150856,17376
1993,4096,3911,190270,37237
1994,4096,616,192059,19562
1995,4096,697,186045,26920
1996,4096,385,192496,24239
1997,4096,4092,186529,35831
1998,4096,3897,189609,37198
1999,4096,4042,192034,37145
2000,4096,4098,185274,35056
2001,4096,4089,184270,34978
2002,4096,4074,185749,35416
2003,4096,4082,184633,34914
2004,4096,433,161185,17050
2005,4096,913,205401,30412
2006,4096,4085,184472,35341
2007,4096,4092,184732,35402
2008,4096,4091,184034,34590
2009,4096,3015,190122,34574
2010,4096,806,203691,29682
2011,4096,4094,184797,35099
2012,4096,4128,185962,34659
2013,4096,4088,186567,35652
2014,4096,4093,184703,35418
2015,4096,374,154307,24415
2016,4096,4080,183877,35262
2017,4096,4093,185803,35481
2018,4096,4093,183477,34718
2019,4096,4091,182035,34428
2020,4096,4100,184646,35038
2021,4096,4106,184894,35102
2022,4096,4080,191682,35535
2023,4096,4086,185781,35530
2024,4096,1265,239589,36088
2025,4096,582,158869,27229
2026,4096,4079,197832,36040
2027,4096,4092,184316,34799
2028,4096,4156,183361,33170
2029,4096,4084,186354,35867
2030,4096,4100,185432,35630
2031,4096,4080,184863,34798
2032,4096,4096,183468,34452
2033,4096,702,193987,26843
2034,4096,51,101890,19304
2035,4096,605,188906,19312
2036,4096,4099,185198,36041
2037,4096,828,265312,28080
2038,4096,4090,189120,35857
2039,4096,485,163700,23790
2040,4096,4092,193593,35733
2041,4096,4085,186110,34460
2042,4096,4095,197337,36692
2043,4096,4110,184031,34378
2044,4096,599,200541,19199
2045,4096,4085,186061,35416
2046,4096,4083,186540,35699
2047,4096,4103,185165,34842
2048,4096,940,232748,29996
2049,4096,4088,186399,35320
2050,4096,4081,185496,35208
2051,4096,4042,189907,37177
2052,4096,4081,184666,34932
2053,4096,4084,184430,35287
2054,4096,3020,176303,33869
2055,4096,482,172182,17621
2056,4096,4097,188467,35470
2057,4096,4082,192986,35016
2058,4096,3915,190927,37038
2059,4096,765,214071,28331
2060,4096,495,211785,23523
2061,4096,4082,193999,47159
2062,4096,4010,193258,37623
2063,4096,4087,185933,35126
2064,4096,768,194941,28444
2065,4096,4093,187691,35522
2066,4096,507,170758,18934
2067,4096,4074,185240,35909
2068,4096,4089,183557,34522
2069,4096,358,152341,22281
2070,4096,4088,185962,36697
2071,4096,469,166887,17603
2072,4096,3874,191848,38138
2073,4096,4100,185179,34892
2074,4096,534,181776,19366
2075,4096,938,220191,29613
2076,4096,150,108285,17001
2077,4096,778,200018,28150
2078,4096,1406,276678,36289
2079,4096,4096,197984,35248
2080,4096,4070,185782,35533
2081,4096,1231,228329,35174
2082,4096,1067,245275,32449
2083,4096,1126,232928,33323
2084,4096,260,129560,17634
2085,4096,1058,220878,32840
2086,4096,4091,187846,35824
2087,4096,1092,231942,31652
2088,4096,1116,265421,33679
2089,4096,4089,185773,35343
2090,4096,455,152658,17125
2091,4096,4087,186498,35264
2092,4096,4079,190662,36391
2093,4096,4076,186567,35515
2094,4096,1100,225312,32559
2095,4096,1137,227732,33212
2096,4096,4082,197710,35250
2097,4096,4085,183585,35038
2098,4096,4072,185753,35671
2099,4096,3889,191259,37580
2100,4096,4072,229798,38572
2101,4096,4102,199186,37345
2102,4096,4080,199573,37802
2103,4096,4097,196543,36944
2104,4096,4085,200938,37642
2105,4096,4086,199097,38042
2106,4096,4088,198560,34810
2107,4096,4081,184495,35573
2108,4096,4087,190658,35772
2109,4096,4163,183796,32900
2110,4096,4087,184124,34280
2111,4096,3809,190693,35480
2112,4096,4080,188717,47232
2113,4096,4086,185907,35203
2114,4096,3020,175410,34318
2115,4096,1111,145584,26717
2116,4096,4091,184366,34673
2117,4096,4099,186647,34930
2118,4096,4097,184474,34987
2119,4096,609,191011,19405
2120,4096,4100,186406,35328
2121,4096,4085,186075,35937
2122,4096,4103,184667,35392
2123,4096,465,162183,17338
2124,4096,430,158703,17266
2125,4096,3897,190969,38011
2126,4096,4100,192224,35115
2127,4096,4098,185904,35125
2128,4096,552,177155,18882
2129,4096,399,147597,23738
2130,4096,509,168806,17836
2131,4096,4094,199244,36356
2132,4096,4083,186299,36077
2133,4096,4090,186849,35090
2134,4096,823,282051,29677
2135,4096,3881,216288,41177
2136,4096,622,205480,20788
2137,4096,4091,199906,37845
2138,4096,4098,198101,37452
2139,4096,4051,234298,37252
2140,4096,3880,197944,38206
2141,4096,4092,184841,35280
2142,4096,4094,185667,34306
2143,4096,4085,192601,34872
2144,4096,4095,186008,34993
2145,4096,4079,185077,35282
2146,4096,439,162888,17097
2147,4096,4090,186112,35324
2148,4096,4079,196650,35778
2149,4096,4096,184865,34951
2150,4096,3900,188619,37233
2151,4096,4078,183949,35130
2152,4096,4078,186640,35215
2153,4096,779,222774,28519
2154,4096,4089,186448,35117
2155,4096,4091,185004,34990
2156,4096,4104,185815,34920
2157,4096,4092,185498,35261
2158,4096,4089,186762,48483
2159,4096,4098,186531,35013
2160,4096,4089,185039,35021
2161,4096,899,244927,30162
2162,4096,51,102931,19286
2163,4096,4086,185404,34986
2164,4096,4083,186715,35588
2165,4096,4047,203108,36914
2166,4096,4096,184706,34182
2167,4096,4092,183852,34861
2168,4096,1120,152187,27134
2169,4096,4100,185088,35246
2170,4096,4085,186300,34719
2171,4096,585,189051,18960
2172,4096,4085,185817,34879
2173,4096,236,134230,23284
2174,4096,1000,212934,22601
2175,4096,4156,181620,33258
2176,4096,300,145159,20916
2177,4096,636,277000,23240
2178,4096,4094,184976,35391
2179,4096,577,187671,25945
2180,4096,442,158681,16814
2181,4096,4087,186401,35701
2182,4096,4091,184970,35376
2183,4096,4078,183738,45698
2184,4096,3892,190360,37850
2185,4096,4083,186370,35537
2186,4096,4092,183731,34432
2187,4096,4085,184134,34675
2188,4096,4085,188960,35927
2189,4096,4090,183829,34491
2190,4096,4081,184337,35502
2191,4096,4095,183651,34227
2192,4096,269,132182,18988
2193,4096,3885,191966,37632
2194,4096,4101,184167,34588
2195,4096,4089,185086,35419
2196,4096,4082,184546,34791
2197,4096,513,180505,18216
2198,4096,4092,185772,35257
2199,4096,1118,146251,26997
2200,4096,3912,189174,36997
2201,4096,4093,183137,35049
2202,4096,4091,197136,35009
2203,4096,4086,185689,35432
2204,4096,3908,188784,37900
2205,4096,4105,185438,34611
2206,4096,956,230040,29722
2207,4096,4088,186326,35232
2208,4096,4086,184736,34699
2209,4096,4086,184818,34804
2210,4096,158,121242,18371
2211,4096,1233,245406,24099
2212,4096,4085,200490,38398
2213,4096,4096,198969,38327
2214,4096,3913,202688,44307
2215,4096,4095,204404,34912
2216,4096,4079,184886,35747
2217,4096,4098,185091,35234
2218,4096,1146,254180,46777
2219,4096,414,156532,23355
2220,4096,828,265514,28010
2221,4096,4105,188290,36181
2222,4096,4053,185727,35758
2223,4096,3903,197665,37391
2224,4096,461,156996,17172
2225,4096,4078,186133,35645
2226,4096,4082,185334,35202
2227,4096,595,184267,25774
2228,4096,3896,190143,37568
2229,4096,4084,184575,34862
2230,4096,922,220254,30684
2231,4096,4080,185162,38081
2232,4096,3892,193152,37238
2233,4096,1126,151720,26724
2234,4096,4088,183859,34644
2235,4096,3871,197678,38543
2236,4096,527,169304,18611
2237,4096,4100,197599,37709
2238,4096,4097,198524,38035
2239,4096,1206,255514,36670
2240,4096,3887,217902,38050
2241,4096,4083,185792,34829
2242,4096,4077,184076,35438
2243,4096,4088,187167,35323
2244,4096,408,154551,23070
2245,4096,491,163002,17804
2246,4096,4096,185913,35268
2247,4096,4096,219163,36930
2248,4096,4084,197441,37641
2249,4096,4098,204942,37374
2250,4096,4088,196629,37053
2251,4096,1142,270804,32941
2252,4096,98,103583,20528
2253,4096,963,238662,30516
2254,4096,1062,256747,31847
2255,4096,1002,200074,22327
2256,4096,4107,186774,35473
2257,4096,4088,187740,35716
2258,4096,4088,184795,35519
2259,4096,4080,184476,35226
2260,4096,761,236574,28891
2261,4096,4084,188029,35243
2262,4096,3882,191815,37164
2263,4096,4094,186168,34941
2264,4096,4082,183804,35138
2265,4096,3906,191405,43436
2266,4096,4088,187490,35577
2267,4096,3882,191902,37819
2268,4096,4077,184737,34867
2269,4096,3705,192194,36299
2270,4096,1442,256995,36663
2271,4096,692,205378,27085
2272,4096,3903,192757,37750
2273,4096,4095,185910,35191
2274,4096,4076,197405,35469
2275,4096,4099,184123,34125
2276,4096,4095,184040,34722
2277,4096,865,240245,29814
2278,4096,902,252921,30076
2279,4096,1306,276343,36960
2280,4096,4094,187159,35879
2281,4096,4089,186112,36723
2282,4096,4085,184887,34764
2283,4096,4093,185720,35078
2284,4096,4065,184635,35433
2285,4096,4072,185114,34938
2286,4096,4097,191459,35112
2287,4096,444,159704,17254
2288,4096,4077,185380,35325
2289,4096,3889,191457,37746
2290,4096,4079,183201,45004
2291,4096,4094,185624,34806
2292,4096,4075,184249,35056
2293,4096,445,162948,17014
2294,4096,284,136606,17865
2295,4096,381,142362,22424
2296,4096,4085,187725,35511
2297,4096,779,201088,28125
2298,4096,858,298325,29928
2299,4096,4082,186961,37243
2300,4096,4086,186748,35181
2301,4096,858,230486,30677
2302,4096,951,225436,29219
2303,4096,581,186725,28245
2304,4096,4085,200687,37720
2305,4096,4096,197427,36902
2306,4096,3889,204293,39638
2307,4096,4089,197743,54115
2308,4096,4084,203610,35692
2309,4096,4083,184000,35096
2310,4096,415,204250,25578
2311,4096,717,311678,27762
2312,4096,4082,187451,36033
2313,4096,4085,184550,34752
2314,4096,4087,185893,35311
2315,4096,4084,185899,34629
2316,4096,4077,214460,37682
2317,4096,4084,199930,38028
2318,4096,4095,197543,36877
2319,4096,891,216096,31346
2320,4096,4100,206345,38272
2321,4096,4093,199398,38197
2322,4096,4075,198318,37524
2323,4096,4104,199452,37996
2324,4096,4079,198293,37609
2325,4096,4085,198225,37465
2326,4096,4096,198776,37117
2327,4096,534,193122,26492
2328,4096,4095,200749,38171
2329,4096,480,234656,27938
2330,4096,4089,199414,37516
2331,4096,4089,199708,38004
2332,4096,4083,201012,37899
2333,4096,4081,199101,38278
2334,4096,4076,198418,38435
2335,4096,4151,196016,35490
2336,4096,4087,208729,37495
2337,4096,4095,197975,37398
2338,4096,4098,196956,37181
2339,4096,4093,197222,37238
2340,4096,4098,212569,38410
2341,4096,434,156553,27279
2342,4096,4095,198862,37707
2343,4096,4091,198780,37530
2344,4096,4087,198289,36904
2345,4096,4096,198609,37248
2346,4096,4088,199644,38532
2347,4096,413,163256,25102
2348,4096,4088,200201,38080
2349,4096,4091,198684,37008
2350,4096,1317,232715,37832
2351,4096,1118,157611,28763
2352,4096,4087,198887,38225
2353,4096,442,177109,18736
2354,4096,4089,201344,37448
2355,4096,4099,199370,37753
2356,4096,1146,274936,37295
2357,4096,4158,196752,35513
2358,4096,4090,197770,37423
2359,4096,4096,197890,36985
2360,4096,4089,196148,37004
2361,4096,318,153955,18697
2362,4096,4080,197512,37179
2363,4096,4085,198475,37281
2364,4096,4021,206538,40362
2365,4096,393,155486,24372
2366,4096,4077,202126,38537
2367,4096,523,194503,20077
2368,4096,4088,199480,37603
2369,4096,981,293570,35193
2370,4096,610,206398,20375
2371,4096,4080,200759,38598
2372,4096,4094,199164,37502
2373,4096,4092,197844,48640
2374,4096,758,225941,30498
2375,4096,4087,197738,37753
2376,4096,405,165524,25445
2377,4096,4078,198896,38170
2378,4096,4092,196701,37445
2379,4096,1319,272385,39076
2380,4096,4087,198764,37787
2381,4096,4092,198402,38825
2382,4096,1241,291995,38659
2383,4096,4101,198348,37983
2384,4096,4097,198304,37488
2385,4096,3897,211197,40859
2386,4096,3719,206337,41762
2387,4096,4079,199061,38089
2388,4096,585,203295,20123
2389,4096,828,237506,31002
2390,4096,184,129116,18411
2391,4096,433,162315,18285
2392,4096,4101,200603,38306
2393,4096,3897,203129,40007
2394,4096,483,233119,19116
2395,4096,3937,202488,39392
2396,4096,488,175002,19063
2397,4096,4088,198791,37734
2398,4096,4088,199548,37211
2399,4096,4089,197806,38014
2400,4096,4085,198744,37994
2401,4096,440,178740,18821
2402,4096,4117,207396,37376
2403,4096,919,219125,32498
2404,4096,4085,200493,38254
2405,4096,4091,198984,37448
2406,4096,4082,197771,37430
2407,4096,4093,199009,37471
2408,4096,4093,197582,37202
2409,4096,3881,204156,40433
2410,4096,4091,199022,37611
2411,4096,4085,197586,37300
2412,4096,142,123137,18602
2413,4096,4087,197967,37243
2414,4096,3886,205003,39921
2415,4096,4153,197238,35822
2416,4096,4090,198469,37260
2417,4096,491,169811,28007
2418,4096,4098,197894,37866
2419,4096,4159,202141,36180
2420,4096,1279,296726,38796
2421,4096,750,220356,31106
2422,4096,4084,201340,38427
2423,4096,3690,227101,39104
2424,4096,3898,205626,40439
2425,4096,1146,275628,37880
2426,4096,876,246611,31831
2427,4096,4087,201607,38868
2428,4096,4098,199011,37205
2429,4096,103,117034,22179
2430,4096,4104,199073,38265
2431,4096,294,184201,25307
2432,4096,4088,198101,37664
2433,4096,613,207068,20783
2434,4096,4077,198988,37949
2435,4096,4095,206106,37789
2436,4096,4082,199215,37930
2437,4096,4080,199411,37364
2438,4096,3023,189224,36375
2439,4096,4088,200429,38334
2440,4096,606,205907,20473
2441,4096,430,170443,18755
2442,4096,421,167755,17488
2443,4096,4083,198936,39890
2444,4096,3026,188638,37667
2445,4096,3766,211049,38979
2446,4096,561,239946,28680
2447,4096,483,161164,25162
2448,4096,497,177222,18986
2449,4096,377,153002,24444
2450,4096,4077,200368,38092
2451,4096,142,123641,18469
2452,4096,4095,199203,37618
2453,4096,1028,265628,34353
2454,4096,4090,198971,38246
2455,4096,4078,200343,37975
2456,4096,783,221796,31485
2457,4096,1007,254622,34717
2458,4096,429,161430,24049
2459,4096,4157,196205,36115
2460,4096,4088,197857,37419
2461,4096,4088,198863,37874
2462,4096,4106,198026,37885
2463,4096,4086,197694,37529
2464,4096,515,174816,25917
2465,4096,4098,200685,55461
2466,4096,731,285421,36413
2467,4096,1136,416346,47680
2468,4096,3894,241172,58135
2469,4096,608,213804,21123
2470,4096,4101,199950,37931
2471,4096,3882,209604,40485
2472,4096,3893,204727,39661
2473,4096,251,144152,19289
2474,4096,4096,197100,37192
2475,4096,4086,198431,37369
2476,4096,3890,205944,40254
2477,4096,4083,198454,37430
2478,4096,407,167235,24944
2479,4096,4100,198549,37588
2480,4096,4153,197186,35317
2481,4096,4082,198523,37587
2482,4096,3878,205193,40253
2483,4096,4091,201381,37594
2484,4096,4092,205761,37973
2485,4096,4079,198513,37608
2486,4096,4076,197137,37319
2487,4096,937,255594,32483
2488,4096,1413,981323,149441
2489,4096,4094,723409,136961
2490,4096,4093,709405,135166
2491,4096,3868,725578,140638
2492,4096,385,741236,92528
2493,4096,4093,710167,133512
2494,4096,4094,564546,106721
2495,4096,4097,553570,104308
2496,4096,4084,564805,105070
2497,4096,4095,561444,106540
2498,4096,4101,554640,105451
2499,4096,4091,560350,105584
2500,4096,4083,562467,105343
2501,4096,3910,581272,116711
2502,4096,3894,575841,114092
2503,4096,4080,561880,106570
2504,4096,2958,526399,106677
2505,4096,447,462992,52793
2506,4096,1477,939870,106493
2507,4096,522,539901,74714
2508,4096,1118,291014,34151
2509,4096,4088,231493,44452
2510,4096,4087,234693,44002
2511,4096,2956,394299,55538
2512,4096,4087,237382,45194
2513,4096,779,282271,36307
2514,4096,374,192005,30592
2515,4096,4101,235753,44578
2516,4096,3897,239797,47042
2517,4096,3725,247060,45435
2518,4096,4084,232874,44399
2519,4096,4086,232068,44140
2520,4096,4092,232884,43784
2521,4096,4090,232874,43893
2522,4096,4097,233310,43806
2523,4096,4082,235005,44180
2524,4096,4082,233574,44775
2525,4096,1101,269027,27765
2526,4096,902,318811,37799
2527,4096,600,230932,32787
2528,4096,432,184090,20937
2529,4096,761,313144,37337
2530,4096,4089,236593,44011
2531,4096,4076,229718,43398
2532,4096,4085,230421,43708
2533,4096,4094,232792,43453
2534,4096,857,257948,36031
2535,4096,4086,232706,43875
2536,4096,4088,232650,43526
2537,4096,591,239585,32167
2538,4096,916,297342,37687
2539,4096,828,331516,34865
2540,4096,146,140335,27030
2541,4096,981,333135,38857
2542,4096,1074,300746,51303
2543,4096,1031,265801,33758
2544,4096,1707,228391,23895
2545,4096,1118,270465,47149
2546,4096,338,137882,21679
2547,4096,310,166920,22957
2548,4096,305,149178,25718
2549,4096,4124,202105,37489
2550,4096,230,154272,18270
2551,4096,781,222156,29941
2552,4096,1305,293888,36616
2553,4096,692,205275,27094
2554,4096,4105,187259,35740
2555,4096,471,169266,25220
2556,4096,758,227438,29822
2557,4096,1361,229818,55379
2558,4096,845,240859,33054
2559,4096,4093,201549,37974
2560,4096,520,177058,19554
2561,4096,455,162694,25051
2562,4096,506,176463,27850
2563,4096,281,148811,18008
2564,4096,385,216162,26102
2565,4096,430,172019,18772
2566,4096,915,297294,33025
2567,4096,474,213761,28533
2568,4096,4087,209529,35390
2569,4096,182,123379,17253
2570,4096,735,167973,27899
2571,4096,4093,186453,36008
2572,4096,698,188537,26610
2573,4096,4153,184897,33075
2574,4096,779,207868,28896
2575,4096,183,121434,17331
2576,4096,931,207924,30764
2577,4096,1171,208932,33624
2578,4096,766,215777,27674
2579,4096,4090,187036,35023
2580,4096,789,202608,28085
2581,4096,51,103731,19280
2582,4096,4096,212810,37732
2583,4096,4077,198380,37818
2584,4096,4095,198685,36911
2585,4096,1618,274997,40834
2586,4096,425,230734,27036
2587,4096,945,204533,30791
2588,4096,4081,201463,37833
2589,4096,989,258768,33130
2590,4096,1358,289036,39073
2591,4096,876,246691,31589
2592,4096,4088,201976,37908
2593,4096,814,199165,30284
2594,4096,182,125533,20507
2595,4096,480,233484,27562
2596,4096,1206,254539,36501
2597,4096,4085,203147,38603
2598,4096,894,281428,32544
2599,4096,715,215464,21166
2600,4096,503,176834,19002
2601,4096,4093,202143,38150
2602,4096,3868,206067,40446
2603,4096,142,123584,18585
2604,4096,4076,201586,39249
2605,4096,804,225559,31682
2606,4096,1295,317284,37039
2607,4096,682,194423,21335
2608,4096,148,119174,23079
2609,4096,1248,299892,38750
2610,4096,854,281931,30768
2611,4096,4094,201017,38017
2612,4096,4089,199058,38454
2613,4096,146,129278,18288
2614,4096,927,226925,31535
2615,4096,4090,201540,38347
2616,4096,4092,198975,37276
2617,4096,768,236305,30814
2618,4096,4094,200620,37598
2619,4096,458,166464,27560
2620,4096,3020,192884,37571
2621,4096,4084,201907,37978
2622,4096,1442,270377,39485
2623,4096,736,250515,28691
2624,4096,305,148981,25560
2625,4096,293,187328,25697
2626,4096,4094,199664,37750
2627,4096,514,185889,19319
2628,4096,586,185935,27850
2629,4096,1147,317793,35615
2630,4096,4099,200392,38979
2631,4096,279,148262,18807
2632,4096,440,177513,18898
2633,4096,748,228809,48868
2634,4096,783,209714,31438
2635,4096,1601,284840,38903
2636,4096,688,216632,29789
2637,4096,935,222431,32041
2638,4096,1201,250281,37541
2639,4096,4096,199666,37609
2640,4096,815,210969,30375
2641,4096,4111,201966,37597
2642,4096,779,240468,30347
2643,4096,768,198989,30269
2644,4096,719,201270,21835
2645,4096,531,186413,19296
2646,4096,4150,197313,35889
2647,4096,385,207072,26287
2648,4096,430,171439,18599
2649,4096,458,221828,28501
2650,4096,4091,202064,35341
2651,4096,314,151493,17023
2652,4096,874,217300,30141
2653,4096,474,199555,26771
2654,4096,1397,231502,33973
2655,4096,1084,246562,32894
2656,4096,179,123703,21181
2657,4096,89,102724,20022
2658,4096,4026,195138,37698
2659,4096,1033,165929,27602
2660,4096,3887,196095,36473
2661,4096,3896,195289,37037
2662,4096,293,173295,24271
2663,4096,3872,227477,42166
2664,4096,520,179435,19677
2665,4096,3931,208640,38960
2666,4096,3944,206182,38253
2667,4096,3935,228557,36239
2668,4096,3914,195159,35631
2669,4096,3911,194108,35562
2670,4096,3926,192177,35413
2671,4096,3918,194961,35666
2672,4096,4080,187485,35585
2673,4096,3883,196822,36760
2674,4096,3863,197782,36737
2675,4096,4087,187458,35359
2676,4096,3836,200621,37899
2677,4096,1302,187423,29998
2678,4096,4095,199588,37581
2679,4096,4095,198912,59770
2680,4096,4085,232021,44248
2681,4096,3817,266023,40283
2682,4096,4084,199811,37331
2683,4096,3857,215606,39547
2684,4096,4093,199678,37272
2685,4096,4087,199580,38307
2686,4096,4097,199984,37774
2687,4096,3829,242189,37643
2688,4096,3869,196140,36451
2689,4096,4090,185257,35492
2690,4096,4083,184437,34906
2691,4096,4096,217748,37171
2692,4096,4086,199109,37628
2693,4096,4089,199634,37422
2694,4096,4071,202151,38169
2695,4096,4091,199663,36903
2696,4096,4089,199996,34399
2697,4096,4082,185504,35246
2698,4096,4096,185467,34534
2699,4096,4102,203923,36728
2700,4096,4086,198875,37122
2701,4096,4064,199101,38095
2702,4096,4101,198298,37579
2703,4096,4093,197525,37369
2704,4096,4085,202003,34999
2705,4096,4095,183049,34688
2706,4096,4083,184722,34987
2707,4096,4084,185912,34681
2708,4096,4083,185687,35444
2709,4096,4092,185010,34979
2710,4096,4087,185197,34929
2711,4096,4094,184764,35295
2712,4096,4098,190926,35050
2713,4096,4155,181710,33021
2714,4096,4078,186138,34686
2715,4096,4093,185343,34784
2716,4096,4092,186151,53686
2717,4096,4087,200484,37419
2718,4096,4085,198281,38167
2719,4096,4082,216998,47932
2720,4096,4091,185167,35314
2721,4096,4097,186456,34904
2722,4096,4086,187592,35042
2723,4096,4092,186899,34600
2724,4096,1049,251474,32629
2725,4096,4071,188169,36164
2726,4096,4083,185778,34984
2727,4096,4085,187938,35400
2728,4096,4085,185600,35092
2729,4096,4095,186889,35461
2730,4096,4092,208259,36944
2731,4096,4084,198788,37415
2732,4096,4089,197588,37451
2733,4096,4098,223893,35647
2734,4096,4081,187170,35271
2735,4096,4081,185773,35434
2736,4096,4097,188531,36210
2737,4096,4084,186761,35057
2738,4096,2312,456637,41809
2739,4096,4079,189390,37281
2740,4096,4144,183053,33419
2741,4096,4101,185983,34681
2742,4096,4091,185492,35373
2743,4096,4093,207648,37038
2744,4096,4069,199095,38277
2745,4096,3840,238293,40727
2746,4096,4081,203142,38447
2747,4096,4085,202696,35943
2748,4096,4090,185694,35223
2749,4096,4090,186460,34901
2750,4096,4091,186805,34624
2751,4096,4085,186228,34628
2752,4096,4091,186821,35414
2753,4096,4091,187837,34817
2754,4096,4107,186359,35014
2755,4096,4079,187157,35300
2756,4096,4087,184032,34713
2757,4096,4085,200373,37984
2758,4096,4093,199012,38006
2759,4096,4096,199771,44961
2760,4096,4094,206332,35222
2761,4096,4091,185479,34882
2762,4096,4085,185963,35055
2763,4096,4083,184836,34627
2764,4096,4092,184806,34381
2765,4096,439,168518,24691
2766,4096,4078,186785,35610
2767,4096,4091,187369,34994
2768,4096,4087,186264,35042
2769,4096,4085,185218,35289
2770,4096,4083,185505,35910
2771,4096,4087,199266,37139
2772,4096,4158,196126,35903
2773,4096,2022,183705,33143
2774,4096,4092,209118,48125
2775,4096,4079,187093,35626
2776,4096,4079,187859,35709
2777,4096,4081,209096,37800
2778,4096,4087,199260,37893
2779,4096,4094,198656,37837
2780,4096,4084,201177,38407
2781,4096,4085,184920,35011
2782,4096,4078,185047,35149
2783,4096,4093,187794,53640
2784,4096,4083,197696,37259
2785,4096,4090,199613,37893
2786,4096,4082,198344,37954
2787,4096,4090,196943,34528
2788,4096,4090,184058,34730
2789,4096,4094,186641,35921
2790,4096,4088,186906,34669
2791,4096,4079,186904,36011
2792,4096,4096,185574,35381
2793,4096,3643,196896,36120
2794,4096,3794,205336,38306
2795,4096,1014,237385,32554
2796,4096,4091,186596,35821
2797,4096,4092,206386,37646
2798,4096,434,158133,27245
2799,4096,438,174198,18447
2800,4096,414,162905,24978
2801,4096,4097,200756,38483
2802,4096,912,375996,31959
2803,4096,860,205821,29244
2804,4096,4094,185015,35325
2805,4096,374,155193,25969
2806,4096,4095,188592,35076
2807,4096,4082,186268,34720
2808,4096,4090,188377,35153
2809,4096,3022,175988,34630
2810,4096,438,165600,17463
2811,4096,4090,186924,35278
2812,4096,1442,251664,36828
2813,4096,1382,263158,36218
2814,4096,1059,281548,34340
2815,4096,394,158815,24572
2816,4096,1442,266962,39072
2817,4096,611,177721,27625
2818,4096,4097,215676,34950
2819,4096,4088,186539,35569
2820,4096,4088,187564,35546
2821,4096,465,167815,17489
2822,4096,4086,189789,35889
2823,4096,4098,185546,35101
2824,4096,4149,184127,33307
2825,4096,4072,185278,35051
2826,4096,4091,186638,36256
2827,4096,4089,186304,34602
2828,4096,483,152908,24093
2829,4096,4098,187833,36007
2830,4096,4082,185275,34730
2831,4096,4093,208079,37479
2832,4096,4091,199802,37736
2833,4096,4082,200370,37715
2834,4096,495,178401,19202
2835,4096,4091,207766,38531
2836,4096,4097,198997,35408
2837,4096,4104,217323,37637
2838,4096,3882,207593,40822
2839,4096,4078,199799,38108
2840,4096,4082,200180,37262
2841,4096,1229,242866,48013
2842,4096,4079,186605,34968
2843,4096,4101,186013,34399
2844,4096,4080,186331,34751
2845,4096,4102,185350,35085
2846,4096,3906,190772,37589
2847,4096,805,198438,45929
2848,4096,478,181465,18853
2849,4096,4095,200378,37681
2850,4096,4096,199601,37877
2851,4096,758,243241,42083
2852,4096,4094,204498,35270
2853,4096,4092,186565,35103
2854,4096,4084,185125,34877
2855,4096,1170,190622,33998
2856,4096,504,164452,24596
2857,4096,411,151453,23582
2858,4096,4080,186525,35100
2859,4096,4097,186920,35180
2860,4096,4154,182937,34378
2861,4096,1109,148934,27023
2862,4096,442,160336,17169
2863,4096,654,221381,27712
2864,4096,4095,186754,36007
2865,4096,3865,216027,40614
2866,4096,4087,199021,37761
2867,4096,4090,200275,38089
2868,4096,358,163560,24014
2869,4096,2946,192306,37260
2870,4096,4071,203138,35613
2871,4096,449,163247,17096
2872,4096,3889,192946,37465
2873,4096,4090,185333,35265
2874,4096,4087,186429,34910
2875,4096,4097,184460,34266
2876,4096,858,222093,29448
2877,4096,4092,190320,36339
2878,4096,549,186195,25346
2879,4096,4099,186856,35136
2880,4096,4089,186617,35203
2881,4096,4090,185807,35111
2882,4096,4091,185611,52839
2883,4096,499,185297,26073
2884,4096,3883,205926,39697
2885,4096,4103,197575,37385
2886,4096,1126,268638,34469
2887,4096,4088,202601,35293
2888,4096,4092,185794,35488
2889,4096,4085,187269,35721
2890,4096,4095,185812,36244
2891,4096,4088,185253,34856
2892,4096,4102,184382,34862
2893,4096,449,162848,17051
2894,4096,4077,186188,35159
2895,4096,708,211641,28094
2896,4096,4097,187027,35414
2897,4096,4099,186358,35180
2898,4096,4086,187217,35737
2899,4096,711,229514,29749
2900,4096,4154,197067,35449
2901,4096,4094,198857,37364
2902,4096,4073,199154,37891
2903,4096,4096,199099,38842
2904,4096,4079,203284,34754
2905,4096,4084,185398,34928
2906,4096,4087,184289,34600
2907,4096,572,185234,25919
2908,4096,4081,189425,36008
2909,4096,4088,187019,35841
2910,4096,4080,186624,35690
2911,4096,3899,190934,37329
2912,4096,4079,187886,35413
2913,4096,4098,184653,34944
2914,4096,4100,185464,34876
2915,4096,442,151411,17501
2916,4096,4091,186492,35443
2917,4096,1003,231113,23784
2918,4096,152,137642,23301
2919,4096,415,219929,27675
2920,4096,4155,198804,35863
2921,4096,4092,211156,48748
2922,4096,525,176252,18160
2923,4096,1051,242546,31151
2924,4096,4068,188139,35723
2925,4096,390,143836,22824
2926,4096,554,181112,24603
2927,4096,4080,186728,35262
2928,4096,4082,187435,35107
2929,4096,4087,185910,34773
2930,4096,4091,189544,34863
2931,4096,4086,187095,35565
2932,4096,4086,216341,38433
2933,4096,4083,198686,37676
2934,4096,402,162371,25046
2935,4096,3879,204328,39653
2936,4096,478,182636,19269
2937,4096,4092,201226,37622
2938,4096,598,257286,29127
2939,4096,4074,201100,38227
2940,4096,4084,199412,37967
2941,4096,4095,198175,37048
2942,4096,3806,213948,39401
