1,4096,53,115546,5839
2,4096,406,95055,14191
3,4096,690,107745,18321
4,4096,124,90245,9807
5,4096,1365,115935,25436
6,4096,746,109017,20877
7,4096,1096,115758,28045
8,4096,1015,128501,22565
9,4096,1142,119026,25290
10,4096,1612,111650,18668
11,4096,1729,133827,35326
12,4096,1541,129644,34255
13,4096,1593,128453,28673
14,4096,2384,144059,43270
15,4096,1243,119708,30840
16,4096,404,100419,15873
17,4096,404,92970,13608
18,4096,690,103807,17729
19,4096,986,110025,20510
20,4096,1177,112832,19406
21,4096,1416,125770,30176
22,4096,765,99998,18480
23,4096,1046,120956,27887
24,4096,561,99501,16499
25,4096,958,113895,26980
26,4096,1488,109616,16030
27,4096,2236,130898,30960
28,4096,1440,124625,34182
29,4096,1007,105990,21348
30,4096,902,104356,27769
31,4096,284,96025,13059
32,4096,1535,117651,37077
33,4096,1678,131969,36278
34,4096,103,97681,7429
35,4096,1104,118097,28915
36,4096,1484,128177,33816
37,4096,906,100428,24956
38,4096,786,108633,22016
39,4096,4116,91329,4830
40,4096,4116,82449,4415
41,4096,4116,65652,2760
42,4096,4116,54801,2718
43,4096,4116,57720,2721
44,4096,4116,56703,2694
45,4096,4116,55236,2738
46,4096,4116,57052,2701
47,4096,4116,54533,2694
48,4096,4116,63352,2704
49,4096,4116,57339,2691
50,4096,4116,54012,2689
51,4096,4116,58089,2744
52,4096,4116,53905,2687
53,4096,4116,57154,2706
54,4096,4116,56600,2694
55,4096,4116,62812,2714
56,4096,4116,56550,2682
57,4096,4116,54832,2702
58,4096,4116,56879,2680
59,4096,4116,57182,2698
60,4096,4116,53448,2711
61,4096,4116,57109,2697
62,4096,4116,61484,2716
63,4096,4116,81658,3920
64,4096,4116,83131,3886
65,4096,4116,75654,3926
66,4096,4116,78584,3882
67,4096,4116,75056,3917
68,4096,4116,78897,3883
69,4096,4116,88047,3901
70,4096,4116,75613,3897
71,4096,4116,81592,3927
72,4096,4116,73955,3886
73,4096,2116,82404,5215
74,4096,4116,78661,3938
75,4096,4116,74722,3896
76,4096,4116,87261,3863
77,4096,4116,74754,3899
78,4096,4116,80261,3852
79,4096,3782,107968,19412
80,4096,4116,78173,3934
81,4096,4116,80522,3935
82,4096,654,91049,20842
83,4096,4116,88093,3889
84,4096,4116,78740,3897
85,4096,4116,75402,3943
86,4096,4116,80086,3891
87,4096,4116,76392,3929
88,4096,4116,78266,3890
89,4096,4116,79110,3917
90,4096,4116,82929,3876
91,4096,4116,79638,3913
92,4096,4116,74769,3889
93,4096,4116,79072,3929
94,4096,4116,81144,3893
95,4096,4116,75667,3924
96,4096,2116,80197,5052
97,4096,4116,93708,4424
98,4096,4116,88179,4350
99,4096,4116,88844,4392
100,4096,4116,82249,4347
101,4096,4116,87906,4372
102,4096,4116,84149,4341
103,4096,4116,88319,8677
104,4096,4116,97696,4375
105,4096,4116,83472,4410
106,4096,747,109356,24417
107,4096,4116,88586,4437
108,4096,2116,88535,5673
109,4096,4116,89659,4424
110,4096,4116,84663,4368
111,4096,4116,97955,4407
112,4096,4116,83569,4368
113,4096,4116,89012,4398
114,4096,4116,87755,4374
115,4096,4116,82922,4400
116,4096,4116,87048,4385
117,4096,3293,82800,4792
118,4096,4116,96603,4344
119,4096,4116,89153,4412
120,4096,4116,82962,4347
121,4096,4116,89650,4379
122,4096,4116,81647,4326
123,4096,4116,88299,4390
124,4096,4116,86810,4346
125,4096,4116,93479,4426
126,4096,4116,89222,4330
127,4096,4116,83938,4403
128,4096,3293,88752,4574
129,4096,4116,88517,4400
130,4096,4116,82078,4338
131,4096,4116,78976,3911
132,4096,4116,83024,3858
133,4096,4116,79309,3897
134,4096,4116,80971,3855
135,4096,4116,76660,3881
136,4096,4116,79348,3882
137,4096,4116,75114,3883
138,4096,4116,82283,3843
139,4096,4116,88474,3891
140,4096,4116,74388,3863
141,4096,4116,81124,3896
142,4096,4116,73793,3863
143,4096,4116,79289,3872
144,4096,4116,78217,3849
145,4096,4116,75532,3956
146,4096,4116,86609,3883
147,4096,4116,76258,3934
148,4096,4116,79032,3913
149,4096,4116,81182,3942
150,4096,4116,74732,3896
151,4096,4116,80187,3945
152,4096,4116,74134,3889
153,4096,4116,87558,3924
154,4096,1009,104429,26087
155,4096,4116,74722,3961
156,4096,4116,78475,3867
157,4096,4113,76492,4306
158,4096,4116,77679,4164
159,4096,4116,79647,3910
160,4096,4116,82912,3862
161,4096,4116,79381,3909
162,4096,623,88755,17648
163,4096,4116,79391,4010
164,4096,4116,78604,3868
165,4096,585,89318,17916
166,4096,4116,78273,3966
167,4096,4116,84821,3925
168,4096,4116,96212,5552
169,4096,4116,92638,3996
170,4096,534,84799,15344
171,4096,4116,79463,3931
172,4096,4116,78594,3897
173,4096,4116,76160,3916
174,4096,4116,90880,3903
175,4096,4116,74905,3928
176,4096,4116,78715,3881
177,4096,4116,79130,3916
178,4096,4116,74331,3875
179,4096,4116,79314,3929
180,4096,4116,73780,3877
181,4096,4116,89184,3903
182,4096,4116,78278,3883
183,4096,546,88401,15760
184,4096,4116,78436,3910
185,4096,4116,74702,3915
186,4096,4116,78804,3896
187,4096,4116,81503,3954
188,4096,4116,83581,3864
189,4096,4116,81371,3896
190,4096,4116,74622,3876
191,4096,4116,79987,3929
192,4096,4116,78831,3878
193,4096,4116,74813,3898
194,4096,4116,78351,3892
195,4096,572,95866,17241
196,4096,4116,78803,3913
197,4096,4116,81645,3883
198,4096,4116,73726,3894
199,4096,4116,80448,3908
200,4096,4116,74452,3881
201,4096,4116,73151,3553
202,4096,4116,79621,3351
203,4096,4116,68691,3504
204,4096,4116,72836,3490
205,4096,1146,69376,5970
206,4096,4116,71397,3502
207,4096,4116,72974,3523
208,4096,4116,67552,3497
209,4096,4116,80703,3505
210,4096,4116,68459,3507
211,4096,4116,72091,3507
212,4096,4116,73115,3516
213,4096,4116,67673,3517
214,4096,4116,71684,3499
215,4096,4116,68001,3510
216,4096,4116,79808,6832
217,4096,4116,73251,3552
218,4096,4116,68858,3458
219,4096,4116,74287,3538
220,4096,4116,68842,3480
221,4096,4116,72240,3512
222,4096,4116,71393,3494
223,4096,4116,77443,3528
224,4096,4116,71947,3489
225,4096,3112,107602,29891
226,4096,4116,71321,3470
227,4096,4116,72344,3527
228,4096,4116,69655,3481
229,4096,4116,71965,3505
230,4096,4116,77439,3472
231,4096,4116,72230,3534
232,4096,4116,71909,3478
233,4096,4116,68302,3545
234,4096,4116,71429,3494
235,4096,4116,68440,3532
236,4096,4116,72644,3481
237,4096,3293,95770,4323
238,4096,4116,74916,3861
239,4096,4116,81032,3906
240,4096,4116,74649,3863
241,4096,4116,79895,3927
242,4096,4116,78669,3845
243,4096,4116,75626,3909
244,4096,735,107263,21451
245,4096,4116,76225,3993
246,4096,4116,79146,3889
247,4096,4116,79700,3951
248,4096,4116,73418,3889
249,4096,4116,81517,3922
250,4096,4116,73960,3896
251,4096,611,101714,17703
252,4096,4116,81333,3955
253,4096,4116,76043,3986
254,4096,4116,79902,3882
255,4096,4116,75146,3896
256,4096,4116,78972,3898
257,4096,4116,80029,3882
258,4096,4116,84383,3889
259,4096,4116,80667,3987
260,4096,4116,76002,3887
261,4096,4116,79908,3953
262,4096,4116,78650,3892
263,4096,4116,76852,3923
264,4096,4116,79389,3868
265,4096,489,92142,9846
266,4096,4116,79212,3910
267,4096,4116,81222,3909
268,4096,4116,74362,3883
269,4096,4116,79604,3950
270,4096,4116,75444,3936
271,4096,4116,80696,3941
272,4096,4116,88076,3895
273,4096,4116,69418,3575
274,4096,4116,72240,3491
275,4096,4116,69487,3546
276,4096,4116,71339,3496
277,4096,4116,73463,3544
278,4096,4116,67604,3488
279,4096,4116,80821,3505
280,4096,4116,68920,3483
281,4096,4116,73069,3510
282,4096,4116,71987,3483
283,4096,4116,70687,3543
284,4096,4116,72059,3496
285,4096,4116,68825,3543
286,4096,4116,81526,3498
287,4096,4116,72791,3556
288,4096,4116,68421,3492
289,4096,4116,72829,3544
290,4096,4116,70264,3478
291,4096,4116,74678,3532
292,4096,4116,72057,3490
293,4096,1207,104411,24116
294,4096,4116,72536,3534
295,4096,576,80336,14985
296,4096,4116,71921,3524
297,4096,4116,72540,3498
298,4096,4116,69319,3464
299,4096,834,93913,20957
300,4096,4116,76891,3541
301,4096,4116,72470,3514
302,4096,1173,71967,4791
303,4096,4116,68674,3515
304,4096,4116,71990,3476
305,4096,4116,68691,3522
306,4096,3228,72905,3758
307,4096,4116,82841,3526
308,4096,4116,67832,3492
309,4096,4116,73156,3504
310,4096,4116,67552,3468
311,4096,4116,73597,3494
312,4096,4116,71592,3478
313,4096,4116,68379,3517
314,4096,4116,79757,3472
315,4096,4116,69537,3529
316,4096,4116,73251,3478
317,4096,4116,73124,3530
318,4096,4116,67374,3464
319,4096,4116,72992,3542
320,4096,4116,68652,3471
321,4096,4116,80546,3522
322,4096,4116,71521,3467
323,4096,4116,71493,3521
324,4096,830,88329,19205
325,4096,4116,68569,3533
326,4096,4116,71555,3503
327,4096,4116,73155,3527
328,4096,4116,76222,3540
329,4096,4116,73002,3507
330,4096,4116,69835,3508
331,4096,4116,78054,3653
332,4096,4116,72407,3518
333,4096,4116,68890,3510
334,4096,4116,80124,3522
335,4096,4116,68290,3521
336,4096,4116,72611,3488
337,4096,4116,73747,3527
338,4096,4116,69393,3499
339,4096,4116,72690,3518
340,4096,4116,67623,3492
341,4096,4116,80850,3568
342,4096,4116,71320,3501
343,4096,4116,68539,3519
344,4096,593,84047,16526
345,4096,4116,76325,3912
346,4096,4116,79577,3907
347,4096,4116,79803,3922
348,4096,4116,94641,3866
349,4096,4116,80001,3910
350,4096,4116,73967,3870
351,4096,4116,87257,3941
352,4096,4116,78060,3889
353,4096,4116,75489,3921
354,4096,4116,80723,3869
355,4096,4116,83563,3916
356,4096,4116,78846,3877
357,4096,4116,82130,3936
358,4096,4116,74533,3883
359,4096,4116,79433,3930
360,4096,4116,74051,3884
361,4096,4116,78864,3931
362,4096,4116,89804,3896
363,4096,4116,75183,3943
364,4096,4116,79058,3882
365,4096,4116,75253,3935
366,4096,4116,79360,3877
367,4096,4116,79744,3911
368,4096,569,86114,15758
369,4096,4116,89257,3955
370,4096,4116,75784,3862
371,4096,4116,83204,3869
372,4096,4116,79608,3837
373,4096,4116,75672,3876
374,4096,4116,79010,3876
375,4096,4116,75015,3851
376,4096,4116,88151,3843
377,4096,4116,79926,3889
378,4096,4116,75691,3852
379,4096,4116,80615,3879
380,4096,4116,74683,3863
381,4096,4116,84244,3876
382,4096,4116,80307,3860
383,4096,4116,84060,3854
384,4096,4116,79893,3835
385,4096,4116,76446,3902
386,4096,4116,80744,3851
387,4096,4116,79971,3876
388,4096,4116,74608,3858
389,4096,4116,80214,3885
390,4096,4116,83774,3869
391,4096,4116,81800,3861
392,4096,4116,79034,3847
393,4096,4116,77002,3864
394,4096,4116,79243,3862
395,4096,4116,75181,3865
396,4096,4116,79005,3863
397,4096,4116,89643,3863
398,4096,4116,74510,3856
399,4096,4116,80146,3917
400,4096,4116,74742,3843
401,4096,4116,81158,3886
402,4096,4116,79256,3869
403,4096,4116,75344,3898
404,4096,4116,88878,3876
405,4096,4116,76387,3911
406,4096,4116,78771,3862
407,4096,610,94430,17027
408,4096,4116,74747,3923
409,4096,4116,80522,3921
410,4096,4116,74134,3886
411,4096,4116,88101,3908
412,4096,4116,79594,3876
413,4096,4116,75196,3909
414,4096,4116,79536,3883
415,4096,4116,77000,3905
416,4096,4116,79187,3870
417,4096,4116,81540,3926
418,4096,4116,83111,3916
419,4096,4116,83756,3924
420,4096,4116,75366,3879
421,4096,4116,80350,3936
422,4096,4116,79198,3871
423,4096,4116,75806,3917
424,4096,4116,79294,3895
425,4096,4116,86893,4093
426,4096,4116,80172,3927
427,4096,4116,79533,3932
428,4096,4116,74390,3883
429,4096,4116,80330,3917
430,4096,4116,74226,3890
431,4096,4116,79081,3930
432,4096,4116,87646,3942
433,4096,4116,75915,3919
434,4096,4116,78724,3875
435,4096,4116,78943,3941
436,4096,4116,78961,3901
437,4096,4116,79549,3918
438,4096,4116,74138,3869
439,4096,928,105134,15282
440,4096,4116,75422,3895
441,4096,4116,82122,3888
442,4096,4116,79244,3884
443,4096,4116,75331,3913
444,4096,4116,78459,3875
445,4096,4116,75209,3914
446,4096,4116,87204,3891
447,4096,4116,79740,3891
448,4096,4116,74582,3887
449,4096,4116,81706,3916
450,4096,4116,74540,3886
451,4096,4116,79473,3889
452,4096,4116,78950,3883
453,4096,4116,84656,4176
454,4096,4116,79339,3888
455,4096,527,87232,16278
456,4096,4116,81169,3916
457,4096,4116,80087,3228
458,4096,4116,74276,3888
459,4096,4116,79516,3923
460,4096,4116,81934,3838
461,4096,4116,79879,3909
462,4096,4116,78840,3896
463,4096,1230,106980,27259
464,4096,4116,79622,3932
465,4096,4116,74364,3929
466,4096,4116,78626,3889
467,4096,4116,87806,3993
468,4096,4116,75416,3877
469,4096,4116,80099,4001
470,4096,4116,74706,3886
471,4096,4116,79773,3944
472,4096,4116,90508,4887
473,4096,716,97899,21710
474,4096,4116,88499,4036
475,4096,4116,76372,3897
476,4096,1102,102878,19310
477,4096,163,83355,6915
478,4096,4116,74490,3962
479,4096,4116,79982,3893
480,4096,4116,75918,3897
481,4096,4116,88872,3886
482,4096,4116,88011,5830
483,4096,4116,68988,3513
484,4096,4116,72244,3512
485,4096,4116,67876,3512
486,4096,4116,71324,3507
487,4096,4116,72433,3508
488,4096,818,95741,20265
489,4096,4116,73050,3585
490,4096,4116,67143,3461
491,4096,4116,73113,3500
492,4096,4116,71661,3450
493,4096,4116,68401,3531
494,4096,4116,71683,3485
495,4096,4116,81230,3682
496,4096,4116,74215,3488
497,4096,4116,72584,3550
498,4096,4116,68898,3486
499,4096,4116,73408,3548
500,4096,4116,68007,3498
501,4096,4116,73227,3524
502,4096,4116,80479,3547
503,4096,4116,69774,3544
504,4096,4116,76660,3523
505,4096,4116,70091,3548
506,4096,4116,72359,3502
507,4096,4116,74144,3541
508,4096,4116,67915,3494
509,4096,4116,83980,3526
510,4096,4116,68877,3494
511,4096,4116,74388,3530
512,4096,4116,73941,3489
513,4096,4116,77173,3911
514,4096,4116,82904,3893
515,4096,4116,75860,3929
516,4096,4116,88888,3886
517,4096,4116,80502,3927
518,4096,4116,74577,3881
519,4096,4116,80301,3929
520,4096,4116,76379,3943
521,4096,4116,80114,3925
522,4096,4116,78878,3873
523,4096,4116,84357,3961
524,4096,572,92906,17373
525,4096,4116,75710,3927
526,4096,4116,79607,3838
527,4096,4116,81309,3875
528,4096,4116,76201,3854
529,4096,4116,80410,3904
530,4096,4116,84304,3830
531,4096,611,92909,16860
532,4096,4116,79546,3942
533,4096,4116,78982,3904
534,4096,4116,79583,3938
535,4096,4116,77459,4029
536,4096,4116,79620,3923
537,4096,4116,88962,3935
538,4096,4116,74498,3832
539,4096,4116,79519,3869
540,4096,737,92262,21983
541,4096,4116,81531,3996
542,4096,4116,79291,3944
543,4096,4116,76704,3962
544,4096,4116,88707,3940
545,4096,4116,76092,3940
546,4096,4116,79117,3936
547,4096,4116,80715,3937
548,4096,4116,75177,3940
549,4096,4116,80671,3993
550,4096,3293,74989,4355
551,4096,4116,90828,3969
552,4096,4116,79253,3956
553,4096,4116,76515,3956
554,4096,4116,79906,3871
555,4096,4116,75684,3997
556,4096,4116,78806,3921
557,4096,4116,81210,4020
558,4096,1173,83511,5163
559,4096,4116,81375,3919
560,4096,4116,74909,3869
561,4096,4116,80288,3889
562,4096,4116,79359,3861
563,4096,4116,77989,3909
564,4096,4116,80017,3883
565,4096,4116,84344,3976
566,4096,4116,79516,3941
567,4096,4116,81523,3918
568,4096,4116,75432,3949
569,4096,4116,80221,3976
570,4096,4116,74735,3936
571,4096,4116,81164,3971
572,4096,4116,88021,3909
573,4096,4116,77492,3943
574,4096,4116,79803,3934
575,4096,4116,77474,3923
576,4096,4116,79072,3917
577,4096,4116,79868,3982
578,4096,4116,76259,3934
579,4096,4116,88181,3984
580,4096,4116,74835,3930
581,4096,4116,89580,4479
582,4096,4116,89007,4422
583,4096,4116,85304,4462
584,4096,4116,88130,4430
585,4096,4116,83587,4457
586,4096,4116,97363,4428
587,4096,4116,90160,4471
588,4096,4116,83428,4438
589,4096,4116,89564,4409
590,4096,4116,86016,4436
591,4096,4116,89156,4463
592,4096,4116,88131,4442
593,4096,4116,93203,4498
594,4096,4116,88186,4422
595,4096,4116,84723,4475
596,4096,4116,88445,4367
597,4096,4116,88893,4432
598,4096,4116,84777,4425
599,4096,4116,88812,4466
600,4096,4116,94037,4557
601,4096,4116,89899,4465
602,4096,4116,88726,4418
603,4096,4116,84266,4403
604,4096,732,111054,21610
605,4096,4116,84846,4469
606,4096,4116,89634,4414
607,4096,4116,99505,4378
608,4096,4116,83180,4382
609,4096,4116,89247,4395
610,4096,4116,83301,4364
611,4096,4116,88456,4378
612,4096,4116,87872,4378
613,4096,4116,85284,4459
614,4096,4116,103538,3884
615,4096,4116,75337,3889
616,4096,4116,79761,3868
617,4096,4116,81458,3933
618,4096,4116,74347,3882
619,4096,4116,83499,3932
620,4096,4116,74631,3882
621,4096,4116,89080,3937
622,4096,4116,80415,3867
623,4096,4116,75275,3919
624,4096,4116,80396,3891
625,4096,4116,77046,3933
626,4096,4116,85427,3882
627,4096,4116,80964,3916
628,4096,4116,83549,3869
629,4096,3293,82200,4379
630,4096,4116,76259,3876
631,4096,3228,81884,4353
632,4096,4116,78920,3906
633,4096,4116,76199,3884
634,4096,4116,78830,3854
635,4096,4116,84100,3883
636,4096,569,92287,16251
637,4096,4116,80074,3951
638,4096,4116,76500,3835
639,4096,4116,80802,3857
640,4096,4116,74807,3833
641,4096,4116,79751,3936
642,4096,4116,87525,3881
643,4096,1146,76733,6736
644,4096,4116,79837,3895
645,4096,4116,75422,3889
646,4096,4116,80716,3842
647,4096,4116,81177,3916
648,4096,4116,74595,3838
649,4096,608,102861,17360
650,4096,4116,74791,3919
651,4096,4116,80286,3904
652,4096,4116,79388,3896
653,4096,4116,77493,3912
654,4096,4116,79012,3896
655,4096,4116,75403,3895
656,4096,4116,88193,3897
657,4096,4116,80257,3896
658,4096,1222,102570,22263
659,4096,4116,86341,4101
660,4096,4116,79413,3902
661,4096,4116,77364,3920
662,4096,4116,79346,3868
663,4096,4116,83469,3919
664,4096,4116,79940,3875
665,4096,4116,80215,3925
666,4096,3293,76325,4362
667,4096,4116,79959,3903
668,4096,4116,76402,3865
669,4096,4116,81843,3889
670,4096,4116,88467,3829
671,4096,4116,76155,3896
672,4096,4116,79243,3822
673,4096,4112,77584,4738
674,4096,4116,78504,3823
675,4096,4116,80569,3938
676,4096,4116,74639,3829
677,4096,4116,91345,3914
678,4096,4116,74502,4097
679,4096,4116,80195,3900
680,4096,4116,79640,3833
681,4096,4116,75954,3929
682,4096,4116,79209,3875
683,4096,4116,75586,3899
684,4096,4116,88454,3876
685,4096,4116,81665,3922
686,4096,4116,74982,3869
687,4096,4116,80093,3909
688,4096,4116,74654,5653
689,4096,4116,80766,3922
690,4096,4116,79381,3829
691,4096,4116,85133,3970
692,4096,4116,79191,3889
693,4096,4116,77318,3920
694,4096,4116,79773,3879
695,4096,4116,80321,3933
696,4096,4116,75069,3880
697,4096,4116,80296,3922
698,4096,4116,87809,3898
699,4096,4116,80295,3921
700,4096,4116,78880,3842
701,4096,4116,76960,3916
702,4096,4116,79136,3875
703,4096,4116,75076,3919
704,4096,4116,79498,3859
705,4096,4116,89436,3914
706,4096,4116,74650,3875
707,4096,4116,84035,4051
708,4096,4116,74681,3871
709,4096,4116,82126,3950
710,4096,4116,79394,3887
711,4096,4116,76822,3938
712,4096,4116,88683,3869
713,4096,4116,75679,3933
714,4096,4116,79453,3906
715,4096,4116,89108,4408
716,4096,4116,85696,4379
717,4096,4116,90033,4459
718,4096,4116,82670,4371
719,4096,4116,98968,4406
720,4096,4116,88566,4361
721,4096,4116,84146,4417
722,4096,624,104413,19253
723,4096,4116,84604,4491
724,4096,4116,89585,4330
725,4096,4116,89140,4349
726,4096,4116,92285,4306
727,4096,4116,89732,4355
728,4096,4116,83101,6712
729,4096,4116,90147,4379
730,4096,4116,89114,4324
731,4096,4116,84147,4426
732,4096,4116,89756,4370
733,4096,4116,92819,4384
734,4096,4116,88592,4374
735,4096,4116,89193,4412
736,4096,4116,83484,4363
737,4096,4116,90438,4450
738,4096,4116,83549,4377
739,4096,4116,89304,4421
740,4096,4116,99733,4370
741,4096,587,97662,17156
742,4096,4116,89652,4372
743,4096,4116,83897,4438
744,4096,4116,88761,4357
745,4096,4116,88948,4419
746,4096,4116,83088,4374
747,4096,570,114528,20134
748,4096,4116,84706,4419
749,4096,4116,89927,4399
750,4096,4116,87788,4366
751,4096,4116,75598,3929
752,4096,4116,80151,3871
753,4096,4116,76367,3922
754,4096,4116,88299,3881
755,4096,4116,80345,3901
756,4096,4116,76296,3884
757,4096,4116,80313,3909
758,4096,1146,75454,6639
759,4096,4116,80442,3921
760,4096,4116,79344,3881
761,4096,4116,85008,3899
762,4096,4116,79459,3869
763,4096,4116,75412,3923
764,4096,4116,81039,3887
765,4096,4116,82322,3902
766,4096,4116,75511,3882
767,4096,4116,80631,3913
768,4096,4116,83415,4057
769,4096,4116,81061,3921
770,4096,4116,79449,3902
771,4096,4116,77155,3909
772,4096,4116,81365,3875
773,4096,4116,75925,3923
774,4096,4116,79632,3885
775,4096,4116,89692,3934
776,4096,4116,75368,3889
777,4096,4116,80422,3939
778,4096,4116,74669,3874
779,4096,4116,82245,3970
780,4096,4116,79807,3881
781,4096,821,96239,23638
782,4096,4116,92207,3890
783,4096,4116,76305,3892
784,4096,4116,79550,3828
785,4096,4116,80820,3903
786,4096,4116,75248,3831
787,4096,4116,82794,3936
788,4096,4116,74795,3849
789,4096,4116,92719,3935
790,4096,4116,79358,3857
791,4096,4116,75632,3870
792,4096,4116,79189,3900
793,4096,4116,76038,3882
794,4096,4116,79040,3852
795,4096,4116,81267,3877
796,4096,4116,84203,3867
797,4096,4116,80284,3882
798,4096,4116,75069,3818
799,4096,4116,81633,3932
800,4096,4116,79791,3843
801,4096,4116,76591,3909
802,4096,4116,81015,3869
803,4096,4116,88380,3972
804,4096,4116,79586,3909
805,4096,830,97761,19341
806,4096,4116,76328,3917
807,4096,4116,81431,3894
808,4096,4116,75278,3883
809,4096,4116,80331,3907
810,4096,4116,87908,3842
811,4096,4116,77595,3852
812,4096,4116,79131,3870
813,4096,4116,75929,3849
814,4096,4116,79548,3849
815,4096,4116,81015,3918
816,4096,4116,74847,3827
817,4096,4116,89337,3890
818,4096,4116,74980,3849
819,4096,4116,81278,3911
820,4096,4116,79106,3888
821,4096,4116,75621,3911
822,4096,4116,107538,5540
823,4096,4116,77930,3964
824,4096,4116,88615,3932
825,4096,709,105349,21056
826,4096,4116,75052,3903
827,4096,4116,81813,3982
828,4096,4116,74991,3891
829,4096,4116,81083,3912
830,4096,4116,79035,3884
831,4096,4116,83949,3976
832,4096,4116,79377,3858
833,4096,4116,75679,3948
834,4096,4116,78651,3888
835,4096,4116,83776,3930
836,4096,4116,74897,3882
837,4096,4116,80241,3936
838,4096,4116,84555,3882
839,4096,4116,80352,3914
840,4096,4116,78805,3885
841,4096,4116,75824,3902
842,4096,4116,82751,3895
843,4096,4116,75778,3976
844,4096,4116,79106,3869
845,4096,4116,90124,3943
846,4096,4116,74775,3883
847,4096,4116,81717,3929
848,4096,4116,74862,3909
849,4096,4116,81105,3933
850,4096,4116,80828,3883
851,4096,4116,75498,3928
852,4096,1399,122862,27275
853,4096,4116,75659,3938
854,4096,4116,79459,3888
855,4096,4116,80411,3888
856,4096,4116,75696,3886
857,4096,4116,80204,3926
858,4096,4116,75916,3882
859,4096,4116,89242,3997
860,4096,4116,79378,3875
861,4096,4116,75947,3901
862,4096,4116,79092,3873
863,4096,4116,76185,3921
864,4096,653,94296,18131
865,4096,4116,81793,4126
866,4096,4116,85240,3934
867,4096,4116,80388,3909
868,4096,4116,75544,3876
869,4096,4116,80079,3919
870,4096,4116,79021,3870
871,4096,4116,75456,3946
872,4096,4116,79640,3888
873,4096,4116,84744,3941
874,4096,4116,80816,3865
875,4096,4116,84358,3956
876,4096,4116,75704,3879
877,4096,4116,80253,3913
878,4096,4116,74382,3897
879,4096,815,97515,21972
880,4096,4116,92315,3947
881,4096,4116,75682,3883
882,4096,4116,80981,3896
883,4096,4116,77048,3936
884,4096,4116,79432,3873
885,4096,4116,80310,3930
886,4096,4116,74374,3887
887,4096,4116,89725,3981
888,4096,4116,75183,3884
889,4096,4116,79956,3918
890,4096,4116,82026,3881
891,4096,4116,76101,3918
892,4096,4116,79291,3896
893,4096,4116,75624,3928
894,4096,4116,88134,3929
895,4096,4116,79723,3905
896,4096,4116,74702,3881
897,4096,4116,79945,3927
898,4096,4116,76173,3876
899,4096,4116,80616,3910
900,4096,4116,80319,3871
901,4096,4116,84471,3930
902,4096,4116,79045,3886
903,4096,4116,76401,3943
904,4096,4116,79199,3883
905,4096,4116,81779,3948
906,4096,4116,74683,3882
907,4096,4116,80529,3916
908,4096,4116,83314,3875
909,4096,4116,80417,3912
910,4096,4116,80429,3892
911,4096,4116,75736,3910
912,4096,4116,80007,3883
913,4096,4116,76863,3929
914,4096,4116,79533,3886
915,4096,4116,89313,3930
916,4096,4116,74347,3874
917,4096,4116,80649,3920
918,4096,4116,74709,3864
919,4096,4116,80548,3929
920,4096,4116,79303,3884
921,4096,4116,76713,3897
922,4096,4116,88189,3885
923,4096,4116,75927,3905
924,4096,4116,79803,3867
925,4096,4116,83648,3905
926,4096,4116,75352,3882
927,4096,4116,80461,3926
928,4096,4116,74663,3875
929,4096,4116,91153,3980
930,4096,4116,78790,3878
931,4096,4116,75860,3929
932,4096,4116,79153,3876
933,4096,4116,76164,3916
934,4096,4116,79392,3882
935,4096,4116,82604,3955
936,4096,4116,89706,3926
937,4096,4116,81545,3913
938,4096,4116,74649,3876
939,4096,4116,80711,3950
940,4096,4116,79106,3883
941,4096,4116,75906,3934
942,4096,4116,79707,3876
943,4096,4116,84469,3997
944,4096,4116,79620,3870
945,4096,4116,96862,3949
946,4096,4116,75187,3885
947,4096,4116,81498,3916
948,4096,4116,74306,3883
949,4096,4116,79566,3915
950,4096,4116,89293,3949
951,4096,4116,76108,3919
952,4096,4116,79485,4063
953,4096,4116,76919,3934
954,4096,4116,80467,3883
955,4096,4116,79949,3940
956,4096,4116,76201,3893
957,4096,4116,89917,3977
958,4096,4116,74355,3882
959,4096,2071,104565,12951
960,4096,4116,79473,3889
961,4096,4116,77807,3933
962,4096,4116,78861,3885
963,4096,4116,75857,3941
964,4096,4116,88522,3890
965,4096,4116,80547,3922
966,4096,4116,75731,3889
967,4096,4116,80990,3920
968,4096,4116,76996,3889
969,4096,4116,80180,3896
970,4096,4116,79306,3851
971,4096,4116,83997,3921
972,4096,4116,79569,3869
973,4096,4116,76155,3920
974,4096,568,91865,17011
975,4096,4116,80602,3907
976,4096,4116,75570,3894
977,4096,4116,80509,3942
978,4096,4116,83153,3896
979,4096,4116,81159,3957
980,4096,4116,82902,3874
981,4096,4116,75915,3967
982,4096,4116,79482,3935
983,4096,4116,75785,3993
984,4096,4116,80798,3929
985,4096,4116,88655,3970
986,4096,791,124350,22109
987,4096,4116,83261,3992
988,4096,4116,75790,3912
989,4096,4116,73425,3558
990,4096,4116,72171,3546
991,4096,4116,68731,3575
992,4096,4116,82426,3547
993,4096,3293,69210,3851
994,4096,4116,72395,3497
995,4096,4116,72382,3511
996,4096,4116,68537,3482
997,4096,4116,76547,3778
998,4096,4116,68621,3507
999,4096,570,93620,14842
1000,4096,4116,73275,3611
1001,4096,4116,68571,3596
1002,4096,4116,72374,3510
1003,4096,4116,69033,3530
1004,4096,4116,72390,3500
1005,4096,4116,73811,3534
1006,4096,4116,76552,3497
1007,4096,4116,74081,3526
1008,4096,4116,68838,3504
1009,4096,4116,72967,3539
1010,4096,4116,72329,3498
1011,4096,4116,72281,3544
1012,4096,4116,72110,3514
1013,4096,4116,76906,3538
1014,4096,4116,72432,3490
1015,4096,4116,72806,3558
1016,4096,4116,69020,3485
1017,4096,4116,73232,3545
1018,4096,4116,67662,3524
1019,4096,4116,73474,3546
1020,4096,1173,80150,4763
1021,4096,4116,69006,3524
1022,4096,4116,72332,3493
1023,4096,4116,75925,3916
1024,4096,4116,83856,3889
1025,4096,642,98664,22903
1026,4096,4116,74981,4090
1027,4096,4116,89689,3955
1028,4096,4116,74785,3895
1029,4096,664,95724,16558
1030,4096,4116,83114,3889
1031,4096,4116,75897,3910
1032,4096,4116,80355,3895
1033,4096,4116,75247,3921
1034,4096,4116,88875,3886
1035,4096,4116,79888,3884
1036,4096,4116,74302,3887
1037,4096,4116,80694,3915
1038,4096,4116,74875,3889
1039,4096,4116,81307,3914
1040,4096,4116,82139,3913
1041,4096,4116,84795,3906
1042,4096,4116,79210,3888
1043,4096,4116,75753,3888
1044,4096,4116,79453,3897
1045,4096,4116,80371,3907
1046,4096,4116,74943,3903
1047,4096,4116,82451,3920
1048,4096,4116,83802,3887
1049,4096,4116,80328,3932
1050,4096,4116,79230,3878
1051,4096,4116,75326,3943
1052,4096,4116,79149,3886
1053,4096,4116,75532,3931
1054,4096,4116,79653,3891
1055,4096,4116,89831,3942
1056,4096,4116,74652,3870
1057,4096,4116,82359,3922
1058,4096,4116,74948,3877
1059,4096,4116,80592,3943
1060,4096,4116,79440,3837
1061,4096,4116,76676,3943
1062,4096,4116,87304,3878
1063,4096,456,85881,13337
1064,4096,1351,108263,22336
1065,4096,4116,80424,3957
1066,4096,4116,78883,3882
1067,4096,4116,80498,3954
1068,4096,4116,73840,3869
1069,4096,4116,87739,3956
1070,4096,4116,78117,3929
1071,4096,4116,76300,3967
1072,4096,4116,78984,3910
1073,4096,4116,76059,3949
1074,4096,4116,79500,3934
1075,4096,4116,79642,3956
1076,4096,4116,85022,3911
1077,4096,4116,80500,3955
1078,4096,4116,74225,3882
1079,4096,4116,80301,3946
1080,4096,4116,78661,3939
1081,4096,4116,75366,3922
1082,4096,4116,78461,3929
1083,4096,4116,85408,4006
1084,4096,4116,78078,3919
1085,4096,4116,80592,3977
1086,4096,4116,77311,3923
1087,4096,4116,81571,4016
1088,4096,4116,74395,3895
1089,4096,4116,79444,3929
1090,4096,4116,87425,3937
1091,4096,4116,74829,3942
1092,4096,4116,78218,3883
1093,4096,4116,74164,3925
1094,4096,4116,78458,3881
1095,4096,4116,80722,3984
1096,4096,4116,74955,3883
1097,4096,4116,87665,3977
1098,4096,4116,74356,3827
1099,4096,4116,79955,3932
1100,4096,4116,78468,3938
1101,4096,4116,75722,3925
1102,4096,4116,80217,3889
1103,4096,4116,75348,3906
1104,4096,4116,88267,3878
1105,4096,4116,79846,3980
1106,4096,4116,74274,3869
1107,4096,4116,79725,3979
1108,4096,4116,75347,3888
1109,4096,4116,79212,3903
1110,4096,814,100851,23863
1111,4096,4116,84589,3940
1112,4096,4116,78617,3883
1113,4096,4116,75448,3893
1114,4096,4116,80681,3901
1115,4096,4116,80536,3896
1116,4096,4116,74462,3898
1117,4096,4116,79731,3889
1118,4096,745,106357,20287
1119,4096,4116,81465,3943
1120,4096,4116,78613,3890
1121,4096,4116,74683,3907
1122,4096,4116,79248,3909
1123,4096,4116,74923,3895
1124,4096,4116,78887,3942
1125,4096,3293,88755,4252
1126,4096,4116,75404,3857
1127,4096,4116,79861,3973
1128,4096,4116,74257,3886
1129,4096,4116,80051,3912
1130,4096,4116,78461,3943
1131,4096,4116,76808,3993
1132,4096,4116,90020,3931
1133,4096,4116,75146,3903
1134,4096,4116,80321,3878
1135,4096,4116,80202,3983
1136,4096,4116,74918,3886
1137,4096,4116,79435,3996
1138,4096,4116,73755,3896
1139,4096,4116,88131,3916
1140,4096,4116,79540,3882
1141,4096,4116,76165,3896
1142,4096,581,93715,17268
1143,4096,4116,75046,3929
1144,4096,4116,99997,5523
1145,4096,4116,82720,3996
1146,4096,4116,85051,3954
1147,4096,4116,81150,3904
1148,4096,4116,79835,3836
1149,4096,4116,74913,3942
1150,4096,4116,81364,3901
1151,4096,4116,75289,3914
1152,4096,4116,79087,3885
1153,4096,4116,88391,3911
1154,4096,4116,75366,3882
1155,4096,4116,79707,3921
1156,4096,4116,74710,3870
1157,4096,4116,80416,3898
1158,4096,4116,79734,3888
1159,4096,4116,78513,3917
1160,4096,4116,86957,3948
1161,4096,4116,75403,3919
1162,4096,4116,78686,3898
1163,4096,4116,79682,3948
1164,4096,180,79844,10943
1165,4096,4116,80819,3930
1166,4096,4116,74434,3874
1167,4096,4116,87794,3944
1168,4096,1173,80760,5225
1169,4096,4116,74735,3881
1170,4096,4116,80048,3830
1171,4096,4116,74902,3941
1172,4096,4116,77870,3835
1173,4096,4116,82051,3915
1174,4096,4116,83048,3845
1175,4096,4116,81332,3917
1176,4096,4116,74296,3854
1177,4096,4116,79107,3891
1178,4096,4116,78772,3829
1179,4096,4116,74296,3892
1180,4096,4116,78384,3849
1181,4096,4116,85637,3914
1182,4096,527,90653,16178
1183,4096,4116,79436,3931
1184,4096,4116,73936,3849
1185,4096,4116,79469,3914
1186,4096,4116,73720,3823
1187,4096,4116,79033,3931
1188,4096,4116,86743,3826
1189,4096,3228,76987,4377
1190,4096,813,98623,22342
1191,4096,4116,78903,3980
1192,4096,4116,79357,3849
1193,4096,4116,79760,3882
1194,4096,4116,73927,3845
1195,4096,4116,88808,3921
1196,4096,4116,74334,3825
1197,4096,4116,81598,3881
1198,4096,4116,79041,3836
1199,4096,4116,76132,3902
1200,4096,4116,78418,3836
1201,4096,4116,74428,3884
1202,4096,4116,86941,3869
1203,4096,4116,79601,3891
1204,4096,4116,74354,3839
1205,4096,4116,80914,3905
1206,4096,576,90584,16922
1207,4096,4116,79239,3989
1208,4096,4116,78417,3829
1209,4096,607,88066,15292
1210,4096,4116,71888,3504
1211,4096,4116,68202,3520
1212,4096,4116,71633,3491
1213,4096,4116,73235,3519
1214,4096,4116,67137,3494
1215,4096,4116,74242,3537
1216,4096,4116,76207,3498
1217,4096,4116,72482,3518
1218,4096,4116,70971,3508
1219,4096,4116,67553,3513
1220,4096,4116,71177,3497
1221,4096,4116,69591,3548
1222,4096,4116,71067,3499
1223,4096,4116,80562,3539
1224,4096,4116,67586,3496
1225,4096,4116,72246,3517
1226,4096,4116,67566,3498
1227,4096,4116,72428,3528
1228,4096,4116,71902,3496
1229,4096,4116,67750,3504
1230,4096,4116,79823,3486
1231,4096,4116,67915,3501
1232,4096,4116,71331,3502
1233,4096,4116,71909,3519
1234,4096,4116,67934,3498
1235,4096,4116,72484,3532
1236,4096,4116,68883,3532
1237,4096,4116,80041,3509
1238,4096,4116,71386,3493
1239,4096,4116,68458,3527
1240,4096,4116,71721,3536
1241,4096,4116,68230,3498
1242,4096,3629,101324,21216
1243,4096,4116,72182,3492
1244,4096,4116,76499,3454
1245,4096,4116,72141,3501
1246,4096,4116,67072,3447
1247,4096,4116,71983,3499
1248,4096,4116,71776,3443
1249,4096,4116,69392,3501
1250,4096,4116,72642,3474
1251,4096,4116,74303,3505
1252,4096,4116,73208,3482
1253,4096,4116,72951,3506
1254,4096,4116,67763,3463
1255,4096,4116,72711,3490
1256,4096,4116,67477,3452
1257,4096,4116,73186,3541
1258,4096,4116,77929,3448
1259,4096,4116,69573,3530
1260,4096,4116,72471,3488
1261,4096,4116,67725,3526
1262,4096,4116,71462,3448
1263,4096,4116,72462,3506
1264,4096,4116,68707,3480
1265,4096,4116,78957,3506
1266,4096,1042,93769,22002
1267,4096,4116,73226,3498
1268,4096,4116,73310,3817
1269,4096,4116,69146,3494
1270,4096,4116,71929,3468
1271,4096,4116,69394,3521
1272,4096,4116,78444,3467
1273,4096,4116,72926,3506
1274,4096,4116,69312,3457
1275,4096,4116,72918,3498
1276,4096,4116,70410,3466
1277,4096,4116,73199,3488
1278,4096,4116,72931,3468
1279,4096,4116,75042,3489
1280,4096,4116,71909,3454
1281,4096,4116,69324,3519
1282,4096,522,98677,15703
1283,4096,4116,80561,3922
1284,4096,4116,75796,3869
1285,4096,4116,81053,3922
1286,4096,4116,81431,3844
1287,4096,4116,80501,3862
1288,4096,4116,78967,3834
1289,4096,4116,75461,3875
1290,4096,4116,79477,3819
1291,4096,4116,75968,3857
1292,4096,4116,79187,3836
1293,4096,687,104719,19933
1294,4096,4116,74250,3925
1295,4096,830,100898,22252
1296,4096,4116,73897,3930
1297,4096,4116,80351,3981
1298,4096,4116,78663,3890
1299,4096,4116,76802,3943
1300,4096,4116,84799,3875
1301,4096,4116,79832,4063
1302,4096,4116,80188,3901
1303,4096,726,95024,20007
1304,4096,1300,105533,24855
1305,4096,4116,80096,3927
1306,4096,4116,74549,3861
1307,4096,4116,89047,3856
1308,4096,4116,78524,3823
1309,4096,4116,74990,3870
1310,4096,4116,78450,3871
1311,4096,4116,75551,3870
1312,4096,4116,78936,3875
1313,4096,4116,79647,3863
1314,4096,706,96860,16826
1315,4096,4116,81147,3889
1316,4096,638,90604,17422
1317,4096,4116,80335,3941
1318,4096,4116,79105,3884
1319,4096,4116,75243,3927
1320,4096,4116,78908,3894
1321,4096,4116,78065,3514
1322,4096,562,83561,15121
1323,4096,4116,73352,3543
1324,4096,4116,67586,3504
1325,4096,4116,73064,3576
1326,4096,4116,67274,3511
1327,4096,4116,72399,3547
1328,4096,4116,77856,3500
1329,4096,1095,95087,22958
1330,4096,4116,72318,3740
1331,4096,4116,69968,3548
1332,4096,4116,72099,3502
1333,4096,4116,76024,3532
1334,4096,1092,87658,17656
1335,4096,4116,78633,3523
1336,4096,4116,67340,3503
1337,4096,4116,72448,3528
1338,4096,4116,71469,3548
1339,4096,4116,73787,4607
1340,4096,4116,103995,4565
1341,4096,1545,124146,33715
1342,4096,1145,134402,24325
1343,4096,875,94172,20632
1344,4096,4116,68458,3576
1345,4096,4116,77407,3620
1346,4096,4116,67575,3524
1347,4096,575,85290,15445
1348,4096,2285,71683,4146
1349,4096,4116,76612,3537
1350,4096,4116,71899,3488
1351,4096,4116,68274,3525
1352,4096,4116,71296,3512
1353,4096,687,89099,18005
1354,4096,4116,69675,3548
1355,4096,4116,73094,3527
1356,4096,4116,74533,3478
1357,4096,767,88878,18779
1358,4096,4116,75821,3550
1359,4096,4116,68477,3511
1360,4096,1284,96866,20018
1361,4096,558,78920,15945
1362,4096,4116,72884,3555
1363,4096,4013,70115,3602
1364,4096,4116,57987,2934
1365,4096,1173,61394,4055
1366,4096,4116,57339,2882
1367,4096,707,73437,15085
1368,4096,569,70431,11518
1369,4096,4116,58460,2959
1370,4096,4116,68213,2880
1371,4096,830,72408,17092
1372,4096,835,75973,16080
1373,4096,4116,61669,2972
1374,4096,4116,59560,2941
1375,4096,4116,61872,2949
1376,4096,1275,82719,20555
1377,4096,4116,67734,2996
1378,4096,3293,62482,3199
1379,4096,4116,58473,2920
1380,4096,835,76330,15854
1381,4096,1200,81057,20546
1382,4096,4116,61204,2983
1383,4096,4116,61723,2936
1384,4096,810,79592,15495
1385,4096,4116,63117,3062
1386,4096,4116,58815,2911
1387,4096,4116,62602,2971
1388,4096,4116,61299,2925
1389,4096,4116,58176,2943
1390,4096,4116,61057,2951
1391,4096,4116,64583,2974
1392,4096,4116,61316,2918
1393,4096,4116,61911,2947
1394,4096,4116,59059,5734
1395,4096,599,71293,12525
1396,4096,790,71845,15527
1397,4096,604,70293,11815
1398,4096,4116,65905,2952
1399,4096,1007,70223,15207
1400,4096,1047,81941,19234
1401,4096,72,56893,4409
1402,4096,174,63431,7068
1403,4096,634,63156,4054
1404,4096,4116,57362,3004
1405,4096,325,73909,9021
1406,4096,1391,84741,22043
1407,4096,612,71019,12318
1408,4096,4116,60272,3143
1409,4096,4116,57713,2978
1410,4096,4116,62151,2882
1411,4096,4116,57464,2940
1412,4096,675,79205,13002
1413,4096,4116,61290,2972
1414,4096,4116,57189,2977
1415,4096,4116,50103,2355
1416,4096,4116,47019,2342
1417,4096,597,58289,8379
1418,4096,4116,49369,2373
1419,4096,4116,53313,2387
1420,4096,489,54814,5958
1421,4096,4116,47811,2386
1422,4096,4116,49754,2361
1423,4096,4116,50636,2385
1424,4096,943,60184,12882
1425,4096,4116,51208,2366
1426,4096,4116,53358,2335
1427,4096,4116,50480,2369
1428,4096,578,58045,9971
1429,4096,1119,64248,14027
1430,4096,4116,49938,2370
1431,4096,3228,48194,2633
1432,4096,4116,49740,2335
1433,4096,4116,56296,2362
1434,4096,589,54020,9183
1435,4096,4116,50224,2374
1436,4096,4116,46825,2332
1437,4096,4116,50319,2352
1438,4096,4116,50200,2332
1439,4096,4116,47722,2354
1440,4096,1306,71086,14035
1441,4096,4116,48431,2374
1442,4096,623,59354,10888
1443,4096,4116,50359,2384
1444,4096,1218,65609,16215
1445,4096,4116,50152,2349
1446,4096,4116,46964,2329
1447,4096,1846,71906,10775
1448,4096,4116,49493,2337
1449,4096,4116,48148,2348
1450,4096,4116,49921,2323
1451,4096,1554,71065,19394
1452,4096,1446,70396,16877
1453,4096,1346,69504,16289
1454,4096,1270,69166,15149
1455,4096,4116,52914,2368
1456,4096,4116,47226,2329
1457,4096,1390,64271,9911
1458,4096,4116,68120,3365
1459,4096,4080,52243,2662
1460,4096,4116,50211,2342
1461,4096,4116,55417,2550
1462,4096,4116,53004,2508
1463,4096,4116,54307,2520
1464,4096,4116,49798,2459
1465,4096,527,61100,10552
1466,4096,807,61943,13984
1467,4096,4116,53179,2508
1468,4096,4116,59109,2509
1469,4096,4116,50321,2517
1470,4096,740,60783,9214
1471,4096,4116,50150,2516
1472,4096,4116,53718,2486
1473,4096,4116,54351,2502
1474,4096,4116,49662,2456
1475,4096,4116,59039,2512
1476,4096,4116,49724,2463
1477,4096,1113,66856,12635
1478,4096,4116,52760,2515
1479,4096,4116,50257,2489
1480,4096,4116,53522,2480
1481,4096,4116,50235,2492
1482,4096,4116,58433,2489
1483,4096,695,65205,12053
1484,4096,4116,50195,2531
1485,4096,4116,53511,2524
1486,4096,4116,50360,2493
1487,4096,4116,53483,2529
1488,4096,4116,54885,2512
1489,4096,4116,55674,2526
1490,4096,4116,52916,2493
1491,4096,4116,50443,2528
1492,4096,4116,52912,2492
1493,4096,4116,53286,2666
1494,4096,4116,49866,2494
1495,4096,4116,53601,2521
1496,4096,4116,56719,2499
1497,4096,4116,53806,2516
1498,4096,4116,53305,2497
1499,4096,4116,63586,3220
1500,4096,653,78822,15320
1501,4096,611,75244,15229
1502,4096,4116,65256,3223
1503,4096,4116,72756,3219
1504,4096,4116,63064,3161
1505,4096,4116,66718,3218
1506,4096,4116,61096,3136
1507,4096,810,83521,18495
1508,4096,990,88043,20982
1509,4096,683,75120,13989
1510,4096,4116,71201,3235
1511,4096,4116,62214,3211
1512,4096,4116,66308,3174
1513,4096,565,78192,14707
1514,4096,4116,61613,3167
1515,4096,706,78947,16018
1516,4096,797,76443,16808
1517,4096,4116,71047,3288
1518,4096,505,74344,11665
1519,4096,4116,61418,3258
1520,4096,1173,66242,4356
1521,4096,4116,63048,3233
1522,4096,4116,65434,3138
1523,4096,4116,65736,3194
1524,4096,4116,68105,1531
1525,4096,4116,66401,3194
1526,4096,828,78155,17622
1527,4096,987,87524,20095
1528,4096,4116,66867,3255
1529,4096,4116,62523,3220
1530,4096,4116,65473,3173
1531,4096,1189,94734,22243
1532,4096,4116,65732,3247
1533,4096,1832,91518,22506
1534,4096,4116,63354,3246
1535,4096,4116,66735,3242
1536,4096,4116,62467,3133
1537,4096,4116,67260,3206
1538,4096,4116,71213,3172
1539,4096,4116,62501,3202
1540,4096,4116,65201,3168
1541,4096,4116,61885,3213
1542,4096,1158,83893,18856
1543,4096,4116,65555,3205
1544,4096,4116,62288,3175
1545,4096,4116,67527,2968
1546,4096,4116,57272,2909
1547,4096,4116,60779,2934
1548,4096,4116,71357,2914
1549,4096,4116,57885,2928
1550,4096,4116,60412,2919
1551,4096,4116,58905,2927
1552,4096,595,79809,12830
1553,4096,4116,61227,2922
1554,4096,4116,57308,2878
1555,4096,4116,61458,2929
1556,4096,602,65119,11190
1557,4096,353,67746,8544
1558,4096,1409,89118,21949
1559,4096,590,74086,12466
1560,4096,576,67674,9150
1561,4096,4116,57797,2970
1562,4096,4116,60431,2909
1563,4096,4116,61037,2934
1564,4096,4116,57207,2908
1565,4096,4116,60915,2934
1566,4096,697,75726,14754
1567,4096,4116,62117,2968
1568,4096,4116,60232,2869
1569,4096,4116,58074,2919
1570,4096,570,70438,13272
1571,4096,849,73312,17632
1572,4096,4116,60717,2974
1573,4096,4116,66993,2965
1574,4096,4116,57190,2895
1575,4096,4116,62424,2937
1576,4096,1425,75827,13821
1577,4096,4116,61598,2929
1578,4096,4116,60192,2900
1579,4096,4116,57746,2917
1580,4096,517,74358,11075
1581,4096,4116,57887,2960
1582,4096,4116,60314,2905
1583,4096,4116,63582,2947
1584,4096,4116,57305,2898
1585,4096,4116,61130,2946
1586,4096,632,69688,13672
1587,4096,1588,87469,16656
1588,4096,1118,79764,18791
1589,4096,4116,58020,2980
1590,4096,4116,60749,2902
1591,4096,4116,58998,2916
1592,4096,794,74784,16330
1593,4096,4116,61140,3005
1594,4096,782,72936,12493
1595,4096,4116,60740,2960
1596,4096,4116,57114,2900
1597,4096,4116,61174,2941
1598,4096,1388,86443,21848
1599,4096,4116,58450,2933
1600,4096,4116,61193,2916
1601,4096,1354,83892,20577
1602,4096,1553,83612,16811
1603,4096,4116,61638,2986
1604,4096,4116,56860,2904
1605,4096,4116,61566,2920
1606,4096,4116,56858,2873
1607,4096,4116,61940,2911
1608,4096,4116,66020,2887
1609,4096,4116,57741,2907
1610,4096,4116,60388,2916
1611,4096,1560,72136,10441
1612,4096,4116,60786,2915
1613,4096,4116,61033,2905
1614,4096,4116,57758,2897
1615,4096,4116,70927,3030
1616,4096,4116,60808,2905
1617,4096,4116,57492,2979
1618,4096,4116,60149,2915
1619,4096,1146,58963,5145
1620,4096,4116,60753,3010
1621,4096,4116,61404,2936
1622,4096,4116,65104,2908
1623,4096,4116,63832,3156
1624,4096,4116,57708,2921
1625,4096,4116,61075,2933
1626,4096,4116,61315,2910
1627,4096,4116,62631,3215
1628,4096,4116,65648,3145
1629,4096,606,79490,15831
1630,4096,558,76353,14504
1631,4096,1482,84172,13556
1632,4096,58,61234,5868
1633,4096,1103,82929,15522
1634,4096,4116,61469,3189
1635,4096,829,81427,18502
1636,4096,715,85524,16310
1637,4096,4116,61836,3257
1638,4096,4116,66069,3181
1639,4096,4116,61516,3166
1640,4096,578,75073,12887
1641,4096,4116,66044,3244
1642,4096,4116,61466,3193
1643,4096,4116,72330,3223
1644,4096,4116,61578,3189
1645,4096,4116,66058,3211
1646,4096,4116,65694,3182
1647,4096,565,70117,12088
1648,4096,632,76220,13844
1649,4096,4116,62367,3279
1650,4096,4116,71584,3178
1651,4096,4116,65866,3180
1652,4096,4116,61817,3165
1653,4096,4116,65559,3191
1654,4096,4116,63802,3159
1655,4096,4116,66436,3202
1656,4096,4116,65593,3136
1657,4096,647,81501,15396
1658,4096,4116,65401,3185
1659,4096,4116,62273,3253
1660,4096,4116,65031,3217
1661,4096,4116,66199,3224
1662,4096,4116,62410,3215
1663,4096,1207,85135,18470
1664,4096,4116,67433,3236
1665,4096,4116,66056,3274
1666,4096,4116,65510,3175
1667,4096,4116,61898,3258
1668,4096,4116,65245,3169
1669,4096,4116,61981,3271
1670,4096,4116,66572,3211
1671,4096,987,92399,19896
1672,4096,990,80553,17640
1673,4096,823,86759,18488
1674,4096,4116,62446,3237
1675,4096,4116,66329,3209
1676,4096,1734,95957,27809
1677,4096,799,79168,17900
1678,4096,1120,84466,11348
1679,4096,2072,80129,10054
1680,4096,527,75561,16289
1681,4096,4116,56966,2724
1682,4096,1104,74385,17910
1683,4096,4116,57444,2717
1684,4096,4116,52761,2689
1685,4096,4116,63601,2713
1686,4096,113,57893,7432
1687,4096,1133,69917,14231
1688,4096,4116,56529,2772
1689,4096,568,61768,10379
1690,4096,826,70433,14946
1691,4096,4116,56014,2736
1692,4096,550,65824,10500
1693,4096,4116,58402,2738
1694,4096,4116,53254,2697
1695,4096,1484,82986,20922
1696,4096,4116,56380,2749
1697,4096,4116,53658,2718
1698,4096,4116,56102,2693
1699,4096,544,65456,10894
1700,4096,721,67991,14106
1701,4096,1261,78477,17678
1702,4096,1598,79315,22343
1703,4096,4116,56292,2783
1704,4096,612,63529,12228
1705,4096,4116,57978,2742
1706,4096,4116,62373,2719
1707,4096,4116,54053,2763
1708,4096,604,64629,11161
1709,4096,4116,54861,2743
1710,4096,4116,57793,2735
1711,4096,4116,56793,2721
1712,4096,4116,53520,2694
1713,4096,4116,62229,2724
1714,4096,4116,53496,2683
1715,4096,4116,57032,2765
1716,4096,792,68495,14808
1717,4096,4116,55315,2725
1718,4096,4116,56229,2704
1719,4096,4116,53897,2716
1720,4096,4116,61579,2754
1721,4096,4116,57287,2716
1722,4096,4116,53375,2692
1723,4096,674,67090,13634
1724,4096,4116,53461,2725
1725,4096,4116,58555,2678
1726,4096,4116,56139,2666
1727,4096,4116,58993,2683
1728,4096,1173,56452,3671
1729,4096,1511,73141,14115
1730,4096,709,69019,14461
1731,4096,4116,58123,2703
1732,4096,4116,60085,2340
1733,4096,4116,57042,2877
1734,4096,4116,55922,2345
1735,4096,4116,51017,2350
1736,4096,3228,50760,2556
1737,4096,1173,47425,3182
1738,4096,4116,50527,2305
1739,4096,1351,65462,13243
1740,4096,4116,50453,2350
1741,4096,4116,55383,2370
1742,4096,4116,47054,2325
1743,4096,4116,50866,2350
1744,4096,4116,46939,2355
1745,4096,4116,49968,2342
1746,4096,599,57504,10228
1747,4096,996,63486,14388
1748,4096,2857,72582,9880
1749,4096,4116,47342,2383
1750,4096,4116,50242,2355
1751,4096,4116,50414,2343
1752,4096,557,53700,10028
1753,4096,803,62371,13337
1754,4096,4116,46949,2369
1755,4096,4116,55414,2342
1756,4096,658,58122,8251
1757,4096,4116,47919,2349
1758,4096,79,49336,5142
1759,4096,1263,67626,17577
1760,4096,4116,49658,2340
1761,4096,4116,49986,2352
1762,4096,4116,52046,2326
1763,4096,4116,50435,2342
1764,4096,4116,48683,2325
1765,4096,527,56479,9146
1766,4096,4116,49783,2344
1767,4096,4116,48522,2364
1768,4096,1007,60455,11795
1769,4096,4116,53931,2399
1770,4096,4116,49669,2315
1771,4096,4116,50405,2330
1772,4096,4116,47948,2310
1773,4096,4116,53231,2403
1774,4096,4116,48713,2326
1775,4096,4116,59681,2514
1776,4096,4116,52761,2489
1777,4096,1268,67767,17056
1778,4096,546,60666,9769
1779,4096,4116,50252,2526
1780,4096,4116,54282,2494
1781,4096,4116,53132,2520
1782,4096,4116,55320,2498
1783,4096,4116,53308,2512
1784,4096,909,66437,14733
1785,4096,4116,53454,2506
1786,4096,4116,52491,2464
1787,4096,3293,49984,2993
1788,4096,3293,54112,2635
1789,4096,4116,55845,2508
1790,4096,4116,52778,2476
1791,4096,4116,53199,2500
1792,4096,4116,50101,2476
1793,4096,4116,53124,2508
1794,4096,4116,49807,2483
1795,4096,4116,53343,2499
1796,4096,4116,58501,2458
1797,4096,4116,53217,2560
1798,4096,4116,52827,2473
1799,4096,4116,50312,2510
1800,4096,4116,52603,2474
1801,4096,4116,53248,2503
1802,4096,4116,49867,2474
1803,4096,4116,59430,2506
1804,4096,1146,50358,4088
1805,4096,879,66172,13971
1806,4096,1307,71895,17375
1807,4096,1478,77346,21244
1808,4096,1117,70201,16042
1809,4096,1042,68646,15643
1810,4096,4116,57959,2570
1811,4096,4116,54439,2511
1812,4096,4116,49852,2494
1813,4096,4116,52977,2522
1814,4096,4116,50192,2495
1815,4096,4116,53114,2507
1816,4096,4116,53213,2494
1817,4096,812,79930,16448
1818,4096,4116,60813,2956
1819,4096,3953,66262,6467
1820,4096,1172,80926,19470
1821,4096,4116,60759,2973
1822,4096,661,68388,14450
1823,4096,1173,61047,4059
1824,4096,4116,62348,2915
1825,4096,4116,61360,2979
1826,4096,4116,60634,2892
1827,4096,489,65161,7409
1828,4096,4116,60564,2936
1829,4096,4116,57873,2937
1830,4096,4116,60938,2923
1831,4096,4116,67277,2956
1832,4096,4116,58153,2902
1833,4096,4116,61416,2962
1834,4096,1123,77898,16442
1835,4096,4116,62547,2934
1836,4096,836,77177,16895
1837,4096,2285,58956,3384
1838,4096,4116,67714,2907
1839,4096,4116,61146,2942
1840,4096,4116,60657,2889
1841,4096,4116,60806,2929
1842,4096,4116,57490,2899
1843,4096,4116,62109,2922
1844,4096,604,69327,13235
1845,4096,4116,66922,2952
1846,4096,4116,60738,2922
1847,4096,3293,59100,3247
1848,4096,4116,60872,2905
1849,4096,4116,57758,2946
1850,4096,4116,60335,2911
1851,4096,107,62844,5199
1852,4096,4116,64360,2945
1853,4096,4116,61788,2936
1854,4096,4116,57319,2916
1855,4096,675,73081,12937
1856,4096,4116,61353,2918
1857,4096,4116,57781,2955
1858,4096,4116,61364,2907
1859,4096,4116,65642,2946
1860,4096,4116,61337,2902
1861,4096,4116,62018,2960
1862,4096,4116,57134,2911
1863,4096,4116,60780,2951
1864,4096,1208,79123,19778
1865,4096,4116,61173,3000
1866,4096,2103,91576,20037
1867,4096,4116,58126,2963
1868,4096,4116,60629,2875
1869,4096,695,70456,13451
1870,4096,830,75538,16915
1871,4096,4116,62191,2972
1872,4096,4116,57666,2930
1873,4096,4116,67209,2969
1874,4096,1043,71664,11348
1875,4096,4116,61688,2955
1876,4096,4116,61608,2907
1877,4096,4116,58322,2957
1878,4096,1284,80110,16048
1879,4096,1445,83574,21915
1880,4096,1803,68013,5689
1881,4096,1007,76521,14198
1882,4096,1729,72724,13661
1883,4096,4116,60429,3000
1884,4096,4116,57379,2910
1885,4096,1437,84547,20473
1886,4096,110,62124,6540
1887,4096,625,74288,11164
1888,4096,481,66580,9308
1889,4096,1216,78875,17026
1890,4096,575,71947,12865
1891,4096,1083,79263,16391
1892,4096,4116,58524,3035
1893,4096,4116,61967,2960
1894,4096,4116,62643,2917
1895,4096,3228,62104,3407
1896,4096,4116,60591,2933
1897,4096,3228,58612,3178
1898,4096,1325,90357,21103
1899,4096,4116,58726,3040
1900,4096,4116,61273,2874
1901,4096,810,81771,16248
1902,4096,4116,60747,2963
1903,4096,723,74172,14537
1904,4096,1457,84252,22224
1905,4096,451,69338,12476
1906,4096,4116,61733,3105
1907,4096,4116,58459,2942
1908,4096,4116,67200,2923
1909,4096,4116,58660,2965
1910,4096,1454,82353,15576
1911,4096,921,75876,13521
1912,4096,1021,73587,15764
1913,4096,4116,61426,3044
1914,4096,652,70447,13792
1915,4096,4116,66628,2949
1916,4096,711,73272,14823
1917,4096,4116,57949,2978
1918,4096,1348,82916,16852
1919,4096,1142,69826,10428
1920,4096,4116,60925,2984
1921,4096,4116,61712,2913
1922,4096,4116,65416,2868
1923,4096,3293,62322,3234
1924,4096,4116,58594,2878
1925,4096,1222,88675,11376
1926,4096,803,56237,11761
1927,4096,4116,44051,2094
1928,4096,1414,55900,8583
1929,4096,4116,52550,2158
1930,4096,4116,46089,2054
1931,4096,4116,45898,4188
1932,4096,4116,43177,2052
1933,4096,4116,46037,2077
1934,4096,4116,42863,2054
1935,4096,4116,46297,2068
1936,4096,4116,49785,2049
1937,4096,611,51456,9320
1938,4096,4116,45579,2058
1939,4096,4116,43565,2080
1940,4096,4116,45782,2065
1941,4096,4116,45953,2062
1942,4096,587,49618,8232
1943,4096,510,54946,7510
1944,4096,2202,55894,9601
1945,4096,1368,57965,10444
1946,4096,660,53060,9344
1947,4096,406,47368,6169
1948,4096,4116,45219,4228
1949,4096,700,52130,10358
1950,4096,4116,50426,2136
1951,4096,4116,46123,2079
1952,4096,1787,63020,17647
1953,4096,4116,46158,2106
1954,4096,64,41995,4465
1955,4096,572,52785,9135
1956,4096,103,45400,4656
1957,4096,1786,69007,16363
1958,4096,777,54149,9237
1959,4096,72,41873,2959
1960,4096,1901,64468,14850
1961,4096,114,46076,4684
1962,4096,1757,62348,16019
1963,4096,4116,46386,2112
1964,4096,332,51819,7319
1965,4096,4116,46220,2138
1966,4096,4116,45154,2081
1967,4096,4116,43149,2096
1968,4096,4116,45348,2055
1969,4096,1675,63534,17105
1970,4096,653,53458,9931
1971,4096,4116,49732,2198
1972,4096,118,43319,3118
1973,4096,1717,55773,8810
1974,4096,947,54488,10489
1975,4096,4116,46605,2067
1976,4096,4116,45226,2076
1977,4096,4116,44298,2067
1978,4096,4116,50052,2087
1979,4096,4116,43231,2067
1980,4096,4116,45245,2055
1981,4096,4116,57723,1960
1982,4096,1173,40719,2629
1983,4096,4116,43936,1948
1984,4096,4116,41239,1938
1985,4096,1207,62483,11986
1986,4096,4116,43330,1941
1987,4096,4116,41350,1943
1988,4096,4116,43560,1944
1989,4096,162,42151,3572
1990,4096,4116,43132,1958
1991,4096,4116,44261,1958
1992,4096,608,53442,8914
1993,4096,4116,44190,1958
1994,4096,836,51193,11815
1995,4096,1092,53982,9817
1996,4096,545,48598,6830
1997,4096,4116,42396,2017
1998,4096,4116,43365,1948
1999,4096,4116,46011,2874
2000,4096,4116,44343,1944
2001,4096,4116,44050,1947
2002,4096,4116,41265,1918
2003,4096,4116,43666,1941
2004,4096,591,46783,8161
2005,4096,1076,56251,11502
2006,4096,4116,48504,1952
2007,4096,4116,41908,1944
2008,4096,4116,43984,1941
2009,4096,3293,41898,2169
2010,4096,981,55152,12322
2011,4096,4116,43591,1956
2012,4096,4116,40836,1939
2013,4096,4116,48748,1968
2014,4096,4116,40683,1945
2015,4096,566,48879,6570
2016,4096,4116,43579,1955
2017,4096,4116,41394,1943
2018,4096,4116,42970,1931
2019,4096,4116,41658,1948
2020,4096,4116,47572,1934
2021,4096,4116,44197,1949
2022,4096,4116,40971,2053
2023,4096,4116,43734,1948
2024,4096,1644,59383,16627
2025,4096,715,49675,7662
2026,4096,4116,43071,1955
2027,4096,4116,46422,1971
2028,4096,4116,43098,1974
2029,4096,4116,50991,2525
2030,4096,4116,54348,2502
2031,4096,4116,54244,2517
2032,4096,4116,51604,2493
2033,4096,1101,65840,12372
2034,4096,72,55383,3792
2035,4096,835,66874,14579
2036,4096,4116,56044,2548
2037,4096,1180,66302,12041
2038,4096,4116,53974,2511
2039,4096,661,60574,12054
2040,4096,4116,54326,2585
2041,4096,4116,59398,2569
2042,4096,4116,50673,2489
2043,4096,4116,53647,2528
2044,4096,804,62369,13785
2045,4096,4116,53635,2548
2046,4096,4116,53017,2492
2047,4096,4116,51244,2548
2048,4096,1220,78999,17279
2049,4096,4116,52250,2528
2050,4096,4116,53492,2529
2051,4096,4116,53951,2543
2052,4096,4116,50232,2525
2053,4096,4116,53766,2539
2054,4096,3293,50739,2846
2055,4096,664,68278,12220
2056,4096,4116,54324,2543
2057,4096,4116,53519,2572
2058,4096,4116,53289,2520
2059,4096,1013,66708,17006
2060,4096,807,62672,8322
2061,4096,4116,54217,2550
2062,4096,4116,56392,2475
2063,4096,4116,57765,2498
2064,4096,1064,67772,15801
2065,4096,4116,53679,2551
2066,4096,690,63017,10102
2067,4096,4116,53117,2538
2068,4096,4116,53489,2490
2069,4096,457,62494,9095
2070,4096,4116,53393,2546
2071,4096,642,64706,11826
2072,4096,4116,50441,2578
2073,4096,4116,54713,2555
2074,4096,700,62223,12061
2075,4096,1365,75081,18699
2076,4096,152,60253,4075
2077,4096,1131,80859,13372
2078,4096,1755,85785,21375
2079,4096,4116,55173,2768
2080,4096,4116,57016,2717
2081,4096,1645,80922,25043
2082,4096,1317,73875,18672
2083,4096,1411,83117,20382
2084,4096,332,58983,9276
2085,4096,1321,75527,17902
2086,4096,4116,56988,2796
2087,4096,1669,96884,15960
2088,4096,1397,82853,20075
2089,4096,4116,57866,2812
2090,4096,618,68620,12578
2091,4096,4116,57496,2754
2092,4096,4116,53511,2687
2093,4096,4116,57221,2703
2094,4096,1412,75662,20290
2095,4096,1377,77615,18627
2096,4096,4116,58001,2735
2097,4096,4116,60334,2714
2098,4096,4116,56997,2712
2099,4096,4116,57708,2691
2100,4096,4116,53575,2686
2101,4096,4116,57424,2773
2102,4096,4116,53720,2692
2103,4096,4116,58311,2694
2104,4096,4116,62506,2699
2105,4096,4116,54064,2692
2106,4096,4116,56901,2683
2107,4096,4116,54366,2705
2108,4096,4116,56929,2692
2109,4096,4116,57157,2698
2110,4096,4116,54136,2700
2111,4096,4116,64410,2730
2112,4096,4116,54049,2682
2113,4096,4116,57439,2693
2114,4096,3293,56788,2984
2115,4096,1173,54358,3587
2116,4096,4116,56848,2734
2117,4096,4116,54365,2734
2118,4096,4116,62604,2722
2119,4096,831,74252,16158
2120,4096,4116,54272,2716
2121,4096,4116,57618,2717
2122,4096,4116,54652,2681
2123,4096,653,67551,23975
2124,4096,642,63801,12767
2125,4096,4116,56468,2550
2126,4096,4116,54598,2497
2127,4096,4116,51438,2528
2128,4096,738,64991,13009
2129,4096,550,61636,11159
2130,4096,686,60018,11463
2131,4096,4116,54919,2529
2132,4096,4116,55078,2549
2133,4096,4116,53869,2509
2134,4096,1425,70320,11939
2135,4096,4116,51128,2562
2136,4096,821,65763,13478
2137,4096,4116,51004,2513
2138,4096,4116,53503,2494
2139,4096,4116,59622,2532
2140,4096,4116,50762,2500
2141,4096,4116,53726,2535
2142,4096,4116,51310,2498
2143,4096,4116,53896,2506
2144,4096,4116,52887,2497
2145,4096,4116,51222,2507
2146,4096,606,67245,11046
2147,4096,4116,51394,2518
2148,4096,4116,53456,2495
2149,4096,4116,53859,2496
2150,4096,4116,53801,2517
2151,4096,4116,53755,2506
2152,4096,4116,50484,2465
2153,4096,1101,77557,14111
2154,4096,4116,54968,2521
2155,4096,4116,51266,2512
2156,4096,4116,53566,2524
2157,4096,4116,51061,2509
2158,4096,4116,54463,2490
2159,4096,4116,54525,2510
2160,4096,4116,55610,2466
2161,4096,1185,69961,14136
2162,4096,72,50361,3810
2163,4096,4116,53844,2530
2164,4096,4116,53281,2502
2165,4096,4116,53395,2518
2166,4096,4116,54691,2731
2167,4096,4116,56852,2516
2168,4096,1146,54592,4098
2169,4096,4116,61122,3010
2170,4096,4116,58071,2914
2171,4096,795,77265,16227
2172,4096,4116,57437,2878
2173,4096,289,65253,9115
2174,4096,1304,90823,20839
2175,4096,4116,58429,2938
2176,4096,329,66337,6906
2177,4096,1560,73666,10669
2178,4096,4116,60724,2942
2179,4096,786,75156,15980
2180,4096,623,68897,12739
2181,4096,4116,67798,3001
2182,4096,4116,59839,2909
2183,4096,4116,62157,2933
2184,4096,4116,61408,2927
2185,4096,4116,58648,2922
2186,4096,4116,61299,4493
2187,4096,4116,58791,2941
2188,4096,4116,66952,2952
2189,4096,4116,63486,2945
2190,4096,4116,58120,2917
2191,4096,4116,61848,2947
2192,4096,348,63380,10635
2193,4096,4116,63097,2938
2194,4096,4116,61527,2911
2195,4096,4116,64224,2936
2196,4096,4116,61258,2913
2197,4096,689,70938,13398
2198,4096,4116,61956,2961
2199,4096,1173,61920,4026
2200,4096,4116,57773,2916
2201,4096,4116,62106,2934
2202,4096,4116,66943,2902
2203,4096,4116,61887,2960
2204,4096,4116,61523,2905
2205,4096,4116,59295,2915
2206,4096,1178,80486,18615
2207,4096,4116,58756,2956
2208,4096,4116,61366,2917
2209,4096,4116,68290,2964
2210,4096,175,60522,7838
2211,4096,1517,85560,19525
2212,4096,4116,58049,2910
2213,4096,4116,63395,2971
2214,4096,4116,61208,2912
2215,4096,4116,58890,2941
2216,4096,4116,67304,2954
2217,4096,4116,58633,2952
2218,4096,1383,87074,20926
2219,4096,585,72208,13290
2220,4096,1180,77678,14026
2221,4096,4116,63328,3014
2222,4096,4116,58154,2932
2223,4096,4116,66658,2907
2224,4096,624,71730,13351
2225,4096,4116,59050,3009
2226,4096,4116,61203,2900
2227,4096,827,72126,16467
2228,4096,4116,60754,2958
2229,4096,4116,62647,2953
2230,4096,1507,82811,16833
2231,4096,4116,62129,2932
2232,4096,4116,57707,2887
2233,4096,1146,62665,4880
2234,4096,4116,61110,2889
2235,4096,4116,56936,2870
2236,4096,744,73276,12835
2237,4096,4116,66716,2938
2238,4096,4116,61137,2920
2239,4096,1729,75889,14340
2240,4096,4116,57960,2970
2241,4096,4116,61126,2934
2242,4096,4116,57446,2911
2243,4096,4116,60916,2942
2244,4096,572,102186,13157
2245,4096,663,72672,14545
2246,4096,4116,61460,3000
2247,4096,4116,58029,2933
2248,4096,4116,60053,2911
2249,4096,4116,65308,2927
2250,4096,4116,57239,2871
2251,4096,1703,89541,17960
2252,4096,96,58469,6711
2253,4096,1200,80215,15832
2254,4096,1340,81471,15638
2255,4096,1248,76101,17756
2256,4096,4116,61842,2954
2257,4096,4116,58085,2934
2258,4096,4116,66420,2947
2259,4096,4116,60949,2936
2260,4096,1047,79715,19494
2261,4096,4116,61400,2965
2262,4096,4116,57037,2935
2263,4096,4116,53401,2503
2264,4096,4116,53119,2520
2265,4096,4116,56225,2503
2266,4096,4116,52762,2529
2267,4096,4116,50730,2507
2268,4096,4116,53992,2498
2269,4096,4116,53388,2497
2270,4096,1832,68953,17934
2271,4096,987,70520,15622
2272,4096,4116,55476,2506
2273,4096,4116,53308,2515
2274,4096,4116,52673,2507
2275,4096,4116,50232,2508
2276,4096,4116,54538,2499
2277,4096,1172,69023,17381
2278,4096,1251,70789,14184
2279,4096,1626,83515,20333
2280,4096,4116,50094,2557
2281,4096,4116,53817,2523
2282,4096,4116,49843,2474
2283,4096,4116,53299,2508
2284,4096,4116,53701,2484
2285,4096,4116,50344,2511
2286,4096,4116,58119,2523
2287,4096,600,60058,11230
2288,4096,4116,52904,2520
2289,4096,4116,53400,2520
2290,4096,4116,50365,2489
2291,4096,4116,53416,2521
2292,4096,4116,50741,2496
2293,4096,607,66951,10946
2294,4096,328,60733,7157
2295,4096,527,57795,10453
2296,4096,4116,53352,2516
2297,4096,1076,65983,15846
2298,4096,1465,66581,9904
2299,4096,4116,53699,2559
2300,4096,4116,55842,2490
2301,4096,1035,69223,30323
2302,4096,1176,66539,13345
2303,4096,791,65210,13973
2304,4096,4116,53030,2569
2305,4096,4116,50675,2532
2306,4096,4116,52782,2494
2307,4096,4116,55885,2506
2308,4096,4116,53839,2498
2309,4096,4116,56676,2741
2310,4096,604,60427,8820
2311,4096,1390,70903,10742
2312,4096,4116,53215,2862
2313,4096,4116,57033,2700
2314,4096,4116,62244,2694
2315,4096,4116,55029,2699
2316,4096,4116,56349,2698
2317,4096,4116,53835,2722
2318,4096,4116,56548,2689
2319,4096,1289,79415,19860
2320,4096,4116,53987,2721
2321,4096,4116,62842,2734
2322,4096,4116,53826,2688
2323,4096,4116,58072,2711
2324,4096,4116,56968,2685
2325,4096,4116,54308,2703
2326,4096,4116,57103,2686
2327,4096,762,66742,14630
2328,4096,4116,63664,2742
2329,4096,740,66475,9901
2330,4096,4116,53260,2734
2331,4096,4116,58377,2708
2332,4096,4116,52730,2691
2333,4096,4116,57306,2702
2334,4096,4116,56472,2693
2335,4096,4116,61003,2711
2336,4096,4116,56681,2684
2337,4096,4116,53886,2718
2338,4096,4116,56003,2679
2339,4096,4116,57722,2707
2340,4096,4116,53417,2690
2341,4096,489,61983,6906
2342,4096,4116,58412,2692
2343,4096,4116,56966,2711
2344,4096,4116,56332,2699
2345,4096,4116,53856,2718
2346,4096,4116,56057,2694
2347,4096,549,62948,11895
2348,4096,4116,56501,2685
2349,4096,4116,62377,2718
2350,4096,1707,75000,20479
2351,4096,1173,66419,4454
2352,4096,4116,61486,3187
2353,4096,608,77970,14849
2354,4096,4116,65018,3278
2355,4096,4116,63593,3253
2356,4096,1403,99668,23814
2357,4096,4116,64006,3229
2358,4096,4116,65287,3169
2359,4096,4116,65580,3208
2360,4096,4116,61706,3171
2361,4096,394,73849,11787
2362,4096,4116,62117,3173
2363,4096,4116,73811,3192
2364,4096,4116,65117,3129
2365,4096,531,75071,13213
2366,4096,4116,66448,3213
2367,4096,709,77883,16399
2368,4096,4116,65566,3186
2369,4096,1433,93419,24523
2370,4096,837,85243,19147
2371,4096,4116,70868,3231
2372,4096,4116,61873,3180
2373,4096,4116,66237,3218
2374,4096,990,87511,20683
2375,4096,4116,62528,3209
2376,4096,550,74918,13354
2377,4096,4116,68872,3235
2378,4096,4116,66997,3170
2379,4096,1541,96856,23880
2380,4096,4116,61466,3230
2381,4096,4116,66003,3215
2382,4096,1580,93740,25885
2383,4096,4116,66887,3300
2384,4096,4116,71388,3214
2385,4096,4116,62441,3216
2386,4096,4104,67376,3439
2387,4096,4116,62022,3197
2388,4096,791,79928,17542
2389,4096,1150,85933,19934
2390,4096,189,64132,8598
2391,4096,578,81533,13692
2392,4096,4116,61709,3248
2393,4096,4116,66662,3209
2394,4096,664,78007,15559
2395,4096,4116,62654,3213
2396,4096,661,77365,14944
2397,4096,4116,64029,3222
2398,4096,4116,71600,3167
2399,4096,4116,62655,2534
2400,4096,4116,50016,2490
2401,4096,631,68057,12878
2402,4096,4116,52758,2523
2403,4096,1109,70411,16023
2404,4096,4116,53454,2554
2405,4096,4116,57423,2531
2406,4096,4116,52810,2471
2407,4096,4116,50660,2503
2408,4096,4116,52950,2463
2409,4096,4116,53371,2526
2410,4096,4116,51246,2493
2411,4096,4116,53892,2493
2412,4096,164,57756,7685
2413,4096,4116,54091,2544
2414,4096,4116,52524,2497
2415,4096,4116,50200,2528
2416,4096,4116,53241,2501
2417,4096,697,62005,12602
2418,4096,4116,54262,2496
2419,4096,4116,58814,2534
2420,4096,1563,73226,18753
2421,4096,975,64623,11879
2422,4096,4116,49684,2538
2423,4096,4115,53965,2729
2424,4096,4116,52325,2471
2425,4096,1403,72780,17950
2426,4096,1207,78539,17573
2427,4096,4116,51249,2555
2428,4096,4116,52494,2506
2429,4096,107,53564,4346
2430,4096,4116,49642,2536
2431,4096,406,58148,7757
2432,4096,4116,49674,2510
2433,4096,842,72476,14471
2434,4096,4116,53585,2495
2435,4096,4116,50714,2512
2436,4096,4116,52853,2503
2437,4096,4116,50558,2522
2438,4096,3293,52838,2634
2439,4096,4116,53907,2538
2440,4096,835,67517,13851
2441,4096,642,64097,12759
2442,4096,642,59947,11284
2443,4096,4116,53912,2552
2444,4096,3293,52888,2659
2445,4096,4115,51280,2634
2446,4096,849,66043,13083
2447,4096,664,64514,10272
2448,4096,685,78304,16166
2449,4096,503,65649,10753
2450,4096,4116,53234,2773
2451,4096,164,58478,8266
2452,4096,4116,52996,2704
2453,4096,1352,81624,20260
2454,4096,4116,62305,2882
2455,4096,4116,53892,2686
2456,4096,965,70690,13676
2457,4096,1368,69554,14261
2458,4096,576,64974,11954
2459,4096,4116,57189,2770
2460,4096,4116,53722,2723
2461,4096,4116,63268,2723
2462,4096,4116,52912,2729
2463,4096,4116,57372,2732
2464,4096,706,66245,11525
2465,4096,4116,57243,2759
2466,4096,1063,76147,18759
2467,4096,1732,73727,13404
2468,4096,4116,62790,2745
2469,4096,823,73105,15176
2470,4096,4116,53756,2746
2471,4096,4116,56835,2713
2472,4096,4116,53413,2689
2473,4096,286,62032,8835
2474,4096,4116,56425,2762
2475,4096,4116,59368,2716
2476,4096,4116,56149,2686
2477,4096,4116,53618,2706
2478,4096,536,64055,11333
2479,4096,4116,57079,2710
2480,4096,4116,52921,2661
2481,4096,4116,58436,2671
2482,4096,4116,59486,2668
2483,4096,4116,57724,2668
2484,4096,4116,56339,2646
2485,4096,4116,54142,2668
2486,4096,4116,57705,2670
2487,4096,1151,75259,19629
2488,4096,1747,82368,19186
2489,4096,4116,63800,2777
2490,4096,4116,53117,2714
2491,4096,4116,57282,2710
2492,4096,545,61517,9691
2493,4096,4116,57004,2691
2494,4096,4116,56249,2680
2495,4096,4116,50881,2500
2496,4096,4116,58731,2487
2497,4096,4116,52004,2482
2498,4096,4116,52606,2490
2499,4096,4116,53443,2501
2500,4096,4116,50043,2479
2501,4096,4116,53361,2505
2502,4096,4116,50782,2500
2503,4096,4116,58998,2504
2504,4096,3228,54628,2816
2505,4096,600,58454,11756
2506,4096,1846,70946,11997
2507,4096,733,60065,12584
2508,4096,1173,52717,3453
2509,4096,4116,53486,2560
2510,4096,4116,56419,2492
2511,4096,3509,75183,16949
2512,4096,4116,50991,2532
2513,4096,1101,70719,14818
2514,4096,566,60120,8157
2515,4096,4116,50645,2578
2516,4096,4116,52822,2492
2517,4096,4090,56899,2653
2518,4096,4116,52747,2491
2519,4096,4116,53474,2510
2520,4096,4116,50911,2490
2521,4096,4116,55015,2682
2522,4096,4116,50769,2493
2523,4096,4116,54396,2523
2524,4096,4116,59745,2494
2525,4096,1336,68868,16628
2526,4096,1251,69122,14162
2527,4096,802,62223,14133
2528,4096,587,62958,10792
2529,4096,990,67451,13535
2530,4096,4116,49820,2586
2531,4096,4116,59093,2549
2532,4096,4116,49908,2489
2533,4096,4116,115262,5156
2534,4096,1201,113004,24574
2535,4096,4116,92864,4614
2536,4096,4116,90332,4361
2537,4096,789,110629,26121
2538,4096,1231,124596,31353
2539,4096,1180,110022,20604
2540,4096,152,91094,7327
2541,4096,1300,122484,28270
2542,4096,1352,123263,34388
2543,4096,1299,122995,35967
2544,4096,1840,115288,20071
2545,4096,1418,123981,31649
2546,4096,456,98054,15236
2547,4096,766,96470,14243
2548,4096,371,95844,10595
2549,4096,4116,83905,4546
2550,4096,287,96049,12748
2551,4096,997,119056,26150
2552,4096,1639,128122,35695
2553,4096,987,118141,27697
2554,4096,4116,83408,4539
2555,4096,947,106097,17725
2556,4096,1007,109236,22763
2557,4096,1766,124334,37308
2558,4096,1161,124260,31622
2559,4096,4116,82203,4647
2560,4096,695,108762,20761
2561,4096,683,103677,18816
2562,4096,703,100173,21780
2563,4096,328,95360,12241
2564,4096,545,106044,15775
2565,4096,642,104952,21191
2566,4096,1322,118350,23437
2567,4096,632,97972,18574
2568,4096,4116,89140,4589
2569,4096,185,84637,11141
2570,4096,927,106871,20744
2571,4096,4116,94542,6322
2572,4096,1092,106581,21337
2573,4096,4116,88841,4499
2574,4096,1001,106970,25335
2575,4096,186,91356,11704
2576,4096,1198,119643,32344
2577,4096,1473,115427,27953
2578,4096,1083,122536,23193
2579,4096,4116,82339,4631
2580,4096,1189,121111,30701
2581,4096,72,86531,6485
2582,4096,4116,81924,4576
2583,4096,4116,88142,4445
2584,4096,4116,81931,4357
2585,4096,2145,133775,35692
2586,4096,614,104468,15752
2587,4096,1168,108007,24646
2588,4096,4116,87610,4454
2589,4096,1216,116364,30933
2590,4096,1733,128514,35972
2591,4096,1207,119789,26175
2592,4096,4116,89078,4447
2593,4096,997,113634,25856
2594,4096,220,86191,9218
2595,4096,740,102334,16001
2596,4096,1729,109471,20929
2597,4096,4116,82734,4557
2598,4096,1306,116539,25106
2599,4096,961,112447,24794
2600,4096,729,112707,23629
2601,4096,4116,89128,4407
2602,4096,4116,81898,4454
2603,4096,164,89656,13484
2604,4096,4116,82608,4434
2605,4096,1120,114221,24982
2606,4096,1607,127623,23074
2607,4096,899,108927,26462
2608,4096,157,90788,7541
2609,4096,1588,124543,36559
2610,4096,1144,117031,25315
2611,4096,4116,87378,4497
2612,4096,4116,82373,4414
2613,4096,180,108922,4814
2614,4096,1248,48064,9298
2615,4096,4116,39405,1789
2616,4096,4116,39218,1763
2617,4096,1047,49117,10994
2618,4096,4116,40680,1758
2619,4096,555,42076,6555
2620,4096,3293,42881,1973
2621,4096,4116,39194,1753
2622,4096,1832,50534,12669
2623,4096,1000,48489,7137
2624,4096,371,39753,4210
2625,4096,404,42034,5341
2626,4096,4116,38965,1784
2627,4096,689,48830,8964
2628,4096,746,47292,8180
2629,4096,1586,51209,9786
2630,4096,4116,39136,1790
2631,4096,342,42312,5792
2632,4096,631,43922,8795
2633,4096,879,49458,9751
2634,4096,965,50598,8831
2635,4096,2102,55399,12024
2636,4096,942,47943,9469
2637,4096,1149,47544,10443
2638,4096,1527,52921,12243
2639,4096,4116,37270,1757
2640,4096,1083,48421,10269
2641,4096,4116,43457,1768
2642,4096,1101,50059,9887
2643,4096,945,49003,9075
2644,4096,998,47330,10053
2645,4096,732,47537,9745
2646,4096,4116,40251,1799
2647,4096,545,42363,6236
2648,4096,642,50609,8851
2649,4096,658,44011,6067
2650,4096,4116,39366,1784
2651,4096,395,43758,5508
2652,4096,1141,49638,10728
2653,4096,632,46082,7260
2654,4096,1634,52400,12857
2655,4096,1397,58926,13347
2656,4096,274,41709,5795
2657,4096,86,36829,2318
2658,4096,4116,39130,1820
2659,4096,1130,39583,3824
2660,4096,4116,39423,1753
2661,4096,4116,40001,1764
2662,4096,404,45609,5894
2663,4096,4116,39672,1782
2664,4096,695,44899,7950
2665,4096,4116,40011,1751
2666,4096,4116,39944,1757
2667,4096,4116,37740,1762
2668,4096,4116,39027,1753
2669,4096,4116,41443,1762
2670,4096,4116,40098,1754
2671,4096,4116,39300,1759
2672,4096,4116,36687,1758
2673,4096,4116,39401,1758
2674,4096,4116,37203,1750
2675,4096,4116,40343,1769
2676,4096,4116,43478,1767
2677,4096,1391,38702,3432
2678,4096,4116,39990,1779
2679,4096,4116,37814,1767
2680,4096,4116,38885,1758
2681,4096,4116,39242,1770
2682,4096,4116,36722,1749
2683,4096,4116,43528,1771
2684,4096,4116,36902,1750
2685,4096,4116,39457,1772
2686,4096,4116,39371,1751
2687,4096,4116,31705,1421
2688,4096,4116,32898,1399
2689,4096,4116,31886,1416
2690,4096,4116,36323,1409
2691,4096,4116,33410,1421
2692,4096,4116,31364,1407
2693,4096,4116,32691,1418
2694,4096,4116,31566,1407
2695,4096,4116,32869,1427
2696,4096,4116,32704,1412
2697,4096,4116,36022,1431
2698,4096,4116,32587,1404
2699,4096,4116,31306,1420
2700,4096,4116,32550,1406
2701,4096,4116,34020,1414
2702,4096,4116,31136,1405
2703,4096,4116,33068,1419
2704,4096,4116,35512,1405
2705,4096,4116,33358,1418
2706,4096,4116,32239,1409
2707,4096,4116,31338,1416
2708,4096,4116,32784,1405
2709,4096,4116,32268,1416
2710,4096,4116,32874,1406
2711,4096,4116,37422,1414
2712,4096,4116,31556,1404
2713,4096,4116,32635,1421
2714,4096,4116,33484,1423
2715,4096,4116,31368,1413
2716,4096,4116,32390,1406
2717,4096,4116,47233,1962
2718,4096,4116,46755,1942
2719,4096,4116,43026,1975
2720,4096,4116,40142,1944
2721,4096,4116,43024,1968
2722,4096,4116,39927,1941
2723,4096,4116,43312,1958
2724,4096,1318,58887,12047
2725,4096,4116,47205,1959
2726,4096,4116,43201,1947
2727,4096,4116,40785,1951
2728,4096,4116,42716,1945
2729,4096,4116,42773,1952
2730,4096,4116,40463,1954
2731,4096,4116,43336,1951
2732,4096,4116,44587,2083
2733,4096,4116,44362,1948
2734,4096,4116,42812,1947
2735,4096,4116,41351,1944
2736,4096,4116,43379,1945
2737,4096,4116,41086,1951
2738,4096,3577,61571,12640
2739,4096,4116,48324,1958
2740,4096,4116,41160,1954
2741,4096,4116,44742,1978
2742,4096,4116,40808,1929
2743,4096,4116,43856,1957
2744,4096,4116,42944,1928
2745,4096,4116,42949,2122
2746,4096,4116,47442,1961
2747,4096,4116,41339,1953
2748,4096,4116,43668,1949
2749,4096,4116,44404,1960
2750,4096,4116,40914,1947
2751,4096,4116,57327,2713
2752,4096,4116,55280,2680
2753,4096,4116,63996,2734
2754,4096,4116,56778,2684
2755,4096,4116,55344,2726
2756,4096,4116,57009,2678
2757,4096,4116,56262,2711
2758,4096,4116,57121,2700
2759,4096,4116,57676,2706
2760,4096,4116,59505,2699
2761,4096,4116,57184,2853
2762,4096,4116,53786,2704
2763,4096,4116,57858,2706
2764,4096,4116,57632,2691
2765,4096,928,65747,10822
2766,4096,4116,56192,2713
2767,4096,4116,59198,2692
2768,4096,4116,56770,2689
2769,4096,4116,57397,2693
2770,4096,4116,53318,2673
2771,4096,4116,58216,2696
2772,4096,4116,53899,2673
2773,4096,2116,59248,3441
2774,4096,4116,62288,2710
2775,4096,4116,54305,2708
2776,4096,4116,56244,2692
2777,4096,4116,53308,2704
2778,4096,4116,56097,2700
2779,4096,4116,56904,2709
2780,4096,4116,54554,2685
2781,4096,4116,62717,2722
2782,4096,4116,52929,2691
2783,4096,4116,57621,2718
2784,4096,4116,56033,2694
2785,4096,4116,74783,3925
2786,4096,4116,78624,3889
2787,4096,4116,75631,3942
2788,4096,4116,87024,3904
2789,4096,4116,79567,3929
2790,4096,4116,73920,3875
2791,4096,4116,79345,3906
2792,4096,4116,73782,3894
2793,4096,3973,80157,4290
2794,4096,4116,78031,3916
2795,4096,1264,113296,28975
2796,4096,4116,81174,3978
2797,4096,4116,74949,3896
2798,4096,489,86663,10284
2799,4096,607,92742,18229
2800,4096,588,86617,17714
2801,4096,4116,78798,3941
2802,4096,1507,112128,24855
2803,4096,1205,113834,27662
2804,4096,4116,80318,3990
2805,4096,566,86904,12825
2806,4096,4116,78558,4003
2807,4096,4116,74207,3895
2808,4096,4116,79898,3873
2809,4096,3293,86343,4234
2810,4096,607,87766,16019
2811,4096,4116,80039,3938
2812,4096,1832,106293,27605
2813,4096,1924,102339,22884
2814,4096,1337,112081,30730
2815,4096,557,86199,15945
2816,4096,1832,113229,23076
2817,4096,808,94296,19911
2818,4096,4116,78972,3980
2819,4096,4116,79431,3949
2820,4096,4116,75037,3901
2821,4096,639,94094,18228
2822,4096,4116,74212,3905
2823,4096,4116,85449,3926
2824,4096,4116,78902,3886
2825,4096,4116,74438,3922
2826,4096,4116,78295,3894
2827,4096,4116,76245,3915
2828,4096,664,92877,16658
2829,4096,4116,65885,3207
2830,4096,4116,67668,3174
2831,4096,4116,67546,3213
2832,4096,4116,61760,3180
2833,4096,4116,66484,3203
2834,4096,694,78532,15256
2835,4096,4116,64436,3242
2836,4096,4116,65742,3188
2837,4096,4116,67923,3221
2838,4096,4116,65243,3214
2839,4096,4116,65875,3218
2840,4096,4116,61138,3184
2841,4096,1489,94195,25503
2842,4096,4116,61711,3222
2843,4096,4116,67863,3206
2844,4096,4116,71380,3189
2845,4096,4116,63425,3214
2846,4096,4116,66505,3192
2847,4096,1078,81247,18906
2848,4096,664,78606,15099
2849,4096,4116,66434,3255
2850,4096,4116,62507,3160
2851,4096,1007,88672,16826
2852,4096,4116,63174,3259
2853,4096,4116,66108,3244
2854,4096,4116,65536,3181
2855,4096,1496,82656,21195
2856,4096,680,78428,14106
2857,4096,578,72406,14156
2858,4096,4116,70551,3275
2859,4096,4116,67678,3238
2860,4096,4116,61867,3164
2861,4096,1173,64970,4322
2862,4096,626,72418,14602
2863,4096,927,87141,15218
2864,4096,4116,65880,3276
2865,4096,4116,68635,3217
2866,4096,4116,64998,3184
2867,4096,4116,63527,3193
2868,4096,457,75262,11042
2869,4096,3228,66683,3628
2870,4096,4116,61315,3201
2871,4096,611,82513,14911
2872,4096,4116,67351,3250
2873,4096,4116,65780,3238
2874,4096,4116,64998,3174
2875,4096,4116,63263,3206
2876,4096,1186,90128,21775
2877,4096,4116,62314,3248
2878,4096,768,83763,14992
2879,4096,4116,60849,2763
2880,4096,4116,53233,2661
2881,4096,4116,56705,2697
2882,4096,4116,53371,2673
2883,4096,702,68970,13203
2884,4096,4116,57079,2736
2885,4096,4116,54344,2696
2886,4096,1368,81178,18220
2887,4096,4116,53500,2726
2888,4096,4116,57839,2710
2889,4096,4116,57953,2695
2890,4096,4116,54285,2681
2891,4096,4116,57124,2689
2892,4096,4116,53356,2671
2893,4096,611,72322,10898
2894,4096,4116,57046,2685
2895,4096,919,69966,15123
2896,4096,4116,56302,2722
2897,4096,4116,53829,2724
2898,4096,4116,57309,2694
2899,4096,910,73039,15920
2900,4096,4116,57859,2731
2901,4096,4116,57857,2721
2902,4096,4116,52991,2684
2903,4096,4116,56464,2709
2904,4096,4116,55989,2703
2905,4096,4116,54260,2706
2906,4096,4116,57619,2701
2907,4096,760,70801,15011
2908,4096,4116,56627,2750
2909,4096,4116,57336,2711
2910,4096,4116,53585,2711
2911,4096,4116,57352,2708
2912,4096,4116,54063,2693
2913,4096,4116,57322,2720
2914,4096,4116,62780,2703
2915,4096,600,68726,13213
2916,4096,4116,60377,2896
2917,4096,1248,77893,18456
2918,4096,220,60971,4815
2919,4096,604,68205,9689
2920,4096,4116,57060,2976
2921,4096,4116,66180,2930
2922,4096,721,72393,15833
2923,4096,1294,86530,20991
2924,4096,4116,61499,2960
2925,4096,536,66227,11908
2926,4096,777,73579,15690
2927,4096,4116,57608,2969
2928,4096,4116,65965,2941
2929,4096,4116,60975,2968
2930,4096,4116,58419,2914
2931,4096,4116,61462,2952
2932,4096,4116,57145,2914
2933,4096,4116,62137,2942
2934,4096,537,68271,10560
2935,4096,4116,62645,2981
2936,4096,664,71583,13417
2937,4096,4116,58349,2972
2938,4096,853,74051,11779
2939,4096,4116,60989,2978
2940,4096,4116,56801,2906
2941,4096,4116,60815,2929
2942,4096,4116,62183,2911
