1,4096,280,62683,15400
2,4096,504,23118,17898
3,4096,676,28260,22075
4,4096,320,20233,15564
5,4096,1284,42219,31706
6,4096,844,34204,27105
7,4096,1856,49364,36469
8,4096,1984,39513,28652
9,4096,1084,36530,25122
10,4096,1436,33118,24650
11,4096,2788,55044,42147
12,4096,1640,63453,46648
13,4096,1696,50278,37389
14,4096,2400,64463,42029
15,4096,1532,47030,35238
16,4096,484,26561,21102
17,4096,496,23139,19001
18,4096,676,28029,21645
19,4096,1052,30252,23507
20,4096,3800,34372,21866
21,4096,1364,45631,33869
22,4096,1232,38406,28138
23,4096,1348,51781,38193
24,4096,740,30389,22614
25,4096,892,39772,30399
26,4096,1180,28700,21231
27,4096,2276,43509,33406
28,4096,1976,53597,39701
29,4096,984,30219,24586
30,4096,1348,37233,27312
31,4096,460,24399,19338
32,4096,1900,50360,39958
33,4096,1776,60329,43311
34,4096,308,19834,15429
35,4096,1108,40475,30326
36,4096,2052,52877,38266
37,4096,1352,36680,26094
38,4096,1312,40779,35368
39,4096,4368,28172,16877
40,4096,4368,27826,16393
41,4096,4356,32861,17530
42,4096,4348,29059,17645
43,4096,4368,27637,16800
44,4096,4368,27781,16487
45,4096,4368,27700,16551
46,4096,4368,27753,16505
47,4096,4368,27709,16639
48,4096,4368,27707,16454
49,4096,4368,27681,16672
50,4096,4368,27876,16408
51,4096,4368,27671,16701
52,4096,4368,27807,20227
53,4096,4368,27797,16599
54,4096,4368,27814,16402
55,4096,4368,27627,16631
56,4096,4368,27669,16333
57,4096,4368,27951,16515
58,4096,4368,27779,16378
59,4096,4368,27792,16489
60,4096,4368,27742,16389
61,4096,4368,27759,16549
62,4096,4368,27602,16511
63,4096,4368,27570,16587
64,4096,4368,27651,16503
65,4096,4368,27741,16434
66,4096,4368,27763,16502
67,4096,4368,27805,16499
68,4096,4368,27673,16311
69,4096,4368,27774,16603
70,4096,4368,27761,16515
71,4096,4368,27836,16387
72,4096,4368,27717,16458
73,4096,2320,23854,16770
74,4096,4368,27796,16502
75,4096,4368,27509,16447
76,4096,4368,27677,16391
77,4096,4368,32241,16343
78,4096,4368,27793,16563
79,4096,4356,28298,16954
80,4096,4372,28123,16683
81,4096,4368,27899,16513
82,4096,916,36373,33100
83,4096,4368,27749,16531
84,4096,4368,27727,16543
85,4096,4368,27693,16568
86,4096,4368,27802,16443
87,4096,4368,27799,16603
88,4096,4368,27758,16546
89,4096,4368,27571,16512
90,4096,4368,27739,16482
91,4096,4368,27711,16410
92,4096,4368,27735,16544
93,4096,4368,27681,16545
94,4096,4368,27679,16501
95,4096,4368,27909,16571
96,4096,2320,23688,16439
97,4096,4368,27849,16661
98,4096,4368,27654,16286
99,4096,4368,27813,16573
100,4096,4368,27710,16459
101,4096,4368,27734,16563
102,4096,4368,27725,16350
103,4096,4368,27628,16627
104,4096,4368,27705,16395
105,4096,4368,27721,16478
106,4096,980,31099,25585
107,4096,4368,27761,16497
108,4096,2320,23523,16419
109,4096,4368,27782,16404
110,4096,4368,27833,16471
111,4096,4368,31902,16471
112,4096,4368,27850,16364
113,4096,4372,28256,16745
114,4096,4368,27759,16467
115,4096,4368,27610,16575
116,4096,4368,27739,16499
117,4096,3408,25670,16537
118,4096,4368,27953,16450
119,4096,4372,27965,16653
120,4096,4368,27545,16468
121,4096,4368,27690,16568
122,4096,4368,27762,16503
123,4096,4368,27758,16359
124,4096,4368,27796,16410
125,4096,4368,27778,16470
126,4096,4368,27781,16455
127,4096,4368,27509,16760
128,4096,3408,25475,16347
129,4096,4368,27540,16690
130,4096,4368,27698,16366
131,4096,4372,29998,16872
132,4096,4368,27898,16735
133,4096,4368,27752,16580
134,4096,4368,27781,16310
135,4096,4368,27782,16446
136,4096,4368,27833,16572
137,4096,4364,28454,17118
138,4096,4368,27902,16238
139,4096,4368,27886,16533
140,4096,4368,27911,16378
141,4096,4368,27727,16775
142,4096,4368,27637,16468
143,4096,4368,27649,16540
144,4096,4368,27448,16403
145,4096,4368,27802,16513
146,4096,4368,27697,16273
147,4096,4368,27644,16342
148,4096,4368,27934,16319
149,4096,4368,27566,16318
150,4096,4368,27769,16306
151,4096,4368,27697,16507
152,4096,4368,27821,16454
153,4096,4368,27794,16587
154,4096,1072,38294,30182
155,4096,4368,27718,16561
156,4096,4368,27758,16457
157,4096,4332,29608,17822
158,4096,4368,27845,16318
159,4096,4368,27759,16466
160,4096,4368,27740,16624
161,4096,4368,27777,16446
162,4096,892,30770,26207
163,4096,4368,27847,16515
164,4096,4368,46717,29966
165,4096,888,30168,24554
166,4096,4368,27634,16449
167,4096,4368,27761,16639
168,4096,4368,27713,16459
169,4096,4368,27699,16440
170,4096,900,27849,22391
171,4096,4368,28033,16539
172,4096,4368,27859,16497
173,4096,4368,28155,16443
174,4096,4368,27870,16338
175,4096,4368,27930,16403
176,4096,4368,27649,16562
177,4096,4368,27838,16690
178,4096,4368,27706,16382
179,4096,4368,27725,16438
180,4096,4368,27753,16458
181,4096,4368,27829,16559
182,4096,4368,27664,16310
183,4096,624,31534,23723
184,4096,4368,27672,16387
185,4096,4368,27752,16495
186,4096,4372,28056,16762
187,4096,4368,27731,20992
188,4096,4368,27685,16518
189,4096,4368,27807,16507
190,4096,4368,27729,16423
191,4096,4368,27749,16466
192,4096,4368,27833,16525
193,4096,4368,27789,16353
194,4096,4368,27890,16382
195,4096,884,27621,22299
196,4096,4368,27922,16434
197,4096,4368,27815,16551
198,4096,4368,27840,16444
199,4096,4368,27780,16374
200,4096,4368,27711,16422
201,4096,4368,28391,16739
202,4096,4368,27760,16380
203,4096,4368,27901,16504
204,4096,4368,27686,16423
205,4096,1360,21526,16343
206,4096,4368,27829,16514
207,4096,4368,27762,16389
208,4096,4368,27809,16379
209,4096,4368,27688,16439
210,4096,4368,27696,16377
211,4096,4368,27900,16306
212,4096,4368,27645,16571
213,4096,4368,28001,16486
214,4096,4368,27824,16315
215,4096,4368,27734,16365
216,4096,4368,27805,16402
217,4096,4368,27802,16564
218,4096,4364,32384,16755
219,4096,4368,27988,16489
220,4096,4368,27945,16338
221,4096,4368,27797,16559
222,4096,4368,27517,16471
223,4096,4368,27753,16559
224,4096,4368,27862,16349
225,4096,4068,35363,22467
226,4096,4368,27612,16355
227,4096,4368,27677,20938
228,4096,4368,27469,16374
229,4096,4372,27889,16887
230,4096,4368,27794,16406
231,4096,4368,27830,16664
232,4096,4368,27757,16435
233,4096,4368,27843,16557
234,4096,4368,27698,16302
235,4096,4368,27626,16394
236,4096,4368,27705,16377
237,4096,3408,25844,16469
238,4096,4368,27616,16346
239,4096,4368,27855,16396
240,4096,4368,27824,16340
241,4096,4368,27585,16342
242,4096,4368,27743,16572
243,4096,4368,27705,16502
244,4096,856,33760,27357
245,4096,4368,27870,16621
246,4096,4368,27666,16486
247,4096,4368,27971,16519
248,4096,4368,27783,16519
249,4096,4368,27994,16503
250,4096,4368,27707,16322
251,4096,872,28467,24264
252,4096,4368,27721,16333
253,4096,4368,27858,16364
254,4096,4368,27775,16398
255,4096,4368,27968,16451
256,4096,4368,27710,16318
257,4096,4368,32014,16535
258,4096,4368,27936,16379
259,4096,4368,27917,16544
260,4096,4368,27477,16413
261,4096,4368,27830,16531
262,4096,4368,27773,16530
263,4096,4368,27793,16447
264,4096,4368,27880,16366
265,4096,708,22855,17908
266,4096,4368,27921,16591
267,4096,4368,27913,16727
268,4096,4368,27751,16688
269,4096,4368,27950,16410
270,4096,4368,27729,16333
271,4096,4368,27818,16438
272,4096,4368,28066,16280
273,4096,4368,27787,16342
274,4096,4368,27727,16375
275,4096,4368,28114,16520
276,4096,4368,27645,16425
277,4096,4368,27894,16464
278,4096,4368,27654,16534
279,4096,4368,27633,16695
280,4096,4368,27648,16487
281,4096,4368,27695,16429
282,4096,4368,27672,16378
283,4096,4372,28021,16843
284,4096,4368,27854,16401
285,4096,4368,27685,16471
286,4096,4368,27787,16498
287,4096,4368,27703,16653
288,4096,4372,28096,16663
289,4096,4368,27798,16612
290,4096,4368,27758,16398
291,4096,4368,27865,16429
292,4096,4368,27769,16535
293,4096,1092,41736,32409
294,4096,4368,27893,16458
295,4096,844,28919,25036
296,4096,4368,27821,16366
297,4096,4368,27550,16334
298,4096,4368,27763,16335
299,4096,1056,35299,27444
300,4096,4368,27695,16554
301,4096,4368,27621,16526
302,4096,1360,21028,16032
303,4096,4368,27757,16524
304,4096,4368,27851,16415
305,4096,4368,27721,20784
306,4096,3344,25664,16587
307,4096,4368,27994,16355
308,4096,4368,27742,16480
309,4096,4368,27765,16462
310,4096,4368,27648,16395
311,4096,4368,27865,16306
312,4096,4368,27863,16289
313,4096,4368,27800,16483
314,4096,4368,27785,16434
315,4096,4368,30517,16631
316,4096,4368,27861,16514
317,4096,4368,27878,16546
318,4096,4368,27697,16454
319,4096,4368,27669,16342
320,4096,4368,27685,16459
321,4096,4368,27661,16440
322,4096,4368,46507,39160
323,4096,4368,27966,16440
324,4096,936,31482,25464
325,4096,4368,27553,16481
326,4096,4368,27692,16393
327,4096,4368,27705,16509
328,4096,4368,27780,16541
329,4096,4368,27825,16363
330,4096,4368,27649,16499
331,4096,4368,27794,16463
332,4096,4368,27645,16344
333,4096,4368,27725,16599
334,4096,4368,28011,16575
335,4096,4368,27761,16504
336,4096,4368,27681,20883
337,4096,4368,27677,16454
338,4096,4368,27589,16588
339,4096,4368,27801,16413
340,4096,4368,27785,16495
341,4096,4368,27621,16357
342,4096,4368,27901,16546
343,4096,4368,27816,16569
344,4096,796,27652,23195
345,4096,4368,27886,16599
346,4096,4368,27787,16686
347,4096,4368,27987,16511
348,4096,4368,27769,16518
349,4096,4368,27916,16504
350,4096,4368,27765,16379
351,4096,4368,27920,16482
352,4096,4368,27741,16415
353,4096,4368,27863,16525
354,4096,4368,27497,20803
355,4096,4368,27867,16544
356,4096,4368,27709,16358
357,4096,4368,27895,16764
358,4096,4368,27926,16310
359,4096,4368,27858,16417
360,4096,4368,27837,16426
361,4096,4368,27862,16491
362,4096,4368,27867,16473
363,4096,4368,27893,16502
364,4096,4368,31969,16643
365,4096,4368,27830,16464
366,4096,4368,27786,16333
367,4096,4368,27819,16624
368,4096,880,27646,22292
369,4096,4368,27807,16483
370,4096,4368,27714,16471
371,4096,4368,27825,16397
372,4096,4368,27874,16479
373,4096,4368,27862,16460
374,4096,4368,27678,16441
375,4096,4368,28106,16447
376,4096,4368,27899,16479
377,4096,4368,27890,20605
378,4096,4368,27786,16674
379,4096,4368,27681,16424
380,4096,4368,27990,16571
381,4096,4368,27986,16438
382,4096,4368,27774,16353
383,4096,4368,27856,16444
384,4096,4368,27865,16438
385,4096,4368,27673,16548
386,4096,4368,27750,16426
387,4096,4368,27771,20760
388,4096,4368,27798,16330
389,4096,4368,27789,16639
390,4096,4368,27867,16374
391,4096,4368,27829,16639
392,4096,4368,27641,16485
393,4096,4368,27693,16378
394,4096,4368,27797,16389
395,4096,4368,27750,16461
396,4096,4368,27732,16425
397,4096,4368,31491,16532
398,4096,4368,27575,16498
399,4096,4368,27755,16510
400,4096,4368,27689,16391
401,4096,4368,27697,16474
402,4096,4368,27785,16431
403,4096,4368,27750,16509
404,4096,4368,27621,16326
405,4096,4368,27500,16414
406,4096,4368,27691,16427
407,4096,876,28067,22734
408,4096,4368,27723,16456
409,4096,4368,27806,16503
410,4096,4368,27673,16411
411,4096,4368,27584,16343
412,4096,4368,31900,16511
413,4096,4368,27701,16453
414,4096,4368,27623,16388
415,4096,4368,27791,16667
416,4096,4368,27755,16404
417,4096,4368,27517,16451
418,4096,4368,27652,16446
419,4096,4368,27805,16526
420,4096,4368,27745,16486
421,4096,4368,27741,16551
422,4096,4368,27781,16564
423,4096,4368,27680,16564
424,4096,4368,27711,16399
425,4096,4368,27821,16506
426,4096,4368,27779,20587
427,4096,4368,27721,16521
428,4096,4368,27738,16477
429,4096,4368,27734,16304
430,4096,4368,27836,16426
431,4096,4368,27653,16471
432,4096,4368,27732,16497
433,4096,4368,27811,16426
434,4096,4368,27782,16447
435,4096,4368,27765,16880
436,4096,4368,27723,16318
437,4096,4368,27553,16679
438,4096,4368,27738,16478
439,4096,852,28824,21533
440,4096,4368,31551,16490
441,4096,4368,27885,16364
442,4096,4368,27884,16604
443,4096,4372,28120,16710
444,4096,4368,27718,16471
445,4096,4368,27785,16523
446,4096,4368,27672,16713
447,4096,4368,27804,16352
448,4096,4368,27594,16462
449,4096,4368,27805,16466
450,4096,4368,27639,16343
451,4096,4368,27786,16347
452,4096,4368,27651,16539
453,4096,4368,31748,16574
454,4096,4368,27691,16490
455,4096,884,30051,23737
456,4096,4368,27669,16454
457,4096,4368,27669,16528
458,4096,4368,27822,16479
459,4096,4368,27717,16486
460,4096,4368,27462,16418
461,4096,4368,27877,16431
462,4096,4368,27640,16451
463,4096,1224,51894,37102
464,4096,4368,27659,16319
465,4096,4368,27761,16619
466,4096,4368,27708,16411
467,4096,4368,27753,16406
468,4096,4368,27666,16462
469,4096,4368,27805,16366
470,4096,4368,27633,16540
471,4096,4368,27774,16464
472,4096,4368,27607,16387
473,4096,964,38683,29906
474,4096,4368,27889,16519
475,4096,4368,27892,16593
476,4096,992,32432,25194
477,4096,376,20612,17115
478,4096,4368,27701,16459
479,4096,4368,27854,16509
480,4096,4368,45491,44050
481,4096,4368,27661,16495
482,4096,4368,27694,16515
483,4096,4368,27641,16338
484,4096,4368,27827,16314
485,4096,4368,27669,16346
486,4096,4368,27747,16529
487,4096,4368,27871,16403
488,4096,1028,36145,29012
489,4096,4368,27661,16469
490,4096,4368,27757,16607
491,4096,4372,28128,16761
492,4096,4368,28006,16403
493,4096,4368,27512,16482
494,4096,4368,27596,16488
495,4096,4368,27803,16544
496,4096,4368,27764,16367
497,4096,4368,27747,16340
498,4096,4368,27774,16430
499,4096,4368,27680,16517
500,4096,4368,27785,16363
501,4096,4368,27869,16450
502,4096,4368,27701,16642
503,4096,4368,27692,16360
504,4096,4368,27677,16400
505,4096,4368,27777,16460
506,4096,4368,27838,16450
507,4096,4368,27800,16592
508,4096,4368,27878,16595
509,4096,4368,27745,16478
510,4096,4368,27737,16477
511,4096,4368,27753,16524
512,4096,4368,27801,16780
513,4096,4368,27757,16568
514,4096,4368,27706,16432
515,4096,4368,27833,16514
516,4096,4368,27713,16458
517,4096,4368,27780,16475
518,4096,4368,27694,16431
519,4096,4368,27719,16477
520,4096,4368,27620,16548
521,4096,4368,27785,16417
522,4096,4368,27781,16257
523,4096,4368,27899,16483
524,4096,884,28824,23363
525,4096,4368,27652,16453
526,4096,4368,27688,16413
527,4096,4368,27829,16475
528,4096,4368,27575,16426
529,4096,4368,27715,16449
530,4096,4368,28018,16339
531,4096,872,29537,23894
532,4096,4368,27749,16386
533,4096,4368,27457,16384
534,4096,4368,27751,16442
535,4096,4368,28078,16448
536,4096,4368,27889,16356
537,4096,4368,27657,16514
538,4096,4368,27686,16452
539,4096,4368,27560,16394
540,4096,968,36549,27632
541,4096,4368,27745,16581
542,4096,4368,27820,16449
543,4096,4368,27618,16391
544,4096,4368,27499,16387
545,4096,4372,28109,16658
546,4096,4368,27742,16546
547,4096,4368,27616,16414
548,4096,4368,27677,16347
549,4096,4368,27685,16494
550,4096,3408,25792,16453
551,4096,4368,27812,16689
552,4096,4368,27685,16494
553,4096,4368,27833,16555
554,4096,4368,27803,16495
555,4096,4368,27886,16634
556,4096,4368,27746,16444
557,4096,4368,27590,16485
558,4096,1360,20937,16005
559,4096,4372,27961,16643
560,4096,4368,27724,16424
561,4096,4368,27643,16527
562,4096,4368,27697,16371
563,4096,4368,27770,16419
564,4096,4368,27717,16335
565,4096,4368,27777,16491
566,4096,4368,27610,16408
567,4096,4368,27820,16444
568,4096,4368,27626,20938
569,4096,4368,27520,16593
570,4096,4372,27957,16644
571,4096,4368,27665,16426
572,4096,4368,31912,16467
573,4096,4368,27717,16439
574,4096,4368,27765,16527
575,4096,4368,27685,16511
576,4096,4372,27994,16485
577,4096,4368,27860,16438
578,4096,4368,27680,16405
579,4096,4368,27640,16389
580,4096,4368,27681,16446
581,4096,4368,27849,16330
582,4096,4368,27917,16338
583,4096,4368,27857,16500
584,4096,4368,27645,16436
585,4096,4368,27689,16410
586,4096,4368,27663,16473
587,4096,4368,27717,16615
588,4096,4368,27751,16483
589,4096,4368,27763,16575
590,4096,4368,27818,16571
591,4096,4368,27336,20639
592,4096,4368,27629,16366
593,4096,4372,27941,16553
594,4096,4368,27838,16414
595,4096,4368,27820,16488
596,4096,4368,27625,16406
597,4096,4368,27741,16379
598,4096,4368,27756,16485
599,4096,4372,28278,16671
600,4096,4368,27769,16287
601,4096,4368,27723,16472
602,4096,4368,27813,16579
603,4096,4368,27738,16430
604,4096,1020,34153,27902
605,4096,4368,27881,16578
606,4096,4368,27872,16575
607,4096,4368,27737,16579
608,4096,4368,27756,16521
609,4096,4368,27690,16433
610,4096,4368,27758,16445
611,4096,4368,27854,16595
612,4096,4368,27747,16635
613,4096,4368,27689,16518
614,4096,4368,27652,16455
615,4096,4368,27791,16520
616,4096,4368,27771,16509
617,4096,4368,27745,16478
618,4096,4368,27617,16593
619,4096,4368,27900,16461
620,4096,4368,27681,16464
621,4096,4368,27540,16643
622,4096,4368,27674,16450
623,4096,4368,27733,16649
624,4096,4368,27714,16254
625,4096,4368,27672,16523
626,4096,4368,27690,16487
627,4096,4368,27765,16504
628,4096,4368,27806,16438
629,4096,3408,25673,16727
630,4096,4372,28166,16635
631,4096,3344,25866,16649
632,4096,4368,27643,16440
633,4096,4368,27576,16404
634,4096,4368,27632,16362
635,4096,4368,27710,16479
636,4096,880,28756,22545
637,4096,4368,28272,16510
638,4096,4368,27856,16497
639,4096,4368,27785,16521
640,4096,4368,27679,21128
641,4096,4368,27747,16505
642,4096,4368,27660,16455
643,4096,1360,21186,16386
644,4096,4368,28033,16471
645,4096,4368,27726,16619
646,4096,4368,27758,16355
647,4096,4368,27729,16409
648,4096,4368,27660,16464
649,4096,872,28516,23203
650,4096,4368,27778,16417
651,4096,4368,27692,16553
652,4096,4368,27718,16483
653,4096,4368,27875,16463
654,4096,4368,27765,16510
655,4096,4368,27765,16495
656,4096,4368,27720,16603
657,4096,4368,27758,16439
658,4096,1152,39136,27814
659,4096,4368,27905,16684
660,4096,4368,27809,16423
661,4096,4368,27609,16588
662,4096,4368,27676,16456
663,4096,4368,27757,16362
664,4096,4368,27764,16334
665,4096,4368,27960,16467
666,4096,3408,25528,16313
667,4096,4368,27827,16484
668,4096,4368,27678,16454
669,4096,4368,27981,16507
670,4096,4368,27546,16417
671,4096,4368,27701,16315
672,4096,4368,27740,16471
673,4096,4232,32350,20118
674,4096,4368,27665,20690
675,4096,4368,27891,16597
676,4096,4368,27647,16457
677,4096,4368,27698,16701
678,4096,4368,27855,16304
679,4096,4368,27806,16399
680,4096,4368,27685,16337
681,4096,4368,27784,16557
682,4096,4368,27761,16479
683,4096,4368,27741,16572
684,4096,4368,27677,16864
685,4096,4368,27874,16643
686,4096,4368,27732,16399
687,4096,4368,27700,16374
688,4096,4368,27813,16483
689,4096,4368,27763,16439
690,4096,4368,27781,16579
691,4096,4368,27757,16583
692,4096,4368,27682,16439
693,4096,4368,27745,16326
694,4096,4368,27740,16482
695,4096,4368,27744,16535
696,4096,4368,27979,16306
697,4096,4368,27679,16455
698,4096,4368,27725,16543
699,4096,4368,27721,16543
700,4096,4368,27819,16431
701,4096,4368,27856,16517
702,4096,4368,27668,16466
703,4096,4368,27780,16533
704,4096,4368,27736,16519
705,4096,4368,27741,16554
706,4096,4368,27889,16526
707,4096,4368,27789,16459
708,4096,4368,27602,16559
709,4096,4368,27025,16587
710,4096,4368,28043,16450
711,4096,4368,27877,16579
712,4096,4368,27723,16273
713,4096,4368,27891,16443
714,4096,4368,27740,16322
715,4096,4368,28005,16671
716,4096,4368,27721,16403
717,4096,4368,27725,16504
718,4096,4368,27581,16406
719,4096,4368,27809,16348
720,4096,4368,27817,16418
721,4096,4368,28267,16837
722,4096,852,28780,23218
723,4096,4368,27737,16510
724,4096,4368,27761,16853
725,4096,4368,27810,16559
726,4096,4368,27743,16407
727,4096,4372,28081,16807
728,4096,4368,27665,16382
729,4096,4368,27749,16453
730,4096,4368,27719,16429
731,4096,4368,27588,16491
732,4096,4368,27598,16511
733,4096,4368,27765,16494
734,4096,4368,27733,16389
735,4096,4368,28010,16463
736,4096,4368,27785,16457
737,4096,4368,27821,16571
738,4096,4368,27789,16336
739,4096,4368,27618,16644
740,4096,4368,27453,16459
741,4096,868,27525,22963
742,4096,4368,27789,16444
743,4096,4368,27729,16501
744,4096,4368,27785,16408
745,4096,4368,27937,16333
746,4096,4368,27585,16451
747,4096,888,29987,23138
748,4096,4368,27769,16461
749,4096,4368,27853,16367
750,4096,4368,27777,16480
751,4096,4368,32219,16558
752,4096,4368,27544,16439
753,4096,4368,27838,16462
754,4096,4368,27797,16522
755,4096,4368,27853,16419
756,4096,4368,27669,16422
757,4096,4368,27880,16463
758,4096,1360,21164,16196
759,4096,4368,27712,16523
760,4096,4368,27681,16442
761,4096,4368,27870,16471
762,4096,4368,27701,16334
763,4096,4368,27725,16550
764,4096,4368,27791,16539
765,4096,4368,27809,16491
766,4096,4368,27812,16387
767,4096,4368,27905,16475
768,4096,4368,27898,16337
769,4096,4368,27874,16405
770,4096,4368,27759,16484
771,4096,4368,27917,16440
772,4096,4368,27920,16242
773,4096,4372,28106,16803
774,4096,4368,27655,16353
775,4096,4368,27891,16551
776,4096,4368,27767,16365
777,4096,4368,27925,16531
778,4096,4368,27975,16346
779,4096,4368,27686,16399
780,4096,4368,27658,16361
781,4096,1040,35561,28155
782,4096,4368,27739,16362
783,4096,4368,27734,16472
784,4096,4368,27886,16421
785,4096,4368,27854,16308
786,4096,4368,27914,16298
787,4096,4368,27817,16420
788,4096,4368,27718,16527
789,4096,4368,27749,16436
790,4096,4368,27679,16397
791,4096,4368,27675,16458
792,4096,4372,28119,16593
793,4096,4368,27770,16452
794,4096,4368,27540,16539
795,4096,4368,28143,16732
796,4096,4368,27704,16480
797,4096,4368,27763,16348
798,4096,4368,27612,16393
799,4096,4368,27730,16380
800,4096,4368,27772,15530
801,4096,4368,27757,16419
802,4096,4368,27713,16365
803,4096,4368,27675,16327
804,4096,4368,27709,16401
805,4096,1052,32322,26422
806,4096,4368,27833,16269
807,4096,4368,27798,16517
808,4096,4368,27688,16423
809,4096,4368,28006,16380
810,4096,4368,27773,16411
811,4096,4368,27769,16494
812,4096,4368,27690,16422
813,4096,4368,27829,16362
814,4096,4368,27793,16351
815,4096,4368,27968,16374
816,4096,4368,27701,16363
817,4096,4368,27823,16416
818,4096,4368,27796,16599
819,4096,4368,27936,16579
820,4096,4368,27913,16489
821,4096,4368,27900,16420
822,4096,4368,27725,16293
823,4096,4368,27793,16575
824,4096,4368,32101,16555
825,4096,732,34269,27805
826,4096,4368,27675,16464
827,4096,4368,27725,16477
828,4096,4368,27792,16491
829,4096,4368,27756,16524
830,4096,4368,27874,16554
831,4096,4368,27762,16416
832,4096,4368,27984,16364
833,4096,4368,27913,16530
834,4096,4368,27849,16587
835,4096,4368,27800,16567
836,4096,4368,27806,16437
837,4096,4368,27793,16477
838,4096,4368,27852,20720
839,4096,4368,27781,16486
840,4096,4368,27854,16464
841,4096,4368,27818,16468
842,4096,4368,27805,16479
843,4096,4368,27636,16539
844,4096,4368,27761,16459
845,4096,4368,27667,16486
846,4096,4368,27886,16482
847,4096,4368,27759,16455
848,4096,4368,27861,16482
849,4096,4368,27734,16566
850,4096,4368,27898,16415
851,4096,4368,27785,16451
852,4096,2044,43410,31219
853,4096,4368,28031,16808
854,4096,4368,27827,16376
855,4096,4368,27865,16440
856,4096,4368,27671,16559
857,4096,4368,27972,16479
858,4096,4368,27876,16523
859,4096,4368,27818,16741
860,4096,4368,27628,16452
861,4096,4368,27837,16450
862,4096,4368,27925,16466
863,4096,4368,27809,16759
864,4096,852,32232,26302
865,4096,4368,27909,16366
866,4096,4368,27931,16609
867,4096,4368,27867,16420
868,4096,4368,27683,16508
869,4096,4368,27991,16458
870,4096,4368,27745,16455
871,4096,4368,27681,16565
872,4096,4368,27823,16499
873,4096,4368,27837,16394
874,4096,4368,27745,16380
875,4096,4368,28006,16540
876,4096,4368,27762,16406
877,4096,4368,27881,16543
878,4096,4368,27739,20622
879,4096,972,31718,25184
880,4096,4368,27667,16347
881,4096,4368,27610,16540
882,4096,4368,27769,16493
883,4096,4368,27681,16495
884,4096,4368,27737,16315
885,4096,4368,27814,16371
886,4096,4368,27745,16294
887,4096,4368,27644,16446
888,4096,4368,27698,16564
889,4096,4368,27867,16316
890,4096,4368,27838,16193
891,4096,4368,27984,16442
892,4096,4368,32064,16439
893,4096,4368,27770,16539
894,4096,4368,27727,16530
895,4096,4368,27663,16472
896,4096,4368,27770,16403
897,4096,4368,27610,16572
898,4096,4368,27729,16354
899,4096,4368,27979,16622
900,4096,4368,27791,16331
901,4096,4368,27747,16710
902,4096,4368,27696,16462
903,4096,4368,27689,16298
904,4096,4368,27902,16380
905,4096,4368,27812,16430
906,4096,4368,27799,16371
907,4096,4368,27626,16503
908,4096,4368,27769,20549
909,4096,4368,27739,16373
910,4096,4368,27793,16471
911,4096,4368,27795,16515
912,4096,4368,27697,16486
913,4096,4368,28022,16373
914,4096,4368,27813,16537
915,4096,4368,27753,16519
916,4096,4368,27791,16453
917,4096,4368,27818,16466
918,4096,4368,27771,16302
919,4096,4368,27958,16391
920,4096,4368,27669,16470
921,4096,4368,33062,18507
922,4096,4368,27767,16510
923,4096,4368,27982,16615
924,4096,4368,27911,16469
925,4096,4368,27831,16585
926,4096,4368,27636,16410
927,4096,4368,28172,16597
928,4096,4368,27681,16499
929,4096,4368,30535,17108
930,4096,4368,27880,16525
931,4096,4368,27882,16672
932,4096,4368,27701,16402
933,4096,4368,27785,16601
934,4096,4368,28013,16533
935,4096,4368,27699,16459
936,4096,4368,27587,16452
937,4096,4368,27791,16638
938,4096,4368,27667,16461
939,4096,4368,27986,16427
940,4096,4368,27898,16585
941,4096,4368,27640,16427
942,4096,4368,27745,16378
943,4096,4368,27870,16499
944,4096,4368,27849,16503
945,4096,4368,28041,16679
946,4096,4368,27840,16545
947,4096,4368,27974,16497
948,4096,4368,27777,16566
949,4096,4368,27750,16655
950,4096,4364,28124,17042
951,4096,4368,27801,16827
952,4096,4368,27952,17106
953,4096,4368,26938,15301
954,4096,4368,24798,14850
955,4096,4368,24890,15062
956,4096,4368,24614,14665
957,4096,4368,24737,14593
958,4096,4368,24984,14712
959,4096,2024,36156,25453
960,4096,4368,24871,14747
961,4096,4368,24732,14682
962,4096,4368,24678,14556
963,4096,4368,24792,14779
964,4096,4368,24628,14615
965,4096,4368,24610,14721
966,4096,4368,24364,14569
967,4096,4368,24748,14810
968,4096,4368,24589,14560
969,4096,4368,38537,16595
970,4096,4368,27645,16466
971,4096,4364,28365,17108
972,4096,4368,27608,16553
973,4096,4368,32271,16615
974,4096,872,32343,26000
975,4096,4368,27685,16766
976,4096,4368,27805,16281
977,4096,4368,27717,16604
978,4096,4368,27709,16496
979,4096,4368,27895,16497
980,4096,4368,27745,16283
981,4096,4368,27632,16659
982,4096,4368,27733,16350
983,4096,4368,27753,16448
984,4096,4368,27545,16391
985,4096,4368,27657,16699
986,4096,1060,39381,30026
987,4096,4368,27910,16653
988,4096,4372,28191,16717
989,4096,4368,27696,16646
990,4096,4368,27794,16567
991,4096,4368,27998,16539
992,4096,4368,27725,16514
993,4096,3412,26008,16646
994,4096,4368,27735,16454
995,4096,4368,27713,16588
996,4096,4368,27707,16519
997,4096,4360,28103,17078
998,4096,4368,27902,16283
999,4096,888,30163,24357
1000,4096,4368,27775,16419
1001,4096,4368,27982,16645
1002,4096,4368,27878,16595
1003,4096,4368,27753,16458
1004,4096,4368,27689,16507
1005,4096,4368,27955,16406
1006,4096,4368,27867,16427
1007,4096,4368,27739,16406
1008,4096,4368,27816,16543
1009,4096,4368,27676,16391
1010,4096,4368,27823,16411
1011,4096,4368,27705,16450
1012,4096,4368,27719,16291
1013,4096,4368,27835,16482
1014,4096,4368,27710,16307
1015,4096,4368,27685,16438
1016,4096,4368,27667,16288
1017,4096,4368,27946,16699
1018,4096,4368,27637,16255
1019,4096,4368,27809,16483
1020,4096,1360,20916,16100
1021,4096,4368,27898,16315
1022,4096,4368,27759,16459
1023,4096,4368,27617,16489
1024,4096,4368,27716,16524
1025,4096,692,31120,26202
1026,4096,4368,27770,16659
1027,4096,4368,27827,17300
1028,4096,4368,27769,16387
1029,4096,656,31721,22658
1030,4096,4368,27730,16443
1031,4096,4368,27744,16531
1032,4096,4368,27675,16489
1033,4096,4368,27871,16507
1034,4096,4368,27854,16403
1035,4096,4368,27858,16459
1036,4096,4368,27653,16462
1037,4096,4368,27771,16537
1038,4096,4368,27918,16549
1039,4096,4368,27833,16411
1040,4096,4368,27799,16382
1041,4096,4368,27652,16433
1042,4096,4368,27705,16538
1043,4096,4368,27062,16659
1044,4096,4368,27611,16334
1045,4096,4368,27832,16665
1046,4096,4368,27718,16434
1047,4096,4368,27736,16413
1048,4096,4368,27645,16678
1049,4096,4368,27717,16480
1050,4096,4368,29986,16770
1051,4096,4368,27753,16577
1052,4096,4368,27747,16322
1053,4096,4368,27916,16273
1054,4096,4368,27619,16553
1055,4096,4368,27799,16478
1056,4096,4368,27750,16457
1057,4096,4368,27773,16551
1058,4096,4368,27814,16368
1059,4096,4368,27773,16499
1060,4096,4368,27689,16530
1061,4096,4368,27745,16452
1062,4096,4368,27718,16410
1063,4096,880,33411,24570
1064,4096,1116,34681,27173
1065,4096,4368,28074,16764
1066,4096,4372,28204,16824
1067,4096,4368,27802,16484
1068,4096,4368,27805,16323
1069,4096,4368,27826,16494
1070,4096,4368,27779,16470
1071,4096,4368,27785,16426
1072,4096,4368,27941,16422
1073,4096,4368,27841,16322
1074,4096,4368,30435,16739
1075,4096,4368,27732,16298
1076,4096,4368,27765,16286
1077,4096,4368,27970,16483
1078,4096,4368,27869,16563
1079,4096,4368,27771,16372
1080,4096,4368,27609,16480
1081,4096,4368,27811,16307
1082,4096,4368,27615,16384
1083,4096,4368,27862,16390
1084,4096,4368,27772,16483
1085,4096,4368,27554,16684
1086,4096,4368,27733,16431
1087,4096,4368,27664,16507
1088,4096,4368,27666,16293
1089,4096,4368,27705,16478
1090,4096,4368,31387,16561
1091,4096,4368,27752,16341
1092,4096,4368,27733,16320
1093,4096,4368,27893,16443
1094,4096,4368,27777,16440
1095,4096,4368,27655,16570
1096,4096,4368,27803,16610
1097,4096,4372,28122,16634
1098,4096,4368,27576,16499
1099,4096,4368,27730,16426
1100,4096,4368,27643,16383
1101,4096,4368,27652,16573
1102,4096,4368,27803,16373
1103,4096,4368,27765,16683
1104,4096,4368,27673,16585
1105,4096,4372,28143,16856
1106,4096,4368,46202,32397
1107,4096,4368,28027,16625
1108,4096,4368,27838,16443
1109,4096,4368,27811,16591
1110,4096,1020,36812,28563
1111,4096,4368,27966,16535
1112,4096,4368,27960,16553
1113,4096,4368,27817,16406
1114,4096,4368,27883,16409
1115,4096,4368,27870,16383
1116,4096,4368,28031,16523
1117,4096,4368,27610,16519
1118,4096,1024,35840,28423
1119,4096,4368,27805,16555
1120,4096,4368,27868,16408
1121,4096,4368,27839,16400
1122,4096,4368,27727,16474
1123,4096,4368,27867,16563
1124,4096,4368,27841,16393
1125,4096,3408,25689,16340
1126,4096,4368,27613,16333
1127,4096,4372,28264,16727
1128,4096,4368,27732,16409
1129,4096,4368,27785,16384
1130,4096,4368,27900,16422
1131,4096,4368,27960,16431
1132,4096,4368,27756,16499
1133,4096,4368,27749,16422
1134,4096,4368,27754,16362
1135,4096,4368,27917,16615
1136,4096,4368,27842,16494
1137,4096,4368,27994,16455
1138,4096,4368,27787,16429
1139,4096,4368,27925,16433
1140,4096,4368,27656,16378
1141,4096,4368,27721,16438
1142,4096,808,29910,23847
1143,4096,4368,27913,16506
1144,4096,4368,27881,16569
1145,4096,4368,27857,16518
1146,4096,4368,27866,16498
1147,4096,4368,27685,16439
1148,4096,4368,27689,20800
1149,4096,4368,27917,16407
1150,4096,4368,27669,16447
1151,4096,4368,27796,16362
1152,4096,4368,27521,16495
1153,4096,4368,27833,16393
1154,4096,4368,27594,16626
1155,4096,4368,27811,16405
1156,4096,4368,27622,16130
1157,4096,4368,27835,16444
1158,4096,4368,27690,16334
1159,4096,4368,27966,16425
1160,4096,4368,27715,16370
1161,4096,4368,28064,20829
1162,4096,4368,27781,16575
1163,4096,4368,27859,16557
1164,4096,344,21916,17567
1165,4096,4368,27752,16573
1166,4096,4368,27812,16334
1167,4096,4368,27716,16320
1168,4096,1360,21200,16156
1169,4096,4368,27940,16369
1170,4096,4368,26980,16383
1171,4096,4368,27809,16487
1172,4096,4368,27709,16415
1173,4096,4368,27901,16433
1174,4096,4368,27673,16474
1175,4096,4368,27862,16396
1176,4096,4368,27694,16411
1177,4096,4368,27817,16384
1178,4096,4368,27665,16438
1179,4096,4368,27799,16439
1180,4096,4368,27782,16410
1181,4096,4368,32021,16383
1182,4096,904,29476,23972
1183,4096,4368,27641,16594
1184,4096,4368,27832,16483
1185,4096,4368,28051,16504
1186,4096,4368,27752,16378
1187,4096,4368,27829,16475
1188,4096,4368,27705,16499
1189,4096,3344,25773,16553
1190,4096,1072,36059,28241
1191,4096,4368,27753,16691
1192,4096,4368,27751,16344
1193,4096,4368,32003,16382
1194,4096,4368,27813,16473
1195,4096,4368,27773,16435
1196,4096,4368,27720,16443
1197,4096,4368,27552,16452
1198,4096,4368,27600,16444
1199,4096,4368,27734,16424
1200,4096,4368,27684,16377
1201,4096,4368,27621,16411
1202,4096,4364,28061,16965
1203,4096,4368,27766,16443
1204,4096,4368,27592,16398
1205,4096,4368,27789,16651
1206,4096,812,28735,23942
1207,4096,4368,28045,16732
1208,4096,4368,27700,16382
1209,4096,900,28442,23302
1210,4096,4368,27790,16489
1211,4096,4368,27845,16461
1212,4096,4368,27789,16410
1213,4096,4368,27708,20774
1214,4096,4368,27844,16469
1215,4096,4368,27789,16515
1216,4096,4368,27581,16551
1217,4096,4372,27953,16773
1218,4096,4368,27645,16289
1219,4096,4368,27711,16429
1220,4096,4368,27601,16345
1221,4096,4368,27909,16507
1222,4096,4368,27577,16528
1223,4096,4368,27669,16447
1224,4096,4368,27680,16415
1225,4096,4368,27773,16406
1226,4096,4368,27786,16572
1227,4096,4368,31955,16502
1228,4096,4368,27838,16438
1229,4096,4368,27776,16415
1230,4096,4368,27691,16477
1231,4096,4368,27919,16559
1232,4096,4368,27735,16414
1233,4096,4368,27580,16438
1234,4096,4368,31063,16907
1235,4096,4368,27605,16484
1236,4096,4368,27735,16350
1237,4096,4368,27681,16486
1238,4096,4368,27745,16515
1239,4096,4368,27701,16573
1240,4096,4368,27541,16508
1241,4096,4368,27697,16671
1242,4096,3992,35906,24850
1243,4096,4368,27656,19175
1244,4096,4368,28089,16545
1245,4096,4368,27693,16542
1246,4096,4368,27577,16333
1247,4096,4368,27771,16494
1248,4096,4368,27605,16466
1249,4096,4368,27575,16599
1250,4096,4368,27497,16437
1251,4096,4368,27585,16325
1252,4096,4368,27776,16407
1253,4096,4368,27773,16582
1254,4096,4368,27858,16454
1255,4096,4368,27617,16651
1256,4096,4372,28077,16696
1257,4096,4368,27685,16595
1258,4096,4368,46702,32816
1259,4096,4368,27827,20969
1260,4096,4368,27486,16468
1261,4096,4364,28011,16882
1262,4096,4368,27727,16326
1263,4096,4368,27840,16495
1264,4096,4368,31805,16528
1265,4096,4368,27602,16547
1266,4096,920,39638,31321
1267,4096,4368,27693,16732
1268,4096,4368,27840,16386
1269,4096,4368,27720,16535
1270,4096,4368,27631,16367
1271,4096,4368,27877,16429
1272,4096,4368,27898,16423
1273,4096,4368,27845,16387
1274,4096,4368,27669,16455
1275,4096,4368,27740,16538
1276,4096,4368,27740,16378
1277,4096,4368,27617,20704
1278,4096,4368,27761,16252
1279,4096,4368,27885,16503
1280,4096,4368,27580,16594
1281,4096,4372,28029,16604
1282,4096,916,30557,24123
1283,4096,4368,27938,16521
1284,4096,4368,27775,16450
1285,4096,4368,27813,16463
1286,4096,4368,27591,16471
1287,4096,4368,27634,16520
1288,4096,4368,27794,16551
1289,4096,4368,27646,16455
1290,4096,4368,27795,16355
1291,4096,4368,27805,16350
1292,4096,4368,27751,20560
1293,4096,904,33131,26512
1294,4096,4368,27851,16341
1295,4096,1028,33860,26783
1296,4096,4368,27725,16445
1297,4096,4368,27866,16249
1298,4096,4368,27811,16314
1299,4096,4368,27693,16354
1300,4096,4368,27678,16229
1301,4096,4368,27805,16463
1302,4096,4368,27846,16434
1303,4096,872,30193,23735
1304,4096,1092,40619,31055
1305,4096,4368,28029,16571
1306,4096,4368,27670,16567
1307,4096,4368,27979,16601
1308,4096,4368,27805,16346
1309,4096,4368,27686,16505
1310,4096,4372,27879,16968
1311,4096,4368,27958,16441
1312,4096,4368,27757,16406
1313,4096,4368,27900,16486
1314,4096,824,28773,23571
1315,4096,4368,27681,16511
1316,4096,852,30772,24197
1317,4096,4368,27951,16611
1318,4096,4368,27856,16693
1319,4096,4368,27842,16565
1320,4096,4368,27621,16488
1321,4096,4368,27648,16382
1322,4096,864,31612,24056
1323,4096,4368,27906,16677
1324,4096,4368,27669,16451
1325,4096,4368,27635,16609
1326,4096,4368,27730,16508
1327,4096,4368,27690,16586
1328,4096,4368,27616,16369
1329,4096,1312,51441,38451
1330,4096,4368,28007,16621
1331,4096,4368,27589,16502
1332,4096,4368,27660,16480
1333,4096,4364,28295,16844
1334,4096,996,34452,24658
1335,4096,4368,27894,16521
1336,4096,4368,27643,16499
1337,4096,4368,27770,16408
1338,4096,4368,27673,16339
1339,4096,4368,27729,16483
1340,4096,4368,27769,16477
1341,4096,1516,51058,38495
1342,4096,1024,41020,30700
1343,4096,876,37683,29126
1344,4096,4368,27565,16594
1345,4096,4368,27572,16638
1346,4096,4368,27787,16523
1347,4096,848,31823,24442
1348,4096,2384,23566,16242
1349,4096,4368,27805,16659
1350,4096,4368,27738,16519
1351,4096,4368,27829,16500
1352,4096,4368,27700,16587
1353,4096,904,33558,26548
1354,4096,4368,27661,16552
1355,4096,4368,27661,16586
1356,4096,4368,27681,16446
1357,4096,940,32186,25179
1358,4096,4368,27714,16498
1359,4096,4368,31865,16534
1360,4096,1072,33567,26100
1361,4096,884,29132,23551
1362,4096,4368,27793,16471
1363,4096,4140,27492,16908
1364,4096,4368,27666,16789
1365,4096,1360,21214,16149
1366,4096,4368,27659,16499
1367,4096,880,29842,23845
1368,4096,880,26285,20904
1369,4096,4368,27638,16466
1370,4096,4368,31631,16355
1371,4096,1068,36681,27554
1372,4096,952,31249,24513
1373,4096,4368,27878,16570
1374,4096,4368,27772,16382
1375,4096,4368,30937,16723
1376,4096,1436,51035,36726
1377,4096,4368,47151,32332
1378,4096,3408,41802,16567
1379,4096,4368,28014,16475
1380,4096,988,33377,25897
1381,4096,1484,45576,33327
1382,4096,4368,27670,16603
1383,4096,4368,27630,16665
1384,4096,1028,34047,25332
1385,4096,4368,27706,16350
1386,4096,4368,27824,16419
1387,4096,4368,27818,16462
1388,4096,4368,28466,16379
1389,4096,4368,27791,16447
1390,4096,4368,27714,16475
1391,4096,4372,28251,16855
1392,4096,4372,28014,16499
1393,4096,4368,32174,16690
1394,4096,4368,28004,16300
1395,4096,876,28761,24505
1396,4096,1072,35156,26410
1397,4096,836,27705,23449
1398,4096,4368,27730,16538
1399,4096,984,30330,25470
1400,4096,916,38623,28916
1401,4096,284,19221,14890
1402,4096,368,21698,16602
1403,4096,1240,23764,15789
1404,4096,4368,27687,16390
1405,4096,456,26439,20709
1406,4096,1540,57183,38573
1407,4096,872,30657,23996
1408,4096,4368,27679,16412
1409,4096,4368,27900,16406
1410,4096,4368,27789,16432
1411,4096,4368,28235,16492
1412,4096,652,31179,25624
1413,4096,4368,27881,16517
1414,4096,4368,27733,16464
1415,4096,4368,27738,16474
1416,4096,4368,27601,16458
1417,4096,860,27353,21505
1418,4096,4368,27887,16379
1419,4096,4368,27759,16458
1420,4096,708,23008,17944
1421,4096,4368,27802,16468
1422,4096,4368,27779,16461
1423,4096,4368,27707,16366
1424,4096,1316,35068,27481
1425,4096,4368,27594,16531
1426,4096,4368,27679,16539
1427,4096,4368,32250,16697
1428,4096,604,29217,22842
1429,4096,1356,49986,36349
1430,4096,4368,27905,16449
1431,4096,3344,25707,16433
1432,4096,4368,27707,16369
1433,4096,4368,27858,16463
1434,4096,668,29899,23694
1435,4096,4368,28091,16513
1436,4096,4368,27608,16297
1437,4096,4368,27736,16491
1438,4096,4368,27661,16534
1439,4096,4368,27662,16346
1440,4096,1216,37861,28388
1441,4096,4368,27709,16534
1442,4096,892,33703,27234
1443,4096,4368,27986,16389
1444,4096,1400,48215,35389
1445,4096,4368,27889,16523
1446,4096,4368,27805,16319
1447,4096,2168,40674,27464
1448,4096,4368,27930,16637
1449,4096,4368,27816,16579
1450,4096,4368,27809,16515
1451,4096,1604,65341,46223
1452,4096,1692,52585,36778
1453,4096,1556,52864,38099
1454,4096,1812,48583,33743
1455,4096,4368,28131,16788
1456,4096,4368,27993,16466
1457,4096,1124,30410,22503
1458,4096,4372,28325,16646
1459,4096,4268,28371,17107
1460,4096,4368,27990,16408
1461,4096,4368,27982,16526
1462,4096,4368,27884,16455
1463,4096,4368,27702,16362
1464,4096,4368,27499,16718
1465,4096,884,32750,25261
1466,4096,916,34072,26750
1467,4096,4368,27801,16423
1468,4096,4368,27769,16322
1469,4096,4368,27817,16493
1470,4096,728,25497,20430
1471,4096,4368,27958,16591
1472,4096,4368,27670,16268
1473,4096,4368,27775,16553
1474,4096,4368,27812,16541
1475,4096,4368,31856,16614
1476,4096,4368,27718,16525
1477,4096,1204,33243,24032
1478,4096,4368,27931,16478
1479,4096,4368,27920,16393
1480,4096,4368,27679,16333
1481,4096,4368,27626,16487
1482,4096,4368,27791,16450
1483,4096,720,32144,25443
1484,4096,4368,27809,16350
1485,4096,4368,27649,16282
1486,4096,4368,27741,16331
1487,4096,4368,27809,16623
1488,4096,4368,27685,16406
1489,4096,4368,27716,16427
1490,4096,4368,27905,16374
1491,4096,4368,27802,16471
1492,4096,4368,27567,16414
1493,4096,4368,27852,16562
1494,4096,4372,28082,16824
1495,4096,4368,27760,16515
1496,4096,4368,27749,16360
1497,4096,4368,27686,16420
1498,4096,4368,27725,16403
1499,4096,4368,27814,16274
1500,4096,852,31379,25933
1501,4096,584,29615,22068
1502,4096,4368,27805,16453
1503,4096,4368,27722,16551
1504,4096,4368,28314,16834
1505,4096,4372,27938,16655
1506,4096,4368,27772,16470
1507,4096,1092,35932,27870
1508,4096,948,39507,29979
1509,4096,704,31971,23462
1510,4096,4368,27696,16506
1511,4096,4368,27757,16531
1512,4096,4368,27752,16394
1513,4096,892,30537,24223
1514,4096,4368,32189,16491
1515,4096,880,31081,24370
1516,4096,920,30978,23158
1517,4096,4368,27884,16555
1518,4096,576,23795,18154
1519,4096,4368,27692,16386
1520,4096,1360,20976,16156
1521,4096,4368,27784,18748
1522,4096,4368,27705,16487
1523,4096,4368,27886,16506
1524,4096,4368,27663,16435
1525,4096,4368,27758,16414
1526,4096,1056,34581,26156
1527,4096,912,38691,29531
1528,4096,4368,27612,16475
1529,4096,4368,27743,16508
1530,4096,4356,28455,17175
1531,4096,1360,51521,38031
1532,4096,4368,27962,16383
1533,4096,2516,41188,30415
1534,4096,4368,27756,16383
1535,4096,4368,27576,16504
1536,4096,4368,27805,16478
1537,4096,4368,27850,16437
1538,4096,4368,27615,16422
1539,4096,4372,28150,16699
1540,4096,4368,27674,16385
1541,4096,4368,27765,16408
1542,4096,1084,35864,26344
1543,4096,4368,27803,16621
1544,4096,4368,27749,16437
1545,4096,4368,27645,20487
1546,4096,4372,27998,16655
1547,4096,4368,27699,16424
1548,4096,4368,27776,16516
1549,4096,4368,27653,16599
1550,4096,4368,27717,16342
1551,4096,4368,27803,16294
1552,4096,852,31744,25172
1553,4096,4368,27941,16579
1554,4096,4368,27667,16530
1555,4096,4368,27898,16604
1556,4096,848,27405,22236
1557,4096,608,27729,21257
1558,4096,1560,52022,38699
1559,4096,848,29776,23039
1560,4096,844,26257,20854
1561,4096,4368,27865,16594
1562,4096,4368,27892,16529
1563,4096,4368,28224,16880
1564,4096,4368,27801,16415
1565,4096,4368,27645,16522
1566,4096,788,33887,25996
1567,4096,4368,27826,16467
1568,4096,4368,27616,16466
1569,4096,4368,27798,16550
1570,4096,888,31093,24514
1571,4096,976,35006,26033
1572,4096,4368,27933,16487
1573,4096,4368,32193,16654
1574,4096,4368,27845,16331
1575,4096,4368,27849,16478
1576,4096,1156,31809,25428
1577,4096,4368,27893,16357
1578,4096,4368,27842,16222
1579,4096,4368,27683,16473
1580,4096,880,28150,23129
1581,4096,4368,27974,16413
1582,4096,4368,27570,16478
1583,4096,4368,27881,16606
1584,4096,4368,27708,16475
1585,4096,4368,27645,16504
1586,4096,604,30718,23252
1587,4096,1204,41459,36474
1588,4096,1224,39815,31177
1589,4096,4368,28114,16614
1590,4096,4368,27777,16499
1591,4096,4368,27757,16500
1592,4096,1020,36558,28552
1593,4096,4368,27672,16517
1594,4096,880,26630,22048
1595,4096,4368,27793,16591
1596,4096,4368,27801,16490
1597,4096,4368,27856,16625
1598,4096,1460,52710,38419
1599,4096,4368,27883,16579
1600,4096,4368,27764,16351
1601,4096,2044,46121,34966
1602,4096,1416,40959,31920
1603,4096,4368,27777,16583
1604,4096,4368,27917,16391
1605,4096,4368,27721,16504
1606,4096,4368,27845,16564
1607,4096,4368,27769,16474
1608,4096,4368,27873,16436
1609,4096,4368,27801,16406
1610,4096,4368,27833,16515
1611,4096,1232,28592,21611
1612,4096,4368,27725,16378
1613,4096,4368,27869,16387
1614,4096,4368,27603,16387
1615,4096,4368,27755,16447
1616,4096,4368,27710,16329
1617,4096,4368,27750,16410
1618,4096,4368,27679,16338
1619,4096,1360,21461,16409
1620,4096,4368,27753,16313
1621,4096,4368,27765,16413
1622,4096,4372,28154,16714
1623,4096,4364,28399,16796
1624,4096,4368,27698,16313
1625,4096,4368,27657,16405
1626,4096,4368,27799,16399
1627,4096,4368,27849,16521
1628,4096,4368,27711,16350
1629,4096,832,33213,25474
1630,4096,884,29090,23608
1631,4096,1168,29961,23385
1632,4096,280,18940,16054
1633,4096,992,33333,28777
1634,4096,4368,27985,16545
1635,4096,1012,35707,26831
1636,4096,960,36072,27408
1637,4096,4368,28056,16559
1638,4096,4368,27623,16493
1639,4096,4368,27767,16511
1640,4096,916,28401,22616
1641,4096,4368,27685,16612
1642,4096,4368,27713,16387
1643,4096,4368,27720,16506
1644,4096,4368,27842,16475
1645,4096,4368,27673,16480
1646,4096,4368,27761,16362
1647,4096,892,25920,20872
1648,4096,668,27954,21969
1649,4096,4368,28118,16559
1650,4096,4368,27773,16529
1651,4096,4368,27809,16501
1652,4096,4368,27761,16449
1653,4096,4368,27761,16559
1654,4096,4368,27809,16564
1655,4096,4368,27781,16528
1656,4096,4368,27536,16414
1657,4096,844,36406,24755
1658,4096,4368,27885,16695
1659,4096,4368,27749,16474
1660,4096,4368,27683,16502
1661,4096,4372,28362,16879
1662,4096,4368,27781,16419
1663,4096,1616,42832,30295
1664,4096,4368,27592,16458
1665,4096,4368,27709,16683
1666,4096,4368,27637,16302
1667,4096,4368,27750,16455
1668,4096,4368,27794,16322
1669,4096,4368,27705,16337
1670,4096,4368,27810,16564
1671,4096,912,39554,31317
1672,4096,1012,34016,25655
1673,4096,796,34904,27271
1674,4096,4368,28063,16697
1675,4096,4368,27817,20597
1676,4096,2216,52839,40980
1677,4096,1084,39460,30480
1678,4096,1192,21735,16426
1679,4096,2044,42283,29347
1680,4096,904,30925,23704
1681,4096,4368,28187,16528
1682,4096,1108,39443,30171
1683,4096,4368,27761,16661
1684,4096,4368,27683,16388
1685,4096,4368,27657,16322
1686,4096,328,20849,16605
1687,4096,1032,34297,25443
1688,4096,4368,28028,16515
1689,4096,872,30108,23767
1690,4096,1060,36958,27529
1691,4096,4368,27815,16442
1692,4096,876,27703,21603
1693,4096,4368,27769,16361
1694,4096,4368,27821,16493
1695,4096,1692,62787,45534
1696,4096,4368,27745,16656
1697,4096,4368,27676,16565
1698,4096,4368,27720,16585
1699,4096,892,29020,22549
1700,4096,944,34822,27735
1701,4096,1492,48006,35162
1702,4096,1768,57376,39684
1703,4096,4368,28062,16897
1704,4096,872,31911,24914
1705,4096,4368,27970,16493
1706,4096,4368,27645,16354
1707,4096,4368,27745,16527
1708,4096,840,29385,23628
1709,4096,4368,27914,16483
1710,4096,4368,27737,16511
1711,4096,4368,27913,16477
1712,4096,4368,27681,16402
1713,4096,4368,27789,16671
1714,4096,4368,27644,16362
1715,4096,4368,27955,16431
1716,4096,1052,50207,44876
1717,4096,4368,27780,16417
1718,4096,4368,27730,16407
1719,4096,4368,27785,16362
1720,4096,4368,27865,16422
1721,4096,4368,27802,16611
1722,4096,4368,27597,16735
1723,4096,832,30888,23925
1724,4096,4368,27817,16570
1725,4096,4368,27719,16426
1726,4096,4368,27889,16416
1727,4096,4368,27706,16612
1728,4096,1360,21010,16108
1729,4096,1256,34750,27222
1730,4096,732,32924,27409
1731,4096,4368,27711,16573
1732,4096,4368,31325,16598
1733,4096,4368,27697,16438
1734,4096,4368,27580,16366
1735,4096,4368,27915,16407
1736,4096,3348,26250,16769
1737,4096,1360,20978,16191
1738,4096,4368,27837,16482
1739,4096,1116,34833,26979
1740,4096,4368,27721,16539
1741,4096,4368,27785,16594
1742,4096,4368,27743,16369
1743,4096,4368,27818,16589
1744,4096,4368,27940,16359
1745,4096,4368,27508,16435
1746,4096,876,29848,24066
1747,4096,1152,35317,27337
1748,4096,1908,40020,30443
1749,4096,4368,27671,16639
1750,4096,4368,27745,16471
1751,4096,4368,27645,16497
1752,4096,932,29924,22983
1753,4096,1076,37978,30035
1754,4096,4368,27641,16506
1755,4096,4368,31761,16491
1756,4096,652,24369,19286
1757,4096,4368,27913,16554
1758,4096,292,19399,15068
1759,4096,1440,51377,38299
1760,4096,4368,27774,16460
1761,4096,4368,27835,16744
1762,4096,4368,27768,16454
1763,4096,4368,27771,16464
1764,4096,4368,27909,16218
1765,4096,852,30629,24058
1766,4096,4368,27606,16366
1767,4096,4372,28301,16759
1768,4096,984,30692,25279
1769,4096,4368,28093,16504
1770,4096,4368,27987,16494
1771,4096,4368,27705,16442
1772,4096,4368,27805,16475
1773,4096,4316,28511,16895
1774,4096,4368,27843,16278
1775,4096,4368,27775,16415
1776,4096,4368,27815,16295
1777,4096,1912,45773,32972
1778,4096,624,31279,23763
1779,4096,4368,27783,16659
1780,4096,4368,27772,16491
1781,4096,4368,27752,16513
1782,4096,4368,27926,16523
1783,4096,4368,27869,16439
1784,4096,892,39940,29373
1785,4096,4368,27789,16552
1786,4096,4368,27738,16494
1787,4096,3408,25893,16639
1788,4096,3412,26248,16570
1789,4096,4368,27752,16521
1790,4096,4368,27753,16384
1791,4096,4368,27770,16439
1792,4096,4368,27727,16391
1793,4096,4368,27775,16462
1794,4096,4368,27733,16366
1795,4096,4368,27892,16540
1796,4096,4368,27743,16493
1797,4096,4368,28020,16375
1798,4096,4368,27851,16290
1799,4096,4368,27819,20748
1800,4096,4368,27737,16605
1801,4096,4368,27850,16453
1802,4096,4368,27692,16415
1803,4096,4368,27627,18664
1804,4096,1360,21501,16363
1805,4096,884,37935,26868
1806,4096,1588,43928,31970
1807,4096,1632,64804,45271
1808,4096,976,42007,29643
1809,4096,920,38496,30046
1810,4096,4368,27650,16519
1811,4096,4368,27986,16731
1812,4096,4368,27687,16444
1813,4096,4368,27663,16519
1814,4096,4368,27827,16414
1815,4096,4368,27883,16570
1816,4096,4368,27844,16699
1817,4096,1076,40904,30691
1818,4096,4368,27745,16282
1819,4096,4132,32049,20224
1820,4096,1168,46972,32018
1821,4096,4368,27945,16756
1822,4096,832,31882,25179
1823,4096,1360,21202,16359
1824,4096,4368,28223,16996
1825,4096,4368,28097,16523
1826,4096,4368,27739,16361
1827,4096,708,22596,17625
1828,4096,4372,28082,16701
1829,4096,4368,27800,16573
1830,4096,4368,27709,16553
1831,4096,4368,27900,16449
1832,4096,4368,27651,16504
1833,4096,4368,27725,16620
1834,4096,1104,40733,31139
1835,4096,4364,28284,16749
1836,4096,1080,35909,26835
1837,4096,2384,23353,16531
1838,4096,4368,27899,16263
1839,4096,4368,27718,16639
1840,4096,4368,27701,16512
1841,4096,4368,27870,16527
1842,4096,4368,27969,16433
1843,4096,4368,27639,16437
1844,4096,840,31570,25020
1845,4096,4372,28086,16461
1846,4096,4368,27805,16559
1847,4096,3408,25652,16295
1848,4096,4368,28101,16827
1849,4096,4368,27621,16496
1850,4096,4368,27665,16374
1851,4096,308,19788,15440
1852,4096,4368,27475,16625
1853,4096,4368,27879,16334
1854,4096,4368,27661,16401
1855,4096,652,32871,25181
1856,4096,4368,27698,16398
1857,4096,4368,27665,16531
1858,4096,4368,27681,20755
1859,4096,4368,27636,16555
1860,4096,4368,27592,16418
1861,4096,4368,27647,16394
1862,4096,4368,27540,16599
1863,4096,4368,27663,16452
1864,4096,1092,41781,32939
1865,4096,4368,27599,16643
1866,4096,1996,42051,32908
1867,4096,4368,27667,16591
1868,4096,4372,46802,33068
1869,4096,720,32392,26517
1870,4096,1100,37905,29189
1871,4096,4368,27907,16509
1872,4096,4368,27527,16377
1873,4096,4368,27612,16537
1874,4096,896,26608,21392
1875,4096,4368,27837,16495
1876,4096,4368,27719,16510
1877,4096,4368,27840,16469
1878,4096,1072,32503,25575
1879,4096,1676,46108,33653
1880,4096,2032,23934,16544
1881,4096,984,31153,24337
1882,4096,1940,37033,28258
1883,4096,4368,28033,16340
1884,4096,4368,28086,16603
1885,4096,1548,51781,39013
1886,4096,316,20181,15749
1887,4096,1388,29756,25374
1888,4096,476,22890,18714
1889,4096,904,36616,28204
1890,4096,848,31950,25320
1891,4096,948,38629,29027
1892,4096,4368,27803,16381
1893,4096,4368,27745,16475
1894,4096,4368,27778,16481
1895,4096,3344,25514,16543
1896,4096,4368,27666,16266
1897,4096,3344,25673,16387
1898,4096,1428,48895,36660
1899,4096,4368,27894,16458
1900,4096,4368,27719,16451
1901,4096,1092,38079,29377
1902,4096,4368,27723,16378
1903,4096,944,34877,26566
1904,4096,1212,45423,34437
1905,4096,556,30579,23796
1906,4096,4368,27949,16495
1907,4096,4368,27770,16302
1908,4096,4368,27641,16362
1909,4096,4368,27889,16471
1910,4096,1388,42452,30738
1911,4096,796,30617,24215
1912,4096,1284,36004,27744
1913,4096,4368,27641,16615
1914,4096,844,33709,27255
1915,4096,4368,27874,16495
1916,4096,884,29112,24102
1917,4096,4368,27971,16585
1918,4096,1248,41550,29193
1919,4096,1192,21357,15825
1920,4096,4368,27822,16571
1921,4096,4368,27696,16306
1922,4096,4368,27795,16427
1923,4096,3408,25948,16575
1924,4096,4368,27909,16435
1925,4096,1152,36461,27102
1926,4096,1008,34659,26594
1927,4096,4368,27803,16423
1928,4096,1440,34410,24544
1929,4096,4368,31934,16680
1930,4096,4368,28041,16418
1931,4096,4368,27629,16517
1932,4096,4368,27678,16474
1933,4096,4368,27673,16519
1934,4096,4368,27758,16601
1935,4096,4368,24678,14537
1936,4096,4368,24590,14700
1937,4096,872,26758,21588
1938,4096,4368,24762,14672
1939,4096,4372,24838,14825
1940,4096,4368,24720,14688
1941,4096,4368,24639,14594
1942,4096,844,24369,19971
1943,4096,576,21056,17083
1944,4096,1704,31217,24817
1945,4096,1576,29946,23257
1946,4096,844,25639,20483
1947,4096,504,19887,15545
1948,4096,4368,24759,14620
1949,4096,988,26987,21633
1950,4096,4368,24851,14785
1951,4096,4368,24660,14734
1952,4096,1828,49641,35082
1953,4096,4368,24815,14561
1954,4096,288,17040,13372
1955,4096,876,27520,21357
1956,4096,304,17711,13744
1957,4096,1908,52331,37876
1958,4096,892,31244,27095
1959,4096,284,17225,13222
1960,4096,2460,43347,30953
1961,4096,320,17608,14808
1962,4096,1900,49732,35646
1963,4096,4368,24853,14694
1964,4096,424,22181,17678
1965,4096,4372,25065,14842
1966,4096,4368,24745,14539
1967,4096,4368,24807,14785
1968,4096,4368,24670,14649
1969,4096,1832,55991,39072
1970,4096,912,32518,25841
1971,4096,4368,24662,14748
1972,4096,312,17776,15009
1973,4096,1896,33083,24014
1974,4096,1032,41347,27411
1975,4096,4368,24658,14649
1976,4096,4368,24609,14594
1977,4096,4368,24608,14589
1978,4096,4368,24588,14781
1979,4096,4368,24650,14698
1980,4096,4368,24677,14602
1981,4096,4368,24715,14714
1982,4096,1360,18744,14330
1983,4096,4368,24845,14773
1984,4096,4368,24772,14641
1985,4096,1032,33855,26562
1986,4096,4368,24665,14600
1987,4096,4368,24762,14705
1988,4096,4368,24662,14614
1989,4096,364,18314,13966
1990,4096,4368,24689,14663
1991,4096,4368,24697,14601
1992,4096,872,28625,22315
1993,4096,4368,24758,14705
1994,4096,1068,32101,25491
1995,4096,996,29515,22060
1996,4096,596,22450,17558
1997,4096,4368,24849,14665
1998,4096,4368,24664,14754
1999,4096,4368,24858,18502
2000,4096,4368,24647,14513
2001,4096,4368,24661,14582
2002,4096,4368,24369,14601
2003,4096,4368,24688,14541
2004,4096,884,25987,21184
2005,4096,1556,35676,27109
2006,4096,4368,24834,14749
2007,4096,4368,24631,14813
2008,4096,4368,24660,14526
2009,4096,3408,22967,14556
2010,4096,1068,35193,26930
2011,4096,4368,24611,14641
2012,4096,4368,24656,14714
2013,4096,4368,24676,14823
2014,4096,4368,24890,14643
2015,4096,1256,24858,18269
2016,4096,4368,24708,14652
2017,4096,4368,24714,14666
2018,4096,4368,24551,14675
2019,4096,4368,24596,14768
2020,4096,4372,24945,14820
2021,4096,4368,24999,14763
2022,4096,4368,28799,14782
2023,4096,4368,24691,14576
2024,4096,2408,48690,34839
2025,4096,1048,25995,20839
2026,4096,4368,24605,14513
2027,4096,4368,24690,14743
2028,4096,4368,24718,14513
2029,4096,4368,24683,14668
2030,4096,4368,28152,14714
2031,4096,4368,24678,14634
2032,4096,4368,24725,14575
2033,4096,1000,29315,22058
2034,4096,284,16824,13126
2035,4096,1016,34706,25627
2036,4096,4368,28323,14917
2037,4096,1028,29830,22928
2038,4096,4368,24629,14594
2039,4096,888,28095,22404
2040,4096,4368,24944,14646
2041,4096,4368,27473,16378
2042,4096,4368,28124,16800
2043,4096,4368,27925,16487
2044,4096,1076,34858,26930
2045,4096,4368,27781,16475
2046,4096,4368,27838,16278
2047,4096,4368,27657,16542
2048,4096,1400,48309,35416
2049,4096,4368,27571,20707
2050,4096,4368,27773,16547
2051,4096,4368,27759,16355
2052,4096,4368,27803,16395
2053,4096,4368,27736,16406
2054,4096,3408,25666,16411
2055,4096,884,33732,26309
2056,4096,4368,28050,16279
2057,4096,4368,31543,16560
2058,4096,4368,27803,16440
2059,4096,1056,38759,30227
2060,4096,728,26181,20444
2061,4096,4368,28415,16654
2062,4096,4368,27816,16549
2063,4096,4368,27669,20656
2064,4096,1828,47892,34039
2065,4096,4368,27741,16586
2066,4096,676,28760,22493
2067,4096,4368,27753,16659
2068,4096,4368,27838,16455
2069,4096,648,29522,23824
2070,4096,4368,27875,16519
2071,4096,908,33278,26205
2072,4096,4368,27847,16422
2073,4096,4368,27769,16489
2074,4096,1040,35046,27129
2075,4096,1428,50749,34849
2076,4096,372,20456,16872
2077,4096,1096,35892,27384
2078,4096,2024,59321,44459
2079,4096,4372,28161,16850
2080,4096,4368,27812,16530
2081,4096,2436,56829,41195
2082,4096,1408,40805,31523
2083,4096,1532,49096,32140
2084,4096,428,24480,20291
2085,4096,1920,47299,35636
2086,4096,4368,27841,16524
2087,4096,1660,37924,28097
2088,4096,1432,56609,39216
2089,4096,4368,28171,16511
2090,4096,860,33254,28026
2091,4096,4368,28120,16741
2092,4096,4368,27861,16417
2093,4096,4368,39346,14615
2094,4096,2756,44531,33733
2095,4096,1740,44833,33893
2096,4096,4372,25215,14939
2097,4096,4368,24666,14740
2098,4096,4368,24706,14608
2099,4096,4368,24457,14608
2100,4096,4368,24709,14587
2101,4096,4368,24753,14689
2102,4096,4368,24725,14558
2103,4096,4368,24808,14612
2104,4096,4368,24767,14625
2105,4096,4368,24767,14559
2106,4096,4368,24574,14522
2107,4096,4368,24747,14622
2108,4096,4368,24831,14621
2109,4096,4368,24681,14541
2110,4096,4368,24595,14546
2111,4096,4344,24831,14869
2112,4096,4368,24797,14589
2113,4096,4368,24718,14586
2114,4096,3408,22919,14560
2115,4096,1360,18873,14229
2116,4096,4368,24681,14502
2117,4096,4368,24693,14642
2118,4096,4368,24865,14660
2119,4096,1040,35075,25721
2120,4096,4368,24584,14572
2121,4096,4368,24470,14569
2122,4096,4368,24742,14697
2123,4096,876,29410,23382
2124,4096,692,27763,21851
2125,4096,4368,24865,14521
2126,4096,4368,24673,14632
2127,4096,4368,24501,14700
2128,4096,1032,31291,24319
2129,4096,876,26754,21184
2130,4096,912,27913,22019
2131,4096,4368,24986,14588
2132,4096,4368,24646,14576
2133,4096,4368,28358,14797
2134,4096,1156,28805,22792
2135,4096,4368,24711,14748
2136,4096,1040,28764,23582
2137,4096,4368,27635,16542
2138,4096,4368,27853,20596
2139,4096,4356,28418,17254
2140,4096,4368,27772,16425
2141,4096,4368,31607,16426
2142,4096,4368,27789,16497
2143,4096,4368,27694,16499
2144,4096,4368,27551,16575
2145,4096,4368,27678,16422
2146,4096,832,29330,22793
2147,4096,4368,27787,16531
2148,4096,4368,27774,16433
2149,4096,4368,27769,16350
2150,4096,4368,27906,16388
2151,4096,4368,27631,16324
2152,4096,4368,27842,16476
2153,4096,1072,37046,28412
2154,4096,4368,27863,16364
2155,4096,4368,27556,16366
2156,4096,4368,27697,16296
2157,4096,4368,27727,16449
2158,4096,4368,27881,16411
2159,4096,4368,27850,16289
2160,4096,4368,27629,16646
2161,4096,988,37443,29012
2162,4096,284,19185,14891
2163,4096,4368,27596,16478
2164,4096,4368,27757,16439
2165,4096,4368,31898,16478
2166,4096,4368,27537,16579
2167,4096,4368,27885,16402
2168,4096,1360,21275,16406
2169,4096,4368,27762,16467
2170,4096,4368,27578,16378
2171,4096,1016,34851,26456
2172,4096,4368,27592,16342
2173,4096,448,24898,19161
2174,4096,1828,55310,43854
2175,4096,4368,28050,16605
2176,4096,472,24162,18242
2177,4096,1232,28578,21674
2178,4096,4368,27861,16342
2179,4096,1072,35347,26937
2180,4096,892,30568,23347
2181,4096,4368,28091,16525
2182,4096,4368,27865,16534
2183,4096,4368,27677,16726
2184,4096,4368,27689,16373
2185,4096,4368,32002,16608
2186,4096,4368,27921,16605
2187,4096,4368,27809,16494
2188,4096,4368,27827,16376
2189,4096,4368,27718,16402
2190,4096,4368,27691,16409
2191,4096,4368,27647,16629
2192,4096,440,24289,19305
2193,4096,4368,27892,16566
2194,4096,4368,27825,16411
2195,4096,4368,27774,16428
2196,4096,4368,27664,16463
2197,4096,928,31873,25822
2198,4096,4368,27851,16575
2199,4096,1360,21182,16070
2200,4096,4368,27901,16414
2201,4096,4368,32063,16443
2202,4096,4368,27689,16479
2203,4096,4368,27730,16469
2204,4096,4368,27646,16364
2205,4096,4368,27718,16497
2206,4096,1292,43997,31133
2207,4096,4368,28048,16491
2208,4096,4368,27745,16586
2209,4096,4368,27834,16441
2210,4096,352,21248,17589
2211,4096,2136,41292,30197
2212,4096,4368,27813,16548
2213,4096,4368,27860,16675
2214,4096,4368,27777,16511
2215,4096,4368,27863,16510
2216,4096,4368,27705,16703
2217,4096,4368,27781,16356
2218,4096,1516,50747,37303
2219,4096,888,34009,25516
2220,4096,1028,33988,26132
2221,4096,4372,28234,16840
2222,4096,4368,27616,16321
2223,4096,4368,27884,16643
2224,4096,852,31350,24439
2225,4096,4368,27870,16377
2226,4096,4368,27756,16357
2227,4096,932,32681,26027
2228,4096,4368,27760,16595
2229,4096,4368,27713,16614
2230,4096,1532,37833,28012
2231,4096,4368,27827,16743
2232,4096,4368,27745,16475
2233,4096,1360,21585,16262
2234,4096,4368,27869,16455
2235,4096,4368,27977,16390
2236,4096,1112,42685,29856
2237,4096,4368,27834,16506
2238,4096,4368,27791,16563
2239,4096,1940,38746,29038
2240,4096,4368,27774,16670
2241,4096,4368,27477,16470
2242,4096,4368,27709,16358
2243,4096,4368,27905,16417
2244,4096,884,28146,23547
2245,4096,824,30359,24784
2246,4096,4368,27514,16547
2247,4096,4368,27883,16402
2248,4096,4368,27731,16425
2249,4096,4368,27789,16564
2250,4096,4368,27824,16408
2251,4096,1728,40642,29825
2252,4096,316,19589,16604
2253,4096,1212,42193,30091
2254,4096,1240,39212,29317
2255,4096,1272,43879,31386
2256,4096,4368,31839,16704
2257,4096,4368,27554,16639
2258,4096,4368,27847,16458
2259,4096,4368,27631,16495
2260,4096,916,39703,30625
2261,4096,4368,27746,16697
2262,4096,4368,27693,16458
2263,4096,4368,31640,16422
2264,4096,4368,27842,16455
2265,4096,4368,27849,16472
2266,4096,4368,27645,16491
2267,4096,4368,27817,16393
2268,4096,4368,27764,16679
2269,4096,4248,27752,16479
2270,4096,2516,40644,29121
2271,4096,912,38323,29353
2272,4096,4368,27701,16487
2273,4096,4368,27772,16647
2274,4096,4368,27866,16511
2275,4096,4368,27783,16451
2276,4096,4368,27922,16610
2277,4096,1344,40231,29830
2278,4096,1060,34218,26983
2279,4096,1828,55282,40621
2280,4096,4368,27809,16450
2281,4096,4368,27894,16667
2282,4096,4368,27709,16529
2283,4096,4368,27649,16507
2284,4096,4368,27785,16433
2285,4096,4368,27745,16688
2286,4096,4368,27677,16441
2287,4096,836,34313,26716
2288,4096,4368,28016,16458
2289,4096,4368,27695,16387
2290,4096,4368,27685,16489
2291,4096,4368,27813,16457
2292,4096,4368,27554,16409
2293,4096,900,30999,25516
2294,4096,472,24850,23186
2295,4096,904,30506,23369
2296,4096,4368,27793,16575
2297,4096,1092,36558,26643
2298,4096,1540,33032,25074
2299,4096,4368,27741,16638
2300,4096,4368,27770,16503
2301,4096,1264,49444,39863
2302,4096,1296,42953,29387
2303,4096,1000,38250,29186
2304,4096,4368,28047,16532
2305,4096,4368,27603,16555
2306,4096,4368,27795,16351
2307,4096,4368,28198,16643
2308,4096,4368,27861,16485
2309,4096,4368,27730,16558
2310,4096,624,24330,18784
2311,4096,1124,29134,23025
2312,4096,4368,27767,20612
2313,4096,4368,27913,16524
2314,4096,4368,27838,16415
2315,4096,4368,27698,16587
2316,4096,4368,27910,16387
2317,4096,4368,27907,16409
2318,4096,4368,31705,16511
2319,4096,1244,45807,35919
2320,4096,4368,27841,16532
2321,4096,4368,27850,16479
2322,4096,4368,31722,16555
2323,4096,4368,27632,16458
2324,4096,4368,28194,16503
2325,4096,4368,27892,16407
2326,4096,4368,46196,32722
2327,4096,876,34381,26867
2328,4096,4368,27751,16524
2329,4096,728,26351,20464
2330,4096,4368,27575,16470
2331,4096,4368,27836,16521
2332,4096,4368,27860,16287
2333,4096,4368,27679,16382
2334,4096,4368,27890,16499
2335,4096,4368,27961,16348
2336,4096,4368,27729,16374
2337,4096,4368,27624,16513
2338,4096,4368,27667,16439
2339,4096,4368,27960,16559
2340,4096,4368,27696,16294
2341,4096,708,22764,18063
2342,4096,4368,27694,16368
2343,4096,4368,27836,16563
2344,4096,4368,27805,16411
2345,4096,4368,27825,16453
2346,4096,4368,27730,16354
2347,4096,880,29978,23182
2348,4096,4368,27896,16559
2349,4096,4368,27705,16355
2350,4096,2352,47464,34129
2351,4096,1360,25450,16166
2352,4096,4368,27986,16516
2353,4096,820,32536,26021
2354,4096,4368,27749,16455
2355,4096,4368,27632,16458
2356,4096,1488,50450,36130
2357,4096,4368,28106,16480
2358,4096,4368,27941,16661
2359,4096,4368,28493,16567
2360,4096,4368,27854,16479
2361,4096,556,27775,22785
2362,4096,4368,27709,16404
2363,4096,4368,27692,16338
2364,4096,4368,32047,16626
2365,4096,920,30141,23666
2366,4096,4368,27687,16466
2367,4096,732,35181,27104
2368,4096,4368,28577,16479
2369,4096,1516,40314,31719
2370,4096,1008,37372,28543
2371,4096,4368,27809,16744
2372,4096,4368,27783,16303
2373,4096,4368,27920,16475
2374,4096,948,39177,30898
2375,4096,4368,31966,16575
2376,4096,820,29809,24185
2377,4096,4368,27862,16442
2378,4096,4368,27846,16389
2379,4096,1700,68393,46464
2380,4096,4368,27825,16573
2381,4096,4368,27641,16407
2382,4096,1792,53147,38899
2383,4096,4368,27769,16274
2384,4096,4368,27867,16555
2385,4096,4368,27794,16527
2386,4096,4312,28482,17221
2387,4096,4368,27758,16430
2388,4096,1056,43239,29460
2389,4096,1124,39564,27351
2390,4096,380,22660,18123
2391,4096,884,32809,23995
2392,4096,4368,27775,16542
2393,4096,4368,28049,16571
2394,4096,892,33379,25389
2395,4096,4368,27781,20573
2396,4096,832,27701,22593
2397,4096,4368,27858,16513
2398,4096,4368,27599,16451
2399,4096,4368,27831,16542
2400,4096,4368,27785,16422
2401,4096,640,31920,24024
2402,4096,4368,27655,16593
2403,4096,1368,40615,30564
2404,4096,4368,27625,16538
2405,4096,4368,27707,16575
2406,4096,4368,27757,16308
2407,4096,4368,27871,16499
2408,4096,4368,27737,16391
2409,4096,4368,27962,16565
2410,4096,4368,27680,16403
2411,4096,4368,29943,16795
2412,4096,344,21344,16958
2413,4096,4368,27983,16599
2414,4096,4368,27693,16445
2415,4096,4368,27803,16665
2416,4096,4368,27694,16366
2417,4096,888,34405,25187
2418,4096,4368,27887,16280
2419,4096,4368,27619,16483
2420,4096,1780,69304,46320
2421,4096,1140,30852,24137
2422,4096,4368,28031,16442
2423,4096,4272,27756,16675
2424,4096,4368,27671,16583
2425,4096,1488,50464,40948
2426,4096,1032,39981,29401
2427,4096,4368,27872,16423
2428,4096,4368,27810,16374
2429,4096,308,20156,16238
2430,4096,4368,27885,16492
2431,4096,504,22350,17421
2432,4096,4368,27770,16346
2433,4096,964,35190,27202
2434,4096,4368,27781,16525
2435,4096,4368,27910,16611
2436,4096,4368,27844,16466
2437,4096,4368,27810,16392
2438,4096,3408,25616,16462
2439,4096,4368,27716,16555
2440,4096,1020,39342,27078
2441,4096,692,30890,23983
2442,4096,596,27690,21671
2443,4096,4368,27835,16466
2444,4096,3408,25579,16423
2445,4096,4308,28218,16984
2446,4096,820,31843,25009
2447,4096,656,27910,20771
2448,4096,928,39468,27334
2449,4096,844,30391,23852
2450,4096,4368,27897,16798
2451,4096,344,20921,16227
2452,4096,4368,27745,16262
2453,4096,1500,51727,39196
2454,4096,4368,27893,16495
2455,4096,4368,27781,16530
2456,4096,1028,35748,27244
2457,4096,1576,34016,26470
2458,4096,872,31478,25719
2459,4096,4368,27765,16661
2460,4096,4368,27676,16482
2461,4096,4368,27893,16471
2462,4096,4368,27838,16386
2463,4096,4368,27700,16711
2464,4096,824,29177,23191
2465,4096,4368,27892,16379
2466,4096,996,40241,31686
2467,4096,1748,42748,29228
2468,4096,4368,27841,16393
2469,4096,796,35587,28365
2470,4096,4368,27813,16491
2471,4096,4368,27896,16580
2472,4096,4368,27766,16569
2473,4096,428,24412,18996
2474,4096,4368,27876,16543
2475,4096,4368,27898,16735
2476,4096,4368,27829,16418
2477,4096,4368,27845,16339
2478,4096,916,28892,23159
2479,4096,4368,28327,16674
2480,4096,4368,27725,16420
2481,4096,4368,27668,16671
2482,4096,4368,32051,16463
2483,4096,4368,27739,16339
2484,4096,4368,27798,16342
2485,4096,4368,27803,16335
2486,4096,4368,27854,16338
2487,4096,1292,50169,37610
2488,4096,2168,50406,36389
2489,4096,4368,27660,16671
2490,4096,4368,27734,20911
2491,4096,4368,27875,16577
2492,4096,596,25811,20176
2493,4096,4368,27806,16393
2494,4096,4368,27909,16466
2495,4096,4368,27733,16594
2496,4096,4368,27693,16444
2497,4096,4368,28122,16310
2498,4096,4368,27885,16341
2499,4096,4368,27588,16471
2500,4096,4368,27805,16579
2501,4096,4368,27733,16403
2502,4096,4368,27639,16471
2503,4096,4368,27694,16376
2504,4096,3344,25552,16411
2505,4096,864,31590,25864
2506,4096,2168,41565,27853
2507,4096,876,29995,23695
2508,4096,1360,21020,16067
2509,4096,4368,27906,16606
2510,4096,4368,27745,16505
2511,4096,3868,37175,26378
2512,4096,4368,27757,16436
2513,4096,1072,36295,28478
2514,4096,1256,28680,21019
2515,4096,4368,27672,16872
2516,4096,4368,27688,16404
2517,4096,4276,28186,16823
2518,4096,4368,27689,16451
2519,4096,4368,27781,16495
2520,4096,4368,27809,16408
2521,4096,4368,27677,16447
2522,4096,4368,27694,16494
2523,4096,4368,27797,16427
2524,4096,4368,31959,16475
2525,4096,1960,43959,32996
2526,4096,1060,36682,28426
2527,4096,1076,39290,29988
2528,4096,844,30700,24089
2529,4096,1012,34519,26407
2530,4096,4368,27995,16490
2531,4096,4368,27765,16515
2532,4096,4368,27596,16344
2533,4096,4368,27847,16455
2534,4096,1192,35915,27275
2535,4096,4368,32151,16741
2536,4096,4368,27756,16459
2537,4096,1056,36006,27268
2538,4096,1224,51016,36866
2539,4096,1028,34000,25762
2540,4096,364,20396,15656
2541,4096,1092,39517,31452
2542,4096,1536,54522,39211
2543,4096,1356,49893,37015
2544,4096,2736,37138,26247
2545,4096,1504,46830,34974
2546,4096,880,35649,25877
2547,4096,756,27224,19154
2548,4096,512,24309,19723
2549,4096,4368,27605,16495
2550,4096,452,24614,19077
2551,4096,1124,40319,29715
2552,4096,1832,56903,39239
2553,4096,912,38355,30305
2554,4096,4368,27825,16862
2555,4096,896,28348,20679
2556,4096,984,30787,25107
2557,4096,2528,44286,31415
2558,4096,1084,48656,36165
2559,4096,4368,27769,16593
2560,4096,720,35262,29908
2561,4096,704,43230,21116
2562,4096,764,30667,23936
2563,4096,464,21711,17793
2564,4096,596,22653,17126
2565,4096,692,26322,20705
2566,4096,1092,33238,24600
2567,4096,668,24134,18466
2568,4096,4368,24740,14780
2569,4096,380,19314,15282
2570,4096,1192,30038,22202
2571,4096,4368,24858,14637
2572,4096,996,28810,22087
2573,4096,4368,24639,14593
2574,4096,1084,32183,24529
2575,4096,384,19147,15812
2576,4096,1404,37925,30794
2577,4096,2976,33633,23626
2578,4096,948,35749,27469
2579,4096,4368,24851,14761
2580,4096,1236,42185,32249
2581,4096,284,17246,13217
2582,4096,4368,24646,14732
2583,4096,4368,25130,14703
2584,4096,4368,24659,14729
2585,4096,3032,37830,27286
2586,4096,632,22359,17774
2587,4096,1612,32211,24354
2588,4096,4368,24652,14665
2589,4096,1432,41983,30017
2590,4096,1892,49877,34182
2591,4096,1032,34903,26140
2592,4096,4368,24708,14676
2593,4096,2540,31160,21576
2594,4096,468,19828,15530
2595,4096,728,23227,17958
2596,4096,1940,33417,25506
2597,4096,4368,24853,14716
2598,4096,1216,33966,24983
2599,4096,932,33379,24818
2600,4096,880,31282,24404
2601,4096,4368,25164,14688
2602,4096,4368,24808,14672
2603,4096,344,18660,15426
2604,4096,4368,24639,14677
2605,4096,1008,32834,25089
2606,4096,1396,34855,25908
2607,4096,1056,34160,26161
2608,4096,364,21997,14888
2609,4096,1796,47616,34982
2610,4096,1004,34606,26595
2611,4096,4368,24724,14628
2612,4096,4368,24531,14585
2613,4096,344,19097,15730
2614,4096,1256,31214,23067
2615,4096,4368,24709,14773
2616,4096,4368,24694,14682
2617,4096,972,33752,25962
2618,4096,4368,24544,14601
2619,4096,804,25258,20285
2620,4096,3408,22873,14664
2621,4096,4368,24721,14770
2622,4096,2516,36328,26656
2623,4096,884,26990,20805
2624,4096,512,21677,17040
2625,4096,496,20878,15538
2626,4096,4368,24736,18625
2627,4096,928,31979,26422
2628,4096,844,30492,22365
2629,4096,1556,38704,28413
2630,4096,4368,24793,14727
2631,4096,584,22674,17316
2632,4096,640,41359,33838
2633,4096,1040,38832,28877
2634,4096,1028,31153,25001
2635,4096,1996,37826,28699
2636,4096,1060,32665,24072
2637,4096,1624,49711,31321
2638,4096,2212,39986,30465
2639,4096,4368,24748,14749
2640,4096,1104,30418,22072
2641,4096,4368,24720,14560
2642,4096,1072,32870,25852
2643,4096,1204,32505,25306
2644,4096,1168,35591,26865
2645,4096,960,35074,26843
2646,4096,4368,24854,14507
2647,4096,596,23201,17782
2648,4096,692,26948,25694
2649,4096,652,13910,10881
2650,4096,4368,15901,9530
2651,4096,824,15431,11796
2652,4096,1144,25084,18738
2653,4096,668,16252,12405
2654,4096,2772,27157,19572
2655,4096,1516,31438,22193
2656,4096,408,14133,10845
2657,4096,304,10914,9285
2658,4096,4368,15926,9403
2659,4096,1320,12487,9688
2660,4096,4372,16126,9605
2661,4096,4368,16052,9563
2662,4096,496,13011,10268
2663,4096,4368,15917,9454
2664,4096,720,18894,14557
2665,4096,4368,15832,9485
2666,4096,4368,15796,9458
2667,4096,4368,15891,9446
2668,4096,4372,15991,9419
2669,4096,4368,15822,9497
2670,4096,4368,15755,9468
2671,4096,4368,16213,9511
2672,4096,4368,16030,9475
2673,4096,4372,15954,9489
2674,4096,4368,15882,9394
2675,4096,4368,15804,9502
2676,4096,4368,15959,9414
2677,4096,1576,12621,9531
2678,4096,4368,15904,9404
2679,4096,4368,16132,10035
2680,4096,4368,15877,9369
2681,4096,4368,15983,9407
2682,4096,4368,15912,9488
2683,4096,4372,16095,9583
2684,4096,4368,16113,9390
2685,4096,4368,15769,9551
2686,4096,4368,15831,9426
2687,4096,4368,16066,9390
2688,4096,4368,15878,9426
2689,4096,4368,15860,9482
2690,4096,4368,15891,9511
2691,4096,4368,22309,13185
2692,4096,4368,22145,13086
2693,4096,4368,22180,13103
2694,4096,4368,22162,13145
2695,4096,4368,22137,13159
2696,4096,4368,22210,13262
2697,4096,4368,22153,13231
2698,4096,4368,22277,13137
2699,4096,4368,22272,13334
2700,4096,4368,22301,13116
2701,4096,4368,22250,13261
2702,4096,4368,22132,13043
2703,4096,4368,26229,13262
2704,4096,4368,22388,13404
2705,4096,4368,22397,13082
2706,4096,4368,22170,13047
2707,4096,4368,22302,13156
2708,4096,4368,22198,13149
2709,4096,4368,22082,13182
2710,4096,4368,22118,13145
2711,4096,4368,22021,13122
2712,4096,4368,22092,13081
2713,4096,4368,22298,13233
2714,4096,4368,22199,13071
2715,4096,4368,22095,13259
2716,4096,4368,22032,13082
2717,4096,4368,22237,13728
2718,4096,4368,22122,13115
2719,4096,4368,27701,16674
2720,4096,4368,27753,16347
2721,4096,4368,27789,16557
2722,4096,4368,27741,16451
2723,4096,4368,27915,16523
2724,4096,1404,47262,33389
2725,4096,4368,27833,16398
2726,4096,4368,27861,16366
2727,4096,4368,27851,16365
2728,4096,4368,27709,16424
2729,4096,4368,27537,16418
2730,4096,4368,27767,16511
2731,4096,4368,27747,16547
2732,4096,4368,27543,16567
2733,4096,4368,27580,16658
2734,4096,4368,27710,16587
2735,4096,4368,27869,16358
2736,4096,4368,27665,16413
2737,4096,4368,27785,20766
2738,4096,4364,28165,16987
2739,4096,4368,27765,16440
2740,4096,4368,27745,16400
2741,4096,4368,27655,16419
2742,4096,4368,27889,16522
2743,4096,4368,27665,16509
2744,4096,4368,31854,16619
2745,4096,4292,31396,18613
2746,4096,4368,27677,16278
2747,4096,4368,27566,16497
2748,4096,4368,27770,16282
2749,4096,4368,27705,16379
2750,4096,4368,27640,16457
2751,4096,4368,27532,16595
2752,4096,4368,27811,16423
2753,4096,4368,27782,16516
2754,4096,4368,27802,16396
2755,4096,4368,27672,16487
2756,4096,4368,27873,16343
2757,4096,4368,27715,16526
2758,4096,4368,27691,16467
2759,4096,4368,27625,16626
2760,4096,4368,27754,16418
2761,4096,4368,27821,16432
2762,4096,4368,27636,16316
2763,4096,4368,27659,16509
2764,4096,4368,27625,16350
2765,4096,852,28370,21786
2766,4096,4368,27645,16505
2767,4096,4368,27757,16412
2768,4096,4368,27669,16402
2769,4096,4368,27757,16551
2770,4096,4368,27585,16371
2771,4096,4368,27780,16387
2772,4096,4368,27661,16379
2773,4096,2320,23493,16481
2774,4096,4368,27668,16455
2775,4096,4368,27679,16632
2776,4096,4368,27795,16415
2777,4096,4368,27521,16521
2778,4096,4368,27773,16338
2779,4096,4368,27612,16592
2780,4096,4368,27700,16315
2781,4096,4368,27747,16635
2782,4096,4368,27635,16488
2783,4096,4368,27593,16527
2784,4096,4368,27729,16366
2785,4096,4368,28160,16696
2786,4096,4368,27479,16535
2787,4096,4368,31919,16559
2788,4096,4372,28255,16889
2789,4096,4368,27727,16418
2790,4096,4368,27856,16619
2791,4096,4368,27619,16365
2792,4096,4368,39092,16375
2793,4096,4176,31642,16653
2794,4096,4368,27696,16519
2795,4096,1348,51338,38729
2796,4096,4368,28000,16517
2797,4096,4368,27777,16477
2798,4096,708,22457,17531
2799,4096,864,34601,31476
2800,4096,856,30664,24766
2801,4096,4368,27963,16438
2802,4096,1560,53372,38031
2803,4096,1296,41810,32183
2804,4096,4368,27791,16575
2805,4096,1256,28515,21392
2806,4096,4368,27853,16445
2807,4096,4368,27775,16506
2808,4096,4368,27860,16380
2809,4096,3408,25784,16413
2810,4096,864,35174,24916
2811,4096,4368,27690,16595
2812,4096,2516,41284,30325
2813,4096,2016,35910,27628
2814,4096,1424,53516,39973
2815,4096,916,31028,24405
2816,4096,2516,38820,28529
2817,4096,884,36876,29882
2818,4096,4368,27814,16475
2819,4096,4368,27854,16424
2820,4096,4368,27601,16571
2821,4096,864,34765,31552
2822,4096,4368,28022,16382
2823,4096,4368,27860,16583
2824,4096,4368,27747,16353
2825,4096,4368,27867,16490
2826,4096,4368,27701,16568
2827,4096,4368,27561,16411
2828,4096,656,28064,22832
2829,4096,4368,27701,16630
2830,4096,4368,27689,16355
2831,4096,4368,27845,16511
2832,4096,4368,31639,16557
2833,4096,4368,27893,16449
2834,4096,928,32465,26286
2835,4096,4368,27840,16503
2836,4096,4368,27785,16387
2837,4096,4368,27594,16659
2838,4096,4368,27762,16360
2839,4096,4368,27741,16662
2840,4096,4368,27697,16257
2841,4096,2124,48606,35988
2842,4096,4368,27651,16456
2843,4096,4368,27656,16364
2844,4096,4368,27869,16459
2845,4096,4368,28029,16451
2846,4096,4372,28022,16715
2847,4096,1108,32656,23463
2848,4096,856,34477,26714
2849,4096,4368,27851,16525
2850,4096,4368,27721,16343
2851,4096,984,30231,24177
2852,4096,4368,27745,16287
2853,4096,4368,27760,16519
2854,4096,4368,27650,16679
2855,4096,2416,32290,22272
2856,4096,728,32251,24016
2857,4096,864,31965,24959
2858,4096,4368,27827,16661
2859,4096,4368,27727,16422
2860,4096,4368,27794,16293
2861,4096,1360,25421,16173
2862,4096,840,31399,25372
2863,4096,1044,34849,26160
2864,4096,4368,27858,16364
2865,4096,4368,31919,16451
2866,4096,4368,27961,16558
2867,4096,4368,27797,16450
2868,4096,648,30167,23884
2869,4096,3344,25760,16359
2870,4096,4368,27645,16424
2871,4096,584,28855,21988
2872,4096,4368,27721,16481
2873,4096,4368,27879,16470
2874,4096,4368,27749,16331
2875,4096,4368,27725,16466
2876,4096,1556,51028,36781
2877,4096,4368,27831,16499
2878,4096,932,33406,25917
2879,4096,4368,27854,16643
2880,4096,4368,27845,16457
2881,4096,4368,27929,16566
2882,4096,4368,27818,16411
2883,4096,852,29995,24085
2884,4096,4368,27962,16583
2885,4096,4368,27825,16639
2886,4096,1412,45583,33813
2887,4096,4368,27658,16541
2888,4096,4368,27645,16431
2889,4096,4368,27675,16593
2890,4096,4368,27761,16302
2891,4096,4368,27618,16553
2892,4096,4368,27666,16407
2893,4096,584,28860,23060
2894,4096,4368,27576,16535
2895,4096,816,34152,26653
2896,4096,4368,27625,16309
2897,4096,4368,27694,16492
2898,4096,4368,27673,16380
2899,4096,1180,39045,29910
2900,4096,4368,27924,16518
2901,4096,4368,27767,16511
2902,4096,4368,27835,16498
2903,4096,4368,27715,16538
2904,4096,4368,27819,16524
2905,4096,4368,27860,16439
2906,4096,4368,27801,16490
2907,4096,1060,39385,29602
2908,4096,4368,27779,16415
2909,4096,4368,27694,16366
2910,4096,4368,27704,16455
2911,4096,4368,27779,16445
2912,4096,4368,27709,16481
2913,4096,4368,27803,16549
2914,4096,4368,27810,16420
2915,4096,868,29421,23876
2916,4096,4368,27719,16451
2917,4096,1272,41843,31341
2918,4096,356,20408,17172
2919,4096,624,24002,18921
2920,4096,4368,27906,16566
2921,4096,4372,28398,16807
2922,4096,952,35126,27107
2923,4096,1488,47964,36285
2924,4096,4368,27625,16670
2925,4096,876,31013,23885
2926,4096,916,31106,24831
2927,4096,4368,27826,16671
2928,4096,4368,27729,16541
2929,4096,4368,27536,16431
2930,4096,4368,27524,16544
2931,4096,4368,27809,16418
2932,4096,4368,27666,16395
2933,4096,4368,27603,16382
2934,4096,892,27450,21142
2935,4096,4368,27601,16496
2936,4096,856,31448,29534
2937,4096,4368,27812,16631
2938,4096,828,45565,40244
2939,4096,4368,27696,16725
2940,4096,4368,27749,16457
2941,4096,4368,27865,16435
2942,4096,4368,28005,16446
