1,4096,34,46097,14942
2,4096,503,11452,5681
3,4096,740,15476,7334
4,4096,103,5784,3448
5,4096,1649,25034,9908
6,4096,870,17180,8184
7,4096,1178,22376,8776
8,4096,1101,19650,8321
9,4096,1216,20992,7138
10,4096,2132,23821,9609
11,4096,2110,32367,11133
12,4096,1820,31992,9023
13,4096,1883,26718,8034
14,4096,2667,41495,8628
15,4096,1331,25291,8092
16,4096,394,10761,5572
17,4096,491,10195,5208
18,4096,740,15225,6936
19,4096,1131,17878,7593
20,4096,1220,18294,5435
21,4096,1606,27868,9293
22,4096,812,15638,6303
23,4096,1181,23333,7947
24,4096,630,12381,4640
25,4096,1137,23379,8981
26,4096,1952,18987,12018
27,4096,2379,30968,7789
28,4096,1522,28037,8041
29,4096,1099,17584,5631
30,4096,919,18961,7301
31,4096,293,8996,5711
32,4096,1626,26769,7797
33,4096,1896,32165,8834
34,4096,84,5312,4274
35,4096,1271,28113,8580
36,4096,1603,29485,8202
37,4096,944,16967,6840
38,4096,811,16883,6357
39,4096,4114,8554,2900
40,4096,4114,7543,2483
41,4096,4112,17875,4711
42,4096,4114,10380,3523
43,4096,4114,10407,3316
44,4096,4114,10151,3281
45,4096,4114,10812,3287
46,4096,4114,9920,3272
47,4096,4114,10764,3299
48,4096,4114,10008,3287
49,4096,4114,10931,3362
50,4096,4114,9883,3287
51,4096,4114,10791,3323
52,4096,4114,10106,3292
53,4096,4114,10819,3277
54,4096,4114,9890,3275
55,4096,4114,10858,3293
56,4096,4114,10027,3274
57,4096,4114,10389,3402
58,4096,4114,10020,3261
59,4096,4114,10829,4020
60,4096,4114,10177,3260
61,4096,4114,10879,3289
62,4096,4114,10113,3281
63,4096,4114,10826,3289
64,4096,4114,10022,3270
65,4096,4114,10858,3289
66,4096,4114,9964,3301
67,4096,4114,11807,3703
68,4096,4114,11075,3718
69,4096,4114,12128,3741
70,4096,4114,11115,3709
71,4096,4114,12157,3724
72,4096,4114,11154,3710
73,4096,2088,13300,5998
74,4096,4114,11114,3765
75,4096,4114,11300,3722
76,4096,4114,11073,3683
77,4096,4114,11352,3683
78,4096,4114,11280,3663
79,4096,3534,60225,12823
80,4096,4114,10846,3747
81,4096,4114,11054,3755
82,4096,674,24417,11543
83,4096,4114,11074,8197
84,4096,4114,10900,3767
85,4096,4114,11049,3741
86,4096,4114,10844,3679
87,4096,4114,10950,3675
88,4096,4114,10851,3684
89,4096,4114,10945,3680
90,4096,4114,10793,3704
91,4096,4114,10958,3693
92,4096,4114,10873,3684
93,4096,4114,11083,3690
94,4096,4114,10857,3673
95,4096,4114,11005,3687
96,4096,2094,12760,7121
97,4096,4114,10911,3669
98,4096,4114,10813,3673
99,4096,4114,11179,3893
100,4096,4114,15154,3729
101,4096,4114,11224,3874
102,4096,4114,10837,3672
103,4096,4114,11087,3714
104,4096,4114,10875,3716
105,4096,4114,11080,3722
106,4096,745,24998,11154
107,4096,4114,11130,3680
108,4096,2088,16595,5101
109,4096,4114,10956,3688
110,4096,4114,10814,3674
111,4096,4114,10880,3683
112,4096,4114,10821,3692
113,4096,4114,10977,3672
114,4096,4114,10784,3673
115,4096,4114,10893,3681
116,4096,4114,10805,3677
117,4096,3172,11221,6351
118,4096,4114,10749,8081
119,4096,4114,10986,3689
120,4096,4114,10770,3679
121,4096,4114,10920,3693
122,4096,4114,10800,3674
123,4096,4114,11011,3685
124,4096,4114,10711,3673
125,4096,4114,11268,3809
126,4096,4114,10810,3683
127,4096,4114,11249,3823
128,4096,3172,10862,6247
129,4096,4114,11196,3829
130,4096,4114,10813,3677
131,4096,4015,21655,5749
132,4096,4114,10877,3682
133,4096,4114,10887,3693
134,4096,4114,10749,3687
135,4096,4114,10965,3716
136,4096,4114,10745,3681
137,4096,4114,10913,3682
138,4096,4114,11066,3677
139,4096,4114,10978,3695
140,4096,4114,10753,3696
141,4096,4114,10880,3707
142,4096,4114,10809,3689
143,4096,4114,10955,3733
144,4096,4114,10824,3705
145,4096,4114,10887,3722
146,4096,4114,10825,3697
147,4096,4114,11254,3857
148,4096,4114,10740,3685
149,4096,4114,11092,3833
150,4096,4114,10763,3673
151,4096,4114,11183,3833
152,4096,4114,10796,3697
153,4096,4114,11005,3719
154,4096,1046,31682,13008
155,4096,4114,10988,3714
156,4096,4114,10745,3687
157,4096,4106,15161,4887
158,4096,4114,10813,3689
159,4096,4114,10947,3683
160,4096,4114,10721,3692
161,4096,4114,10942,3673
162,4096,616,20674,9662
163,4096,4114,10960,3684
164,4096,4114,10742,3683
165,4096,614,23014,9710
166,4096,4114,10886,3720
167,4096,4114,11000,3724
168,4096,4114,10797,3667
169,4096,4114,10839,3709
170,4096,544,17999,8550
171,4096,4114,11173,3856
172,4096,4114,10928,3711
173,4096,4114,10921,3704
174,4096,4114,10821,3701
175,4096,4114,10853,3754
176,4096,4114,10780,3703
177,4096,4114,10973,3735
178,4096,4114,10753,3697
179,4096,4114,10845,3704
180,4096,4114,10922,3678
181,4096,4114,10908,3716
182,4096,4114,10757,3678
183,4096,619,19971,10758
184,4096,4114,10851,3674
185,4096,4114,10960,3693
186,4096,4114,10753,3677
187,4096,4114,10986,3739
188,4096,4114,10790,3720
189,4096,4114,11077,3723
190,4096,4114,10745,3703
191,4096,4114,15108,3681
192,4096,4114,10789,3696
193,4096,4114,11004,3684
194,4096,4114,10826,3676
195,4096,574,20177,8702
196,4096,4114,10825,3692
197,4096,4114,10960,3705
198,4096,4114,10813,3678
199,4096,4114,10902,3717
200,4096,4114,10785,3689
201,4096,4114,11023,3685
202,4096,4114,10781,3668
203,4096,4114,10900,3689
204,4096,4114,10910,3663
205,4096,1124,10137,5933
206,4096,4114,10836,3698
207,4096,4114,10906,3731
208,4096,4114,10738,3672
209,4096,4114,10895,3735
210,4096,4114,11086,3679
211,4096,4114,10931,3684
212,4096,4114,10849,3689
213,4096,4114,10871,3722
214,4096,4114,10749,3689
215,4096,4114,10857,3713
216,4096,4114,10866,3700
217,4096,4114,10902,3699
218,4096,4114,10753,3695
219,4096,4114,10889,3731
220,4096,4114,10753,3674
221,4096,4114,10838,3716
222,4096,4114,10800,3675
223,4096,4114,11158,3840
224,4096,4114,10773,3681
225,4096,3221,57303,11576
226,4096,4114,10720,3685
227,4096,4114,11076,3844
228,4096,4114,10786,3755
229,4096,4114,11024,3707
230,4096,4114,10786,3697
231,4096,4114,10906,3685
232,4096,4114,10729,3669
233,4096,4114,10861,3689
234,4096,4114,10707,3696
235,4096,4114,10805,3692
236,4096,4114,10769,3665
237,4096,3172,11446,6347
238,4096,4114,10817,3752
239,4096,4114,10882,3709
240,4096,4114,10842,3705
241,4096,4114,10852,3713
242,4096,4114,10780,3702
243,4096,4114,10949,3725
244,4096,728,23610,10073
245,4096,4114,10992,3670
246,4096,4114,10725,3665
247,4096,4114,10894,3680
248,4096,4114,10921,3665
249,4096,4114,10973,3703
250,4096,4114,10759,3703
251,4096,594,20079,9181
252,4096,4114,10971,3675
253,4096,4114,10950,3709
254,4096,4114,10744,3705
255,4096,4114,10952,3696
256,4096,4114,10789,3741
257,4096,4114,10837,3677
258,4096,4114,10875,3702
259,4096,4114,10936,3696
260,4096,4114,10788,3678
261,4096,4114,10907,3697
262,4096,4114,10817,3679
263,4096,4114,10873,3718
264,4096,4114,10806,3681
265,4096,549,15508,8344
266,4096,4114,10749,3714
267,4096,4114,10952,3717
268,4096,4114,10725,3708
269,4096,4114,10856,3698
270,4096,4114,10756,3681
271,4096,4114,10833,3681
272,4096,4114,10749,3675
273,4096,4114,10868,3695
274,4096,4114,10716,3677
275,4096,4083,16823,4591
276,4096,4114,10732,3688
277,4096,4114,10960,3692
278,4096,4114,10913,3685
279,4096,4114,10893,3696
280,4096,4114,10779,3665
281,4096,4114,10945,3696
282,4096,4114,10759,3678
283,4096,4114,11132,3860
284,4096,4114,10753,3696
285,4096,4114,11000,3680
286,4096,4114,10769,3668
287,4096,4114,10920,3685
288,4096,4114,10761,3669
289,4096,4114,10859,3689
290,4096,4114,14807,3687
291,4096,4114,10900,3674
292,4096,4114,10700,3685
293,4096,1359,36790,13120
294,4096,4114,15159,3717
295,4096,570,19409,8941
296,4096,4114,17731,3707
297,4096,4114,11642,3732
298,4096,4114,10665,3702
299,4096,859,26925,10766
300,4096,4114,10829,3686
301,4096,4114,10978,3705
302,4096,1120,9258,11168
303,4096,4114,10991,3678
304,4096,4114,10681,3678
305,4096,4114,10847,3683
306,4096,3101,12797,4851
307,4096,4114,10818,3735
308,4096,4114,10700,3698
309,4096,4114,10860,3713
310,4096,4114,10793,3683
311,4096,4114,10953,3690
312,4096,4114,10705,3672
313,4096,4114,10945,3716
314,4096,4114,10681,3673
315,4096,4114,10878,3726
316,4096,4114,10756,3676
317,4096,4114,10870,3701
318,4096,4114,10733,3703
319,4096,4114,11077,3821
320,4096,4114,10734,3678
321,4096,4114,11066,3842
322,4096,4114,10769,3680
323,4096,4114,11180,3822
324,4096,848,25003,10816
325,4096,4114,11222,3873
326,4096,4114,10777,3729
327,4096,4114,10973,3831
328,4096,4114,10740,3667
329,4096,4114,10934,3707
330,4096,4114,10709,3688
331,4096,4114,10791,3711
332,4096,4114,10687,3675
333,4096,4114,10901,3742
334,4096,4114,10693,3707
335,4096,4114,11148,4010
336,4096,4114,10254,3689
337,4096,4114,10950,3718
338,4096,4114,10730,3675
339,4096,4114,11150,3863
340,4096,4114,10938,3676
341,4096,4114,11820,3709
342,4096,4114,10719,3669
343,4096,4114,10838,3720
344,4096,592,19133,9940
345,4096,4114,10974,3785
346,4096,4114,10732,3668
347,4096,4114,10857,3677
348,4096,4114,10749,3705
349,4096,4114,10873,3696
350,4096,4114,10695,3693
351,4096,4114,10922,3672
352,4096,4114,10699,3687
353,4096,4114,10886,3689
354,4096,4114,10717,3693
355,4096,4114,10974,3721
356,4096,4114,10740,3676
357,4096,4114,10910,3677
358,4096,4114,10695,3692
359,4096,4114,11074,3710
360,4096,4114,10744,3701
361,4096,4114,10886,3721
362,4096,4114,10681,3675
363,4096,4114,10846,3700
364,4096,4114,10730,3673
365,4096,4114,10850,3699
366,4096,4114,10796,3683
367,4096,4114,10866,3696
368,4096,560,18707,8740
369,4096,4114,11054,3717
370,4096,4114,10746,3729
371,4096,4114,10869,3741
372,4096,4114,10729,3701
373,4096,4114,10865,3740
374,4096,4114,10782,3709
375,4096,4114,10839,3737
376,4096,4114,10878,3684
377,4096,4114,10846,3709
378,4096,4114,10681,3689
379,4096,4114,10826,3709
380,4096,4114,10704,3687
381,4096,4114,10978,3856
382,4096,4114,10733,2941
383,4096,4114,10924,3740
384,4096,4114,10747,3716
385,4096,4114,11031,3905
386,4096,4114,10659,3668
387,4096,4114,10842,3736
388,4096,4114,10739,3693
389,4096,4114,10823,3694
390,4096,4114,10757,3699
391,4096,4114,10878,3714
392,4096,4114,10649,3685
393,4096,4114,10806,3709
394,4096,4114,10684,3689
395,4096,4114,10805,3729
396,4096,4114,10678,3679
397,4096,4114,10805,3709
398,4096,4114,10829,3687
399,4096,4114,10998,3741
400,4096,4114,10737,3698
401,4096,4114,10885,3737
402,4096,4114,10733,3710
403,4096,4114,10897,3701
404,4096,4114,10797,3684
405,4096,4114,10779,3703
406,4096,4114,10781,3693
407,4096,609,19806,8925
408,4096,4114,10758,3745
409,4096,4114,10777,3721
410,4096,4114,10679,3668
411,4096,4114,10915,3711
412,4096,4114,10706,3689
413,4096,4114,11057,3835
414,4096,4114,10742,3688
415,4096,4114,10958,3711
416,4096,4114,10811,3658
417,4096,4114,10814,3706
418,4096,4114,10718,3685
419,4096,4114,10874,3708
420,4096,4114,10750,3710
421,4096,4114,10906,3724
422,4096,4114,10773,3722
423,4096,4114,10806,3722
424,4096,4114,10831,3687
425,4096,4114,10837,3733
426,4096,4114,10744,3693
427,4096,4114,10898,3737
428,4096,4114,10660,3683
429,4096,4114,10925,3728
430,4096,4114,10718,3700
431,4096,4114,10834,3722
432,4096,4114,10686,3699
433,4096,4114,10806,3723
434,4096,4114,10709,3700
435,4096,4114,10986,3832
436,4096,4114,14918,3700
437,4096,4114,11084,3881
438,4096,4114,10716,3701
439,4096,1128,23502,12107
440,4096,4114,10850,3680
441,4096,4114,10932,3680
442,4096,4114,10689,3683
443,4096,4114,10911,3696
444,4096,4114,10698,3691
445,4096,4008,23076,5515
446,4096,4114,10691,3669
447,4096,4114,10858,3691
448,4096,4114,10721,3685
449,4096,4114,10825,3679
450,4096,4114,10950,3684
451,4096,4114,10821,3720
452,4096,4114,10725,3648
453,4096,4114,11057,3851
454,4096,4114,10696,3681
455,4096,533,19179,8688
456,4096,4114,10793,3680
457,4096,4114,10917,3717
458,4096,4114,10773,3680
459,4096,4114,10834,3674
460,4096,4114,10705,3685
461,4096,4114,10827,3705
462,4096,4114,10664,3687
463,4096,1403,39801,15274
464,4096,4114,10825,3688
465,4096,4114,10898,3715
466,4096,4114,10681,3707
467,4096,4114,10970,3715
468,4096,4114,10676,3688
469,4096,4114,10814,3699
470,4096,4114,10681,3671
471,4096,4114,10980,3698
472,4096,4114,10700,3710
473,4096,753,25050,11302
474,4096,4114,10761,3696
475,4096,4114,14856,3669
476,4096,1303,29952,13769
477,4096,153,9522,7505
478,4096,4114,10697,3705
479,4096,4114,10745,3712
480,4096,4114,10745,3738
481,4096,4114,10866,3693
482,4096,4114,10690,3681
483,4096,4114,10886,3694
484,4096,4114,10612,3677
485,4096,3938,22677,5674
486,4096,4114,10677,3687
487,4096,4114,10772,3698
488,4096,862,25837,11042
489,4096,4114,10814,3744
490,4096,4114,10641,3674
491,4096,4114,10841,3725
492,4096,4114,10649,3696
493,4096,4114,10953,3709
494,4096,4114,10665,3669
495,4096,4114,10830,3729
496,4096,4114,10657,3698
497,4096,4114,10922,3713
498,4096,4114,10653,3666
499,4096,4114,10898,3862
500,4096,4114,10685,3673
501,4096,4114,10866,3705
502,4096,4114,10713,3692
503,4096,4114,10810,3715
504,4096,4114,10629,4009
505,4096,4114,10976,3825
506,4096,4114,10705,3682
507,4096,4114,11031,3886
508,4096,4114,10705,3734
509,4096,4114,10867,3716
510,4096,4114,10704,3677
511,4096,4114,10818,3749
512,4096,4114,10685,3678
513,4096,4114,12182,3722
514,4096,4114,10637,3674
515,4096,4114,10840,3845
516,4096,4114,14932,3695
517,4096,4114,10938,3705
518,4096,4114,10665,3682
519,4096,4114,10877,3712
520,4096,4007,22132,5564
521,4096,3937,23880,5733
522,4096,4114,10690,3664
523,4096,4114,10775,3700
524,4096,574,21085,9454
525,4096,4114,10921,3702
526,4096,4114,10701,3680
527,4096,4114,10877,3699
528,4096,4114,10689,3299
529,4096,4114,10876,3689
530,4096,4114,10689,3681
531,4096,594,21045,9164
532,4096,4114,10771,3677
533,4096,4114,10933,3885
534,4096,4114,10687,3709
535,4096,4114,10882,3702
536,4096,4114,10720,3710
537,4096,4114,10931,3733
538,4096,4114,10781,3703
539,4096,4114,10623,3695
540,4096,758,23430,10969
541,4096,4114,10800,3698
542,4096,4114,10705,3680
543,4096,4114,10898,3685
544,4096,4114,10671,3698
545,4096,4114,10921,3687
546,4096,4114,10701,3709
547,4096,4114,10849,3713
548,4096,4114,10633,3725
549,4096,4114,10790,3721
550,4096,3172,10937,6393
551,4096,4114,10996,3905
552,4096,4114,10822,3705
553,4096,4114,11142,3873
554,4096,4114,10725,3711
555,4096,4114,10846,3741
556,4096,4114,10674,3681
557,4096,4114,10805,3689
558,4096,1120,9062,11186
559,4096,4114,10760,3752
560,4096,4114,10729,3684
561,4096,4114,10843,3690
562,4096,4114,10685,3698
563,4096,4114,10822,3717
564,4096,4114,10664,3709
565,4096,4114,10762,3703
566,4096,4114,10639,3693
567,4096,4114,10821,3695
568,4096,4114,10644,3684
569,4096,4114,10813,3698
570,4096,4023,19249,4928
571,4096,4114,10846,3721
572,4096,4114,10614,3699
573,4096,4114,10806,3710
574,4096,4114,12490,3874
575,4096,4114,10845,3678
576,4096,4114,10705,3677
577,4096,4114,10798,3709
578,4096,4114,10653,3665
579,4096,4114,10910,3701
580,4096,4114,10650,3685
581,4096,4114,10897,3696
582,4096,4114,10743,3667
583,4096,4114,10853,3703
584,4096,4114,10652,3681
585,4096,4114,10817,3683
586,4096,4114,10687,3681
587,4096,4114,10922,3701
588,4096,4114,10729,3678
589,4096,4114,10986,3841
590,4096,4114,10675,3699
591,4096,4114,10846,3695
592,4096,4114,10653,3673
593,4096,4114,10929,3734
594,4096,4114,10672,3696
595,4096,4114,10818,3704
596,4096,4114,10721,3660
597,4096,4114,10876,3884
598,4096,4114,10705,3693
599,4096,4114,11033,3847
600,4096,4114,10657,3713
601,4096,4114,11050,3829
602,4096,4114,10661,3684
603,4096,4114,10973,3881
604,4096,775,22837,10426
605,4096,4114,11099,3869
606,4096,4114,10687,3705
607,4096,4114,15575,3863
608,4096,4114,10733,3736
609,4096,4114,11294,3725
610,4096,4114,10621,3681
611,4096,4114,10851,3671
612,4096,4114,10672,3717
613,4096,4114,10849,3689
614,4096,4114,10697,3669
615,4096,4114,10831,3819
616,4096,4114,10670,3674
617,4096,4114,11218,3881
618,4096,4114,10785,3689
619,4096,4114,10873,3720
620,4096,4114,10670,3705
621,4096,4114,10913,3678
622,4096,4114,10683,3664
623,4096,4114,10856,3720
624,4096,4114,10717,3679
625,4096,4114,10851,3694
626,4096,4114,10641,3673
627,4096,4114,10846,3685
628,4096,4114,10689,3680
629,4096,3172,11190,6376
630,4096,4114,10649,3775
631,4096,3101,12975,4956
632,4096,4114,10685,3730
633,4096,4114,10878,3707
634,4096,4114,10609,3689
635,4096,4114,10900,3705
636,4096,560,19349,9036
637,4096,4114,10891,3687
638,4096,4114,10689,3681
639,4096,4114,10833,3725
640,4096,4114,10665,3681
641,4096,4114,10841,3707
642,4096,4114,10596,3674
643,4096,1124,10151,5653
644,4096,4114,10689,3691
645,4096,4114,10743,3712
646,4096,4114,10741,3675
647,4096,4114,10880,3701
648,4096,4114,10714,3681
649,4096,592,19089,9202
650,4096,4114,10813,3697
651,4096,4114,10729,3741
652,4096,4114,10703,3668
653,4096,4114,10792,3486
654,4096,4114,10631,3685
655,4096,4114,10891,3717
656,4096,4114,10643,3690
657,4096,4114,10805,3729
658,4096,1411,32777,12559
659,4096,4114,10795,3690
660,4096,4114,10716,3719
661,4096,4114,10911,3738
662,4096,4114,10820,3743
663,4096,4114,10868,3680
664,4096,4114,10689,3666
665,4096,4114,10919,3719
666,4096,3172,10742,6395
667,4096,4114,10826,3745
668,4096,4114,10720,3683
669,4096,4114,10870,3692
670,4096,4114,10645,3687
671,4096,4114,10841,3704
672,4096,4114,10609,3674
673,4096,3974,47917,13262
674,4096,4114,15065,3714
675,4096,4114,10808,3676
676,4096,4114,10694,3677
677,4096,4114,10829,3698
678,4096,4114,10700,3684
679,4096,4114,10802,3703
680,4096,4114,10669,3680
681,4096,4114,10862,3701
682,4096,4114,10790,3702
683,4096,4114,15122,3697
684,4096,4114,10681,3732
685,4096,4114,11007,3877
686,4096,4114,10645,3698
687,4096,4114,11046,3880
688,4096,4114,10644,3690
689,4096,4114,10869,3684
690,4096,4114,10793,3670
691,4096,4114,10786,3678
692,4096,4114,10681,3676
693,4096,4114,10859,3677
694,4096,4114,10653,3702
695,4096,4114,10865,3685
696,4096,4114,10671,3709
697,4096,4114,10852,3684
698,4096,4114,10798,3667
699,4096,4114,10803,3693
700,4096,4114,10620,3685
701,4096,4114,10798,3691
702,4096,4114,10658,3698
703,4096,4114,17365,3692
704,4096,4114,10652,3688
705,4096,4114,11034,3842
706,4096,4114,10696,3721
707,4096,4114,11073,3841
708,4096,4114,10738,3699
709,4096,4114,11016,3838
710,4096,4114,10685,3708
711,4096,4114,10886,3680
712,4096,4114,10700,3668
713,4096,4114,10915,3681
714,4096,4114,10650,3681
715,4096,4114,10889,3703
716,4096,4114,10676,3684
717,4096,4114,10801,3685
718,4096,4114,10653,3673
719,4096,4114,10787,3684
720,4096,4114,10660,3684
721,4096,4114,10842,3728
722,4096,607,18983,9406
723,4096,4114,11011,3708
724,4096,4114,10674,3685
725,4096,4114,10861,3702
726,4096,4114,10645,3709
727,4096,4114,10890,3736
728,4096,4114,10683,3709
729,4096,4114,10862,3749
730,4096,4114,10729,3702
731,4096,4114,10886,3754
732,4096,4114,10675,3705
733,4096,4114,10813,3700
734,4096,4114,10683,3688
735,4096,4114,10817,3717
736,4096,4114,10677,3689
737,4096,4114,10770,3705
738,4096,4114,10661,3693
739,4096,4114,11048,3836
740,4096,4114,10705,3684
741,4096,575,17686,8914
742,4096,4114,10700,3721
743,4096,4114,10882,3189
744,4096,4114,10654,3714
745,4096,4114,10844,3701
746,4096,4114,10665,3683
747,4096,589,21377,9761
748,4096,4114,10611,3700
749,4096,4114,10886,3681
750,4096,4114,10713,3696
751,4096,4114,10856,3707
752,4096,4114,10767,3684
753,4096,4114,10918,3707
754,4096,4114,10760,3687
755,4096,4114,10825,3689
756,4096,4114,10667,3680
757,4096,4114,10804,3689
758,4096,1124,9936,5675
759,4096,4114,10871,3695
760,4096,4114,10637,3677
761,4096,4114,10782,3685
762,4096,4114,10704,3683
763,4096,4114,10808,3685
764,4096,4114,10646,3680
765,4096,4114,10751,3704
766,4096,4114,10595,3679
767,4096,4114,10841,3676
768,4096,4114,10675,3669
769,4096,4114,10835,3712
770,4096,4114,10623,3717
771,4096,4114,10836,3685
772,4096,4114,10687,3671
773,4096,4114,11008,3830
774,4096,4114,10709,3669
775,4096,4114,11155,3843
776,4096,4114,10672,3684
777,4096,4114,10874,3683
778,4096,4114,10645,3685
779,4096,4114,10813,3693
780,4096,4114,10750,3689
781,4096,855,26541,10966
782,4096,4114,10779,3680
783,4096,4114,10925,3686
784,4096,4114,10626,3679
785,4096,4114,10779,3683
786,4096,4114,10637,3672
787,4096,4114,10803,3690
788,4096,4114,10723,3695
789,4096,4114,10924,3677
790,4096,4114,10731,3689
791,4096,4114,10855,3678
792,4096,4114,10640,3709
793,4096,4114,10886,3684
794,4096,4114,10749,3711
795,4096,4114,10757,3728
796,4096,4114,10693,3707
797,4096,4114,10852,3719
798,4096,4114,10601,3721
799,4096,4114,10878,3707
800,4096,4114,10619,3701
801,4096,4114,10866,3698
802,4096,4114,10665,3693
803,4096,4114,10834,3681
804,4096,4114,10625,3687
805,4096,865,24007,9654
806,4096,4114,10614,3683
807,4096,4114,10808,3700
808,4096,4114,10682,3689
809,4096,4114,10814,3692
810,4096,4114,10715,3688
811,4096,4114,10820,3713
812,4096,4114,10709,3717
813,4096,4114,10809,3690
814,4096,4114,10613,3684
815,4096,4114,10982,3683
816,4096,4114,10665,3692
817,4096,4114,10844,3681
818,4096,4114,10632,3727
819,4096,4114,10827,3729
820,4096,4114,10667,3692
821,4096,4114,10811,3700
822,4096,4114,10605,3676
823,4096,4114,10817,3720
824,4096,4114,10749,3674
825,4096,776,31559,12942
826,4096,4114,11162,3906
827,4096,4114,10869,3757
828,4096,4114,10651,3684
829,4096,4114,10777,3712
830,4096,4114,10617,3705
831,4096,4114,10828,3722
832,4096,4114,10613,3711
833,4096,4114,10874,3721
834,4096,4114,10640,3718
835,4096,4114,10817,3741
836,4096,4114,10665,3693
837,4096,4114,10873,3729
838,4096,4114,10640,3675
839,4096,4114,10882,3729
840,4096,4114,10605,3681
841,4096,4114,10846,3739
842,4096,4114,10631,3681
843,4096,4114,11031,3829
844,4096,4114,10673,3685
845,4096,4114,11017,3842
846,4096,4114,10653,3692
847,4096,4114,10898,3710
848,4096,4114,10649,3683
849,4096,4114,10795,3720
850,4096,4114,10674,3697
851,4096,4114,10809,3704
852,4096,1544,38439,14185
853,4096,4114,10861,3705
854,4096,4114,10710,3685
855,4096,4114,10825,3685
856,4096,4114,10677,3688
857,4096,4114,10797,3703
858,4096,4114,10615,3684
859,4096,4114,10819,3693
860,4096,4114,10667,3696
861,4096,4114,10794,3705
862,4096,4114,10608,3672
863,4096,4114,15133,3696
864,4096,640,22052,9773
865,4096,4114,10842,3684
866,4096,4114,10654,3676
867,4096,4114,10786,3705
868,4096,4114,10674,3661
869,4096,4114,10793,3689
870,4096,4114,10711,3664
871,4096,4114,10807,3708
872,4096,4114,10634,3696
873,4096,4114,15028,3680
874,4096,4114,10685,3713
875,4096,4114,10851,3720
876,4096,4114,10667,3688
877,4096,4105,13592,4354
878,4096,4114,10638,3753
879,4096,829,25112,10570
880,4096,4114,10853,3679
881,4096,4114,10830,3693
882,4096,4114,10685,3687
883,4096,4114,10866,3708
884,4096,4114,10619,3678
885,4096,4114,10840,3725
886,4096,4114,10649,3680
887,4096,4114,10845,3717
888,4096,4114,10730,3677
889,4096,4114,10878,3699
890,4096,4114,10625,3685
891,4096,4114,10848,3698
892,4096,4114,10659,3692
893,4096,4114,10801,3684
894,4096,4114,10693,3673
895,4096,4114,10866,3711
896,4096,4114,10683,3705
897,4096,4114,10820,3701
898,4096,4114,10609,3714
899,4096,4114,10890,3727
900,4096,4114,10679,3682
901,4096,4114,10813,3697
902,4096,4114,10611,3681
903,4096,4114,11013,3828
904,4096,4114,10671,3712
905,4096,4114,11090,3853
906,4096,4114,10649,3710
907,4096,4114,10990,3841
908,4096,4114,10691,3692
909,4096,4114,10879,3705
910,4096,4114,10643,3685
911,4096,4114,10814,3696
912,4096,4114,10643,3668
913,4096,4114,10913,3673
914,4096,4114,10643,3716
915,4096,4114,10815,2820
916,4096,4114,10766,3695
917,4096,4114,10883,3720
918,4096,4114,10717,3685
919,4096,4114,10869,3708
920,4096,4114,10994,3702
921,4096,4114,10863,3691
922,4096,4114,10641,3665
923,4096,4114,10843,3689
924,4096,4114,10687,3671
925,4096,4114,10813,3685
926,4096,4114,10727,3709
927,4096,4114,10837,3700
928,4096,4114,10771,3739
929,4096,4114,10861,3723
930,4096,4114,10649,3682
931,4096,4114,10853,3728
932,4096,4114,10651,3678
933,4096,4114,10768,3685
934,4096,4114,10649,3681
935,4096,4114,10847,3713
936,4096,4114,10658,3677
937,4096,4114,10816,3692
938,4096,4114,10657,3685
939,4096,4114,11026,3895
940,4096,4114,10681,3671
941,4096,4114,11042,3867
942,4096,4114,10705,3679
943,4096,4114,10900,3689
944,4096,4114,10637,3677
945,4096,4114,10814,3705
946,4096,4114,10685,3702
947,4096,4114,10865,3698
948,4096,4114,10753,3707
949,4096,4114,10873,3714
950,4096,4113,14115,4290
951,4096,4114,10869,3712
952,4096,4114,10632,3667
953,4096,4114,10850,3696
954,4096,4114,10633,3677
955,4096,3960,22800,5728
956,4096,4114,10697,3678
957,4096,4114,10834,3685
958,4096,4114,10617,3683
959,4096,2569,32565,19677
960,4096,4114,10631,3681
961,4096,4114,10810,3696
962,4096,4114,10698,3684
963,4096,4114,10797,3693
964,4096,4114,10610,3677
965,4096,4114,15106,3681
966,4096,4114,10647,3676
967,4096,4114,10936,3693
968,4096,4114,10652,3660
969,4096,4114,10821,3681
970,4096,4114,10658,3677
971,4096,4114,10782,3691
972,4096,4114,10621,3684
973,4096,4114,10792,3681
974,4096,566,19519,8283
975,4096,4114,10863,3680
976,4096,4114,10629,3660
977,4096,4114,10857,3692
978,4096,4114,10617,3683
979,4096,4114,10806,3681
980,4096,4114,10639,3685
981,4096,4114,10797,3688
982,4096,4114,10668,3681
983,4096,4114,10853,3704
984,4096,4114,10687,3670
985,4096,4114,10786,3687
986,4096,823,25467,10857
987,4096,4114,10803,3700
988,4096,4114,10581,3707
989,4096,4114,10857,3677
990,4096,4114,10707,3781
991,4096,4114,10835,3702
992,4096,4114,10678,3679
993,4096,3172,10965,6388
994,4096,4114,10621,3696
995,4096,4114,10873,3692
996,4096,4114,10727,3679
997,4096,4112,17742,4482
998,4096,4114,10766,3781
999,4096,589,19610,8637
1000,4096,4114,10722,3723
1001,4096,4114,10837,3678
1002,4096,4114,10741,3681
1003,4096,4114,10771,3749
1004,4096,4114,10577,3756
1005,4096,4114,10756,3765
1006,4096,4114,10554,3740
1007,4096,4114,10849,3761
1008,4096,4114,10663,3671
1009,4096,4114,10797,3696
1010,4096,4114,10650,3674
1011,4096,4114,10795,3690
1012,4096,4114,10721,3689
1013,4096,4114,10862,3746
1014,4096,4114,10636,3685
1015,4096,4114,11021,3864
1016,4096,4114,10650,3749
1017,4096,4114,10842,3765
1018,4096,4114,10598,3678
1019,4096,4114,10793,3735
1020,4096,1120,8920,11154
1021,4096,4114,10843,3741
1022,4096,4114,10641,3678
1023,4096,4114,10798,3697
1024,4096,4114,10709,3739
1025,4096,674,22028,12550
1026,4096,4114,10765,3676
1027,4096,4114,10844,3690
1028,4096,4114,10625,3681
1029,4096,717,21486,11404
1030,4096,4114,10782,3733
1031,4096,4114,10815,3733
1032,4096,4114,10633,3730
1033,4096,4114,10793,3693
1034,4096,4114,10685,3735
1035,4096,4114,10894,3683
1036,4096,4114,10674,3689
1037,4096,4114,10767,3693
1038,4096,4114,10621,3689
1039,4096,4114,10821,3681
1040,4096,4114,10650,3670
1041,4096,4114,10764,3708
1042,4096,4114,10600,3687
1043,4096,4114,10805,3691
1044,4096,4114,10649,3676
1045,4096,4114,10786,3741
1046,4096,4114,10679,3752
1047,4096,4114,10846,3751
1048,4096,4114,10665,3725
1049,4096,4114,10808,3751
1050,4096,4114,10785,3744
1051,4096,4114,15175,3685
1052,4096,4114,10641,3676
1053,4096,4114,10842,3709
1054,4096,4114,10665,3723
1055,4096,4114,10776,3749
1056,4096,4114,10636,3687
1057,4096,4114,10813,3742
1058,4096,4114,10659,3736
1059,4096,4114,11021,3873
1060,4096,4114,10674,3742
1061,4096,4114,11033,3873
1062,4096,4114,10631,3741
1063,4096,488,17672,10342
1064,4096,1713,36385,16198
1065,4096,4114,10905,3682
1066,4096,4114,10630,3736
1067,4096,4114,10758,3749
1068,4096,4114,10601,3747
1069,4096,4114,10814,3745
1070,4096,4114,10686,3673
1071,4096,4114,10749,3747
1072,4096,4114,10643,3675
1073,4096,4114,10866,3682
1074,4096,4114,10669,3681
1075,4096,4114,10890,3754
1076,4096,4114,10605,3742
1077,4096,4114,10813,3769
1078,4096,4114,10749,3685
1079,4096,4114,10768,3678
1080,4096,4114,10703,3679
1081,4096,4114,11093,3833
1082,4096,4114,10685,3747
1083,4096,4114,11034,3837
1084,4096,4114,10665,3682
1085,4096,4114,10861,3673
1086,4096,4114,10678,3681
1087,4096,4114,10799,3687
1088,4096,4114,10624,3663
1089,4096,4114,10785,3710
1090,4096,4114,10636,3709
1091,4096,4114,10813,3755
1092,4096,4114,10631,3693
1093,4096,4114,10926,3717
1094,4096,4114,10660,3692
1095,4096,4114,10850,3707
1096,4096,4114,10609,3681
1097,4096,4114,10782,3674
1098,4096,4114,10601,3663
1099,4096,4114,10881,3706
1100,4096,4114,10663,3685
1101,4096,4114,11054,3842
1102,4096,4114,10629,3707
1103,4096,4114,10849,3724
1104,4096,4114,10647,3695
1105,4096,4099,14342,4306
1106,4096,4114,10742,3745
1107,4096,4114,10833,3738
1108,4096,4114,10823,3668
1109,4096,4114,10821,3681
1110,4096,854,27681,12104
1111,4096,4114,10910,3763
1112,4096,4114,11032,3749
1113,4096,4114,10816,3753
1114,4096,4114,10663,3693
1115,4096,4114,10798,3754
1116,4096,4114,10623,3693
1117,4096,4114,10849,3699
1118,4096,771,24286,10535
1119,4096,4114,10909,3740
1120,4096,4114,10620,3683
1121,4096,4114,10785,3731
1122,4096,4114,10659,3697
1123,4096,4114,10862,3733
1124,4096,4114,10665,3677
1125,4096,3172,11162,6314
1126,4096,4114,10705,3713
1127,4096,4114,10818,3713
1128,4096,4114,10637,3672
1129,4096,4114,10865,3696
1130,4096,4114,10689,3743
1131,4096,4114,10858,3710
1132,4096,4114,10837,3753
1133,4096,4114,10814,3753
1134,4096,4114,10589,3698
1135,4096,4114,11044,3844
1136,4096,4114,10721,3675
1137,4096,4114,10837,3715
1138,4096,4114,10657,3664
1139,4096,4114,10846,3719
1140,4096,4114,10629,3685
1141,4096,4114,10782,3707
1142,4096,587,19911,9892
1143,4096,4114,10911,3683
1144,4096,4114,10585,3679
1145,4096,4114,10854,3695
1146,4096,4114,10632,3680
1147,4096,4114,10805,3681
1148,4096,4114,10831,3830
1149,4096,4114,10809,3740
1150,4096,4114,10658,3732
1151,4096,4114,10795,3763
1152,4096,4114,10629,3685
1153,4096,4114,10804,3683
1154,4096,4114,10665,3681
1155,4096,4114,10825,3697
1156,4096,4114,10578,3676
1157,4096,4114,10793,3700
1158,4096,4114,10601,3688
1159,4096,4114,10789,3693
1160,4096,4114,10625,3673
1161,4096,4114,10852,3672
1162,4096,4114,10669,3673
1163,4096,4114,10846,3683
1164,4096,160,9913,6790
1165,4096,4114,10833,3694
1166,4096,4114,10588,3743
1167,4096,4114,10796,3741
1168,4096,1120,8921,11093
1169,4096,4114,10889,3757
1170,4096,4114,10678,3688
1171,4096,4114,10841,3738
1172,4096,4114,10687,3674
1173,4096,4114,12119,3691
1174,4096,4114,10740,3676
1175,4096,4114,10779,3660
1176,4096,4114,10631,3681
1177,4096,4114,10843,3693
1178,4096,4114,10621,3676
1179,4096,4114,10791,3712
1180,4096,4114,10633,3672
1181,4096,4114,10806,3690
1182,4096,536,18530,8963
1183,4096,4114,10837,3764
1184,4096,4114,10687,3687
1185,4096,4114,10813,3741
1186,4096,4114,10663,3700
1187,4096,4114,10782,3713
1188,4096,4114,10652,3685
1189,4096,3101,12909,4952
1190,4096,864,26415,11442
1191,4096,4114,10789,3751
1192,4096,4114,10601,3741
1193,4096,4114,10803,3701
1194,4096,4114,10625,3676
1195,4096,4114,10905,3673
1196,4096,4114,10640,3679
1197,4096,4114,10793,3697
1198,4096,4114,10676,3659
1199,4096,4114,10725,3705
1200,4096,4114,10673,3666
1201,4096,4114,10845,3709
1202,4096,4114,10753,3664
1203,4096,4114,10825,3781
1204,4096,4114,10694,3745
1205,4096,4114,11041,3885
1206,4096,579,19850,9141
1207,4096,4114,10990,3713
1208,4096,4114,10629,3683
1209,4096,613,19073,9054
1210,4096,4114,10667,3727
1211,4096,4114,10893,3749
1212,4096,4114,10633,3699
1213,4096,4114,10904,3741
1214,4096,4114,10625,3740
1215,4096,4114,10801,3685
1216,4096,4114,10614,3680
1217,4096,4114,10801,3681
1218,4096,4114,10659,3681
1219,4096,4114,10766,3676
1220,4096,4114,10661,3688
1221,4096,4114,10854,3701
1222,4096,4114,10669,3677
1223,4096,4114,10877,3705
1224,4096,4114,10625,3692
1225,4096,4114,10885,3745
1226,4096,4114,10654,3684
1227,4096,4114,10852,3681
1228,4096,4114,10770,3691
1229,4096,4114,10766,3694
1230,4096,4114,10651,3673
1231,4096,4114,10814,3694
1232,4096,4114,10729,3685
1233,4096,4114,10826,3696
1234,4096,4114,10630,3669
1235,4096,4114,10878,3941
1236,4096,4114,10781,3682
1237,4096,4114,10844,3725
1238,4096,4114,10649,3717
1239,4096,4114,11066,3857
1240,4096,4114,10623,3676
1241,4096,4114,10882,3715
1242,4096,3704,49001,10160
1243,4096,4114,10869,3681
1244,4096,4114,10649,3669
1245,4096,4114,10833,3707
1246,4096,4114,10703,3688
1247,4096,4114,10851,3684
1248,4096,4114,10665,3684
1249,4096,4114,10769,3700
1250,4096,4114,10634,3673
1251,4096,4114,10851,3685
1252,4096,4114,10589,3680
1253,4096,4114,10794,3691
1254,4096,4114,10629,3673
1255,4096,4114,10812,3687
1256,4096,4114,10649,3685
1257,4096,4114,11013,3818
1258,4096,4114,10636,3693
1259,4096,4114,11090,3829
1260,4096,4114,10657,3690
1261,4096,4114,10817,3694
1262,4096,4114,10684,3687
1263,4096,4114,10841,3689
1264,4096,4114,10669,3678
1265,4096,4114,10964,3684
1266,4096,1231,35634,13384
1267,4096,4114,10841,7867
1268,4096,4114,10721,3670
1269,4096,4114,10830,3681
1270,4096,4114,10571,3671
1271,4096,4114,10816,3699
1272,4096,4114,10649,3684
1273,4096,4114,10847,3687
1274,4096,4114,10613,3675
1275,4096,4114,10774,3705
1276,4096,4114,10681,3669
1277,4096,4114,10793,3693
1278,4096,4114,10907,3703
1279,4096,4114,10759,3704
1280,4096,4114,10660,3685
1281,4096,4114,10841,3684
1282,4096,534,22710,7848
1283,4096,4114,10942,3740
1284,4096,4114,10682,3691
1285,4096,4114,10869,3702
1286,4096,4114,10656,3696
1287,4096,4114,10770,3707
1288,4096,4114,10605,3671
1289,4096,4114,10778,3685
1290,4096,4114,10693,3675
1291,4096,4114,10853,3684
1292,4096,4114,10678,3691
1293,4096,711,23341,10552
1294,4096,4114,10657,3689
1295,4096,851,26082,10540
1296,4096,4114,10585,3662
1297,4096,4114,10886,3683
1298,4096,4114,10620,3679
1299,4096,4114,10872,3712
1300,4096,4114,10600,3681
1301,4096,4114,10821,3683
1302,4096,4114,10669,3684
1303,4096,724,23355,9613
1304,4096,1660,45216,14407
1305,4096,4114,10763,3697
1306,4096,4114,10770,3775
1307,4096,4114,10841,3687
1308,4096,4114,10612,3683
1309,4096,4114,10804,3699
1310,4096,4114,10652,3683
1311,4096,4105,14485,4294
1312,4096,4114,10573,3676
1313,4096,4114,10821,3685
1314,4096,790,22071,15188
1315,4096,4114,10733,3723
1316,4096,619,20816,9419
1317,4096,4114,10915,3708
1318,4096,4114,10600,3676
1319,4096,4114,10816,3680
1320,4096,4114,10591,3693
1321,4096,4114,10822,3703
1322,4096,575,20501,8083
1323,4096,4114,10872,3709
1324,4096,4114,10619,3681
1325,4096,4114,10731,3711
1326,4096,4114,10625,3689
1327,4096,4114,10786,3688
1328,4096,4114,10705,3706
1329,4096,1259,35616,12736
1330,4096,4114,10755,3668
1331,4096,4114,10834,3729
1332,4096,4114,10632,3709
1333,4096,4096,16613,4627
1334,4096,1290,29287,13540
1335,4096,4114,10857,3705
1336,4096,4114,10679,3699
1337,4096,4114,10805,3705
1338,4096,4114,10641,3721
1339,4096,4114,10869,3700
1340,4096,4114,10667,3683
1341,4096,1744,45799,13941
1342,4096,1304,36273,12774
1343,4096,904,27503,12052
1344,4096,4114,10679,3736
1345,4096,4114,10883,3717
1346,4096,4114,10665,3693
1347,4096,565,20785,8835
1348,4096,2146,10176,5511
1349,4096,4114,10919,3720
1350,4096,4114,10718,3705
1351,4096,4114,10777,3721
1352,4096,4114,10624,3689
1353,4096,711,24373,10640
1354,4096,4114,10674,3711
1355,4096,4114,10818,3741
1356,4096,4114,10704,3715
1357,4096,788,23904,10384
1358,4096,4114,10660,3745
1359,4096,4114,10853,3754
1360,4096,1612,36260,16060
1361,4096,563,20155,8974
1362,4096,4114,10663,3755
1363,4096,3903,17397,4938
1364,4096,4114,10698,3767
1365,4096,1120,9073,11104
1366,4096,4114,10591,3666
1367,4096,709,22077,9858
1368,4096,560,18764,8446
1369,4096,4114,10848,3705
1370,4096,4114,10629,3665
1371,4096,880,27058,10505
1372,4096,877,25394,10451
1373,4096,4114,10833,3681
1374,4096,4114,10801,3714
1375,4096,4114,10888,3674
1376,4096,1465,40487,12905
1377,4096,4114,10801,3696
1378,4096,3172,11190,6367
1379,4096,4114,10918,3756
1380,4096,846,25179,10192
1381,4096,1341,37495,12621
1382,4096,4114,10621,3733
1383,4096,4114,10707,3688
1384,4096,850,24101,9881
1385,4096,4114,11007,3696
1386,4096,4114,10678,3696
1387,4096,4114,10767,3695
1388,4096,4114,10701,3680
1389,4096,4114,10813,3709
1390,4096,4114,10641,3674
1391,4096,4114,10779,3720
1392,4096,4114,10638,3698
1393,4096,4114,10821,3692
1394,4096,4114,10654,3684
1395,4096,590,19506,8517
1396,4096,824,24764,10353
1397,4096,587,18364,8324
1398,4096,4114,10693,3688
1399,4096,1099,26863,8428
1400,4096,1247,35167,13688
1401,4096,47,6695,6004
1402,4096,156,9625,5582
1403,4096,581,12188,5863
1404,4096,4114,10671,3741
1405,4096,322,13943,7516
1406,4096,1582,43219,13528
1407,4096,606,19761,8652
1408,4096,4114,10747,3734
1409,4096,4114,10814,3707
1410,4096,4114,10721,3681
1411,4096,4114,10834,3693
1412,4096,737,24721,11934
1413,4096,4114,10849,3720
1414,4096,4114,10689,3689
1415,4096,4114,10814,3745
1416,4096,4114,10620,3748
1417,4096,592,17827,8189
1418,4096,4114,10654,3675
1419,4096,4114,10999,3877
1420,4096,549,15553,8123
1421,4096,4114,10847,3745
1422,4096,4114,10627,3681
1423,4096,4114,11010,3856
1424,4096,990,27685,9863
1425,4096,4114,10925,3825
1426,4096,4114,10687,3692
1427,4096,4114,10781,3682
1428,4096,570,20605,10308
1429,4096,1349,36674,10595
1430,4096,4114,10579,3714
1431,4096,3101,13071,5105
1432,4096,4114,10690,3703
1433,4096,4114,10764,3689
1434,4096,610,20685,8094
1435,4096,4114,10864,3702
1436,4096,4114,10616,3700
1437,4096,4114,10933,3733
1438,4096,4114,10645,3677
1439,4096,4114,10809,3697
1440,4096,1631,36405,16164
1441,4096,4114,10922,3727
1442,4096,641,21110,9690
1443,4096,4114,10964,3708
1444,4096,1443,39669,13403
1445,4096,4114,10898,3717
1446,4096,4114,10649,3745
1447,4096,2306,38170,13830
1448,4096,4114,10630,3707
1449,4096,4114,10801,3735
1450,4096,4114,10730,3680
1451,4096,1819,49343,13706
1452,4096,1557,42668,14165
1453,4096,1518,39249,13491
1454,4096,1385,35780,13039
1455,4096,4114,10718,3714
1456,4096,4114,10649,3689
1457,4096,1795,30616,16760
1458,4096,4114,10689,3709
1459,4096,4028,15883,4767
1460,4096,4114,10727,3680
1461,4096,4114,10886,3734
1462,4096,4114,10604,3685
1463,4096,4114,10745,3680
1464,4096,4114,10791,3754
1465,4096,533,23779,9300
1466,4096,835,24855,10458
1467,4096,4114,10844,3752
1468,4096,4114,10607,3723
1469,4096,4114,10825,3747
1470,4096,945,25187,11275
1471,4096,4114,10860,3673
1472,4096,4114,10628,3742
1473,4096,4114,10787,3752
1474,4096,4114,10604,3668
1475,4096,4114,10829,3732
1476,4096,4114,10763,3751
1477,4096,1313,33955,13658
1478,4096,4114,10692,3746
1479,4096,4114,10982,3791
1480,4096,4114,10616,3765
1481,4096,4114,10802,3775
1482,4096,4114,10822,3685
1483,4096,769,24718,12156
1484,4096,4114,10757,3712
1485,4096,4114,10865,3709
1486,4096,4114,10683,3685
1487,4096,4114,10869,3701
1488,4096,4114,10684,3675
1489,4096,4114,10871,3708
1490,4096,4114,10648,3678
1491,4096,4114,10807,3720
1492,4096,4114,10680,3681
1493,4096,4114,10830,3693
1494,4096,4114,10629,3680
1495,4096,4114,10842,3677
1496,4096,4114,10649,3695
1497,4096,4114,10785,3689
1498,4096,4114,10677,3700
1499,4096,4114,11005,3869
1500,4096,640,21492,9585
1501,4096,633,21147,10918
1502,4096,4114,10713,3680
1503,4096,4114,10860,3712
1504,4096,4114,10653,3680
1505,4096,4114,10810,3701
1506,4096,4114,10601,3671
1507,4096,846,26464,11352
1508,4096,1184,35044,13491
1509,4096,759,22474,11715
1510,4096,4114,10823,3698
1511,4096,4114,10857,3715
1512,4096,4114,10658,3676
1513,4096,596,21553,9387
1514,4096,4114,10754,3685
1515,4096,707,23202,10147
1516,4096,833,23564,9709
1517,4096,4114,10857,3773
1518,4096,647,19274,8223
1519,4096,4114,10888,3716
1520,4096,1120,8748,11062
1521,4096,4114,10840,3769
1522,4096,4114,14786,3683
1523,4096,4114,10852,3785
1524,4096,4114,10671,3688
1525,4096,4114,10756,3715
1526,4096,863,24902,10968
1527,4096,1164,34511,14235
1528,4096,4114,10705,3676
1529,4096,4114,10910,3674
1530,4096,4114,10657,3696
1531,4096,1385,39119,12700
1532,4096,4114,10601,3681
1533,4096,1947,43897,11478
1534,4096,4114,10696,3681
1535,4096,4114,10882,3676
1536,4096,4114,10596,3674
1537,4096,4114,10929,3705
1538,4096,4114,10636,3681
1539,4096,4114,10794,3697
1540,4096,4114,10572,3713
1541,4096,4114,10770,3717
1542,4096,1235,29276,10416
1543,4096,4114,10873,3676
1544,4096,4114,10624,3713
1545,4096,4114,10913,3718
1546,4096,4114,10675,3713
1547,4096,4114,10760,3708
1548,4096,4114,10611,3720
1549,4096,4114,10875,3693
1550,4096,4114,10680,3669
1551,4096,4114,10789,3705
1552,4096,589,19750,9282
1553,4096,4114,10867,3703
1554,4096,4114,10793,3706
1555,4096,4114,10935,3688
1556,4096,581,17205,8252
1557,4096,378,15859,7807
1558,4096,1657,44599,13760
1559,4096,575,17930,7915
1560,4096,570,14335,7437
1561,4096,4114,11021,3761
1562,4096,4114,10927,3681
1563,4096,4114,10874,3689
1564,4096,4114,10624,3696
1565,4096,4114,10877,3690
1566,4096,749,27054,9226
1567,4096,4114,10854,3764
1568,4096,4114,10734,3804
1569,4096,4114,10980,3822
1570,4096,589,21220,9574
1571,4096,879,26923,11077
1572,4096,4114,10721,3684
1573,4096,4114,10844,3678
1574,4096,4114,10652,3711
1575,4096,4114,10776,3714
1576,4096,1852,35106,17457
1577,4096,4114,10872,3725
1578,4096,4114,10611,3690
1579,4096,4114,10801,3669
1580,4096,515,17633,7870
1581,4096,4114,10920,3705
1582,4096,4114,10661,3697
1583,4096,4114,10966,3717
1584,4096,4114,10700,3719
1585,4096,4114,10796,3676
1586,4096,661,22078,11106
1587,4096,1713,36908,13130
1588,4096,1207,33759,12089
1589,4096,4114,10732,3712
1590,4096,4114,10633,3709
1591,4096,4114,10779,3724
1592,4096,824,25817,10444
1593,4096,4114,11258,3864
1594,4096,852,21598,8277
1595,4096,4114,10905,3681
1596,4096,4114,10657,3682
1597,4096,4114,10825,3708
1598,4096,1544,44443,12731
1599,4096,4114,10886,3701
1600,4096,4114,10605,3686
1601,4096,1430,38117,11483
1602,4096,1901,39828,11906
1603,4096,4114,10826,3718
1604,4096,4114,10593,3711
1605,4096,4114,10797,3729
1606,4096,4114,10664,3680
1607,4096,4114,10756,3680
1608,4096,4114,10649,3689
1609,4096,4114,10757,3731
1610,4096,4114,10759,3677
1611,4096,2058,29759,19355
1612,4096,4114,10663,3715
1613,4096,4114,10825,3720
1614,4096,4114,10759,3689
1615,4096,4114,10801,3696
1616,4096,4114,10677,3688
1617,4096,4114,10829,3725
1618,4096,4114,10673,3668
1619,4096,1124,9896,5713
1620,4096,4114,10701,3717
1621,4096,4114,11038,3904
1622,4096,4114,10740,3672
1623,4096,4114,10826,3708
1624,4096,4114,10666,3681
1625,4096,4114,10829,3695
1626,4096,4114,10645,3704
1627,4096,4114,10753,3713
1628,4096,4114,10725,3708
1629,4096,618,21437,10265
1630,4096,563,18383,8201
1631,4096,1949,31864,18201
1632,4096,38,6342,5714
1633,4096,1304,29761,13520
1634,4096,4114,10672,3753
1635,4096,845,25685,10962
1636,4096,757,23901,10156
1637,4096,4114,10886,3747
1638,4096,4114,10745,3722
1639,4096,4114,10880,3734
1640,4096,586,18865,8652
1641,4096,4114,10814,3684
1642,4096,4114,10663,3716
1643,4096,4114,10840,3689
1644,4096,4114,10673,3720
1645,4096,4114,10838,3725
1646,4096,4114,10755,3722
1647,4096,580,17118,7678
1648,4096,741,22262,8961
1649,4096,4114,10829,3693
1650,4096,4114,10714,3693
1651,4096,4114,10774,3710
1652,4096,4114,10595,3715
1653,4096,4114,10742,3729
1654,4096,4114,10625,3948
1655,4096,4114,10870,3692
1656,4096,4114,10653,3685
1657,4096,679,21738,10259
1658,4096,4114,10614,3679
1659,4096,4114,10861,3685
1660,4096,4114,10625,3721
1661,4096,4114,10791,3727
1662,4096,4114,10725,3725
1663,4096,1298,32575,11669
1664,4096,4114,10705,3697
1665,4096,4114,10891,3712
1666,4096,4114,10633,3718
1667,4096,4114,10754,3729
1668,4096,4114,10577,3707
1669,4096,4114,10755,3741
1670,4096,4114,10671,3718
1671,4096,1164,34143,14432
1672,4096,1144,31004,9841
1673,4096,921,30713,13007
1674,4096,4114,10725,3701
1675,4096,4114,10912,3701
1676,4096,1900,47616,12975
1677,4096,831,25968,10521
1678,4096,1322,24097,9072
1679,4096,2570,32062,20228
1680,4096,536,18959,8079
1681,4096,4114,10970,3717
1682,4096,1271,37095,11484
1683,4096,4114,10758,3715
1684,4096,4114,10654,3710
1685,4096,4114,10987,3859
1686,4096,93,7720,5838
1687,4096,1335,30471,13347
1688,4096,4114,10713,3727
1689,4096,566,18996,8051
1690,4096,864,25997,11190
1691,4096,4114,10900,3750
1692,4096,575,18363,7868
1693,4096,4114,10864,3719
1694,4096,4114,10732,3697
1695,4096,1746,46001,13567
1696,4096,4114,10655,3747
1697,4096,4114,10925,3741
1698,4096,4114,10612,3727
1699,4096,595,17970,8130
1700,4096,774,24086,10736
1701,4096,1440,38478,12373
1702,4096,1815,46885,14007
1703,4096,4114,10873,3740
1704,4096,606,21318,9608
1705,4096,4056,19486,5048
1706,4096,4114,10665,3705
1707,4096,4114,10834,3725
1708,4096,606,19576,8823
1709,4096,4114,10958,3760
1710,4096,4114,15192,3737
1711,4096,4114,10950,3705
1712,4096,4114,10677,3709
1713,4096,4114,10758,3743
1714,4096,4114,10654,3681
1715,4096,4114,10765,3683
1716,4096,808,25145,10452
1717,4096,4114,10885,3694
1718,4096,4114,10691,3669
1719,4096,4114,10821,3706
1720,4096,4114,10685,3685
1721,4096,4114,10800,3707
1722,4096,4114,10704,3685
1723,4096,681,22000,9945
1724,4096,4114,10707,3670
1725,4096,4114,10984,3673
1726,4096,4114,10673,3674
1727,4096,4114,10837,3681
1728,4096,1120,9120,11153
1729,4096,1959,39239,16091
1730,4096,776,25840,12755
1731,4096,4114,10826,3721
1732,4096,4114,10707,3672
1733,4096,4114,13320,3998
1734,4096,4114,10689,3674
1735,4096,4114,10799,3701
1736,4096,3101,12829,4867
1737,4096,1120,9013,11117
1738,4096,4114,10946,3738
1739,4096,1713,36137,16130
1740,4096,4114,10696,3697
1741,4096,4114,10880,3729
1742,4096,4114,10629,3678
1743,4096,4114,10836,3705
1744,4096,4114,10620,3677
1745,4096,4114,10829,3672
1746,4096,590,19648,8837
1747,4096,1051,30176,11927
1748,4096,2939,39312,10240
1749,4096,4114,10854,3717
1750,4096,4114,10605,3707
1751,4096,4114,10777,3689
1752,4096,556,18886,8107
1753,4096,838,25191,10505
1754,4096,4114,10653,3674
1755,4096,4114,10800,3711
1756,4096,829,19826,10095
1757,4096,4114,11002,3881
1758,4096,60,6644,4764
1759,4096,1423,39922,13857
1760,4096,4114,10675,3729
1761,4096,4114,10792,3710
1762,4096,4114,10654,3684
1763,4096,4114,10793,3721
1764,4096,4114,10701,3673
1765,4096,512,17709,8219
1766,4096,4114,10746,3683
1767,4096,4114,10834,3685
1768,4096,1099,26921,8288
1769,4096,4114,10847,3725
1770,4096,4114,10616,3677
1771,4096,4114,10801,3689
1772,4096,4114,10716,3714
1773,4096,4072,16071,4571
1774,4096,4114,10635,3681
1775,4096,4114,10837,3701
1776,4096,4114,10707,3681
1777,4096,1367,36573,13075
1778,4096,619,19163,10373
1779,4096,4114,10997,3863
1780,4096,4114,10676,3713
1781,4096,4114,10792,3751
1782,4096,4114,10599,3679
1783,4096,4114,10749,3748
1784,4096,997,30788,13110
1785,4096,4114,10767,3714
1786,4096,4114,10624,3667
1787,4096,3172,11162,6410
1788,4096,3172,10813,6387
1789,4096,4114,10942,3709
1790,4096,4114,10697,3716
1791,4096,4114,10861,3717
1792,4096,4114,10651,3663
1793,4096,4114,10760,3701
1794,4096,4114,10625,3695
1795,4096,4114,10795,3685
1796,4096,4114,10629,3702
1797,4096,4114,10810,3726
1798,4096,4114,10687,3718
1799,4096,4114,10876,3765
1800,4096,4114,10624,3671
1801,4096,4113,13269,4240
1802,4096,4114,10729,3756
1803,4096,4114,10817,3701
1804,4096,1124,9774,5697
1805,4096,919,27415,13382
1806,4096,1619,37253,16001
1807,4096,1729,46704,13319
1808,4096,1185,34341,13904
1809,4096,1231,36187,13351
1810,4096,4114,10943,3715
1811,4096,4114,10921,3711
1812,4096,4114,10685,3705
1813,4096,3952,27107,5908
1814,4096,4114,10718,3744
1815,4096,4114,10937,3698
1816,4096,4114,10659,3711
1817,4096,849,26963,11460
1818,4096,4114,10683,3759
1819,4096,3928,25536,6203
1820,4096,1277,35416,14028
1821,4096,4114,10778,3789
1822,4096,643,21763,9732
1823,4096,1120,8865,11066
1824,4096,4114,10674,3734
1825,4096,4114,10890,3701
1826,4096,4114,10679,3696
1827,4096,549,15059,8057
1828,4096,4114,10826,3715
1829,4096,4114,10851,3703
1830,4096,4114,10727,3676
1831,4096,4114,10785,3702
1832,4096,4114,10635,3672
1833,4096,4114,10791,3715
1834,4096,1316,30885,13479
1835,4096,4110,14198,4197
1836,4096,871,26755,11115
1837,4096,2146,10299,5309
1838,4096,4114,10659,3703
1839,4096,4114,10825,3706
1840,4096,4114,10692,3669
1841,4096,4114,11018,3716
1842,4096,4114,10691,3688
1843,4096,4114,10866,3695
1844,4096,606,19923,9297
1845,4096,4114,10830,3755
1846,4096,4114,10698,3685
1847,4096,3172,11203,6355
1848,4096,4114,10638,3669
1849,4096,4114,10857,3714
1850,4096,4114,10679,3677
1851,4096,91,7919,6656
1852,4096,4114,10710,3681
1853,4096,4114,10918,3704
1854,4096,4114,10637,3673
1855,4096,737,24269,11563
1856,4096,4114,10699,3729
1857,4096,4114,10911,3716
1858,4096,4114,10653,3689
1859,4096,4114,10793,3684
1860,4096,4114,10645,3677
1861,4096,4114,10852,3725
1862,4096,4114,10623,3680
1863,4096,4114,10844,3692
1864,4096,1357,35632,12939
1865,4096,4114,10846,3687
1866,4096,2135,47578,14023
1867,4096,4114,10845,3683
1868,4096,4114,10749,3695
1869,4096,769,24744,12356
1870,4096,852,27445,10423
1871,4096,4114,10863,3752
1872,4096,4114,10627,3685
1873,4096,4114,10773,3678
1874,4096,1341,24136,14530
1875,4096,4114,10866,3710
1876,4096,4114,10588,3708
1877,4096,4114,10825,3720
1878,4096,1612,35882,15836
1879,4096,1636,42582,13425
1880,4096,1802,11516,4744
1881,4096,1099,26823,8086
1882,4096,1734,33561,11106
1883,4096,4114,10776,3736
1884,4096,4047,20283,5296
1885,4096,1584,39428,12357
1886,4096,92,11954,5555
1887,4096,731,20066,9667
1888,4096,490,15829,8337
1889,4096,1451,33927,13126
1890,4096,565,19841,8398
1891,4096,1248,30291,12872
1892,4096,4114,10681,3741
1893,4096,4114,15062,3749
1894,4096,4114,10639,3743
1895,4096,3101,13075,4935
1896,4096,4114,10634,3689
1897,4096,3101,12865,4845
1898,4096,1607,41738,14540
1899,4096,4114,10846,3737
1900,4096,4114,10657,3693
1901,4096,819,26110,10432
1902,4096,4114,10627,3680
1903,4096,773,24413,10705
1904,4096,1646,43242,18619
1905,4096,440,17878,9287
1906,4096,4114,10652,3680
1907,4096,4114,10919,3710
1908,4096,4114,10605,3701
1909,4096,4114,11070,4146
1910,4096,1846,37518,16226
1911,4096,1121,26668,11882
1912,4096,1114,29453,9943
1913,4096,4114,10910,3719
1914,4096,679,22445,10067
1915,4096,4114,10664,3721
1916,4096,715,22985,9721
1917,4096,4114,11086,3857
1918,4096,1781,40831,13743
1919,4096,1341,24158,9142
1920,4096,4114,10749,3765
1921,4096,4114,10789,3716
1922,4096,4114,10699,3741
1923,4096,3172,11291,6398
1924,4096,4113,11472,4025
1925,4096,1411,31470,12429
1926,4096,847,26894,10491
1927,4096,4114,10880,3746
1928,4096,1514,28407,11405
1929,4096,4114,10862,3712
1930,4096,4114,10609,3732
1931,4096,4114,10791,3773
1932,4096,4114,10636,3676
1933,4096,4114,10778,3703
1934,4096,4114,10590,3684
1935,4096,4114,10825,3693
1936,4096,4114,10733,3761
1937,4096,594,19311,8993
1938,4096,4114,10723,3718
1939,4096,4114,10842,3724
1940,4096,4114,10721,3709
1941,4096,4114,10814,3718
1942,4096,574,17306,8418
1943,4096,666,19759,8435
1944,4096,2066,32456,9638
1945,4096,1520,31614,11040
1946,4096,647,20617,8705
1947,4096,503,14614,7482
1948,4096,4114,10784,3740
1949,4096,722,21541,10038
1950,4096,4114,10677,3673
1951,4096,4114,10851,3687
1952,4096,1965,48886,13672
1953,4096,4114,11006,3865
1954,4096,45,6699,9167
1955,4096,576,19702,8381
1956,4096,82,7353,4817
1957,4096,2076,49104,13870
1958,4096,873,24306,9850
1959,4096,47,6246,5810
1960,4096,2147,45282,12365
1961,4096,95,7109,5222
1962,4096,2010,47780,13759
1963,4096,4114,11176,3931
1964,4096,324,14387,7874
1965,4096,4114,10853,3782
1966,4096,4114,10682,3695
1967,4096,4114,10789,3748
1968,4096,4114,10710,3716
1969,4096,1946,48431,13191
1970,4096,664,21363,10284
1971,4096,4114,14764,3729
1972,4096,94,7614,6315
1973,4096,1917,29102,10862
1974,4096,1083,29781,13396
1975,4096,4114,10860,3709
1976,4096,4114,10676,3715
1977,4096,4114,10775,3749
1978,4096,4114,10701,3743
1979,4096,4114,10773,3700
1980,4096,4114,10678,3696
1981,4096,4114,10773,3716
1982,4096,1120,8904,11093
1983,4096,4114,10845,3696
1984,4096,4114,10623,3681
1985,4096,1448,35571,14771
1986,4096,4114,10645,3719
1987,4096,4114,10871,3703
1988,4096,4114,10641,3707
1989,4096,152,9394,7233
1990,4096,4114,10611,3736
1991,4096,4114,10845,3692
1992,4096,592,20689,9153
1993,4096,4114,10907,3703
1994,4096,868,26718,10670
1995,4096,1290,28853,17878
1996,4096,666,18223,9350
1997,4096,4114,10927,3727
1998,4096,4114,10601,3714
1999,4096,4114,10815,3748
2000,4096,4114,10590,3675
2001,4096,4114,10919,3708
2002,4096,4114,10631,3697
2003,4096,4114,10645,3689
2004,4096,579,18555,8502
2005,4096,1178,34453,10785
2006,4096,4114,10725,3689
2007,4096,4114,10881,3685
2008,4096,4114,10680,3689
2009,4096,3172,11048,6357
2010,4096,1082,31103,10727
2011,4096,4114,10889,3709
2012,4096,4114,10581,3704
2013,4096,4114,10858,3705
2014,4096,4114,10660,3983
2015,4096,680,18536,8968
2016,4096,4114,10774,3708
2017,4096,4114,10786,3719
2018,4096,4114,10689,3714
2019,4096,4114,10777,3700
2020,4096,4114,10623,3696
2021,4096,4114,10881,3710
2022,4096,4114,10637,3694
2023,4096,4114,10772,3681
2024,4096,1748,45667,11721
2025,4096,724,20899,9533
2026,4096,4114,10605,3696
2027,4096,4114,10866,3717
2028,4096,4114,10605,3701
2029,4096,4114,10775,3700
2030,4096,4114,10726,3708
2031,4096,4114,10826,3683
2032,4096,4114,10562,3686
2033,4096,1301,27881,13075
2034,4096,47,6469,5773
2035,4096,851,26849,10449
2036,4096,4114,10830,3729
2037,4096,1460,30580,14572
2038,4096,4114,10608,3708
2039,4096,646,21587,9522
2040,4096,4114,10780,3725
2041,4096,4114,10987,3718
2042,4096,4111,13543,4157
2043,4096,4114,10787,3717
2044,4096,818,24225,10317
2045,4096,4114,10906,3736
2046,4096,4114,10596,3725
2047,4096,4114,10862,3749
2048,4096,1442,39025,13704
2049,4096,4114,10865,3701
2050,4096,4114,10671,3720
2051,4096,4114,10890,3695
2052,4096,4114,10590,3725
2053,4096,4114,10811,3705
2054,4096,3172,11079,6335
2055,4096,682,22478,10661
2056,4096,4114,10609,3677
2057,4096,4114,10834,3704
2058,4096,4114,10645,3671
2059,4096,1051,31473,12348
2060,4096,1009,23774,11519
2061,4096,4114,10918,3720
2062,4096,4114,10644,3709
2063,4096,4114,10809,3709
2064,4096,1146,33246,11904
2065,4096,4114,11002,3729
2066,4096,740,21427,10764
2067,4096,4114,10918,3716
2068,4096,4114,10722,3713
2069,4096,492,17725,8769
2070,4096,4114,10820,3676
2071,4096,663,21952,9979
2072,4096,4114,10661,3737
2073,4096,4114,10866,3713
2074,4096,740,24359,12016
2075,4096,1538,40757,13753
2076,4096,140,8752,6845
2077,4096,1343,30887,12409
2078,4096,2022,49117,12685
2079,4096,4114,10883,3713
2080,4096,4114,10910,3704
2081,4096,1729,44566,12291
2082,4096,1457,38895,13597
2083,4096,1510,42014,13142
2084,4096,324,13195,7379
2085,4096,1435,36433,11006
2086,4096,4114,10737,3723
2087,4096,1909,37035,13853
2088,4096,1623,45108,14602
2089,4096,4114,10992,3756
2090,4096,593,20456,9830
2091,4096,4114,10701,3709
2092,4096,4114,10622,3792
2093,4096,4114,10774,3729
2094,4096,1515,41869,10452
2095,4096,1560,41868,12389
2096,4096,4114,10777,3767
2097,4096,4114,10862,3736
2098,4096,4114,10871,3730
2099,4096,4114,10854,3700
2100,4096,4114,10756,3671
2101,4096,4114,10801,3682
2102,4096,4114,10637,3691
2103,4096,4114,10789,3681
2104,4096,4114,10662,3677
2105,4096,4114,10780,3689
2106,4096,4114,10588,3713
2107,4096,4114,10805,3827
2108,4096,4114,10607,3693
2109,4096,4114,10783,3673
2110,4096,4114,10661,3678
2111,4096,4102,14142,4320
2112,4096,4101,13958,4181
2113,4096,4114,10845,3691
2114,4096,3172,10867,6371
2115,4096,1120,9081,11134
2116,4096,4114,10710,3696
2117,4096,4114,10837,3723
2118,4096,4114,10657,3701
2119,4096,855,27075,11150
2120,4096,4114,10715,3689
2121,4096,4114,10879,3718
2122,4096,4114,10694,3719
2123,4096,659,21602,10784
2124,4096,674,22320,12045
2125,4096,4114,10839,3661
2126,4096,4114,10635,3702
2127,4096,4114,10773,3706
2128,4096,791,24051,10544
2129,4096,575,20182,8711
2130,4096,717,21942,9647
2131,4096,4114,10839,3741
2132,4096,4114,10615,3736
2133,4096,4114,10789,3753
2134,4096,1852,34641,17906
2135,4096,4114,10814,3712
2136,4096,863,25314,10222
2137,4096,4114,10981,3722
2138,4096,4114,10640,3707
2139,4096,4114,10786,3732
2140,4096,3982,23358,5994
2141,4096,4114,10865,3754
2142,4096,4114,10700,3699
2143,4096,4114,10823,3680
2144,4096,4114,10593,3678
2145,4096,4114,10713,3681
2146,4096,618,19570,9579
2147,4096,4114,10825,3715
2148,4096,4114,10628,3684
2149,4096,4114,10762,3721
2150,4096,4114,10731,3691
2151,4096,4114,10840,3712
2152,4096,4114,10639,3693
2153,4096,1441,35532,13492
2154,4096,4114,10681,3671
2155,4096,4114,10795,3674
2156,4096,4114,10585,3678
2157,4096,4114,10829,3685
2158,4096,4114,10617,3681
2159,4096,4114,10870,3716
2160,4096,4114,10640,3671
2161,4096,1407,35786,11494
2162,4096,47,6591,5883
2163,4096,4114,10799,3690
2164,4096,4114,10612,3697
2165,4096,4114,10798,3697
2166,4096,4114,10638,3668
2167,4096,4114,10849,3693
2168,4096,1124,9983,5610
2169,4096,4114,10864,3693
2170,4096,4114,10643,3678
2171,4096,845,26311,10561
2172,4096,4114,10596,3681
2173,4096,291,11979,7784
2174,4096,1414,38847,14119
2175,4096,4114,10840,3694
2176,4096,383,13095,7166
2177,4096,2058,29585,23323
2178,4096,4114,10665,3685
2179,4096,824,25122,10364
2180,4096,641,20815,8691
2181,4096,4114,10669,3765
2182,4096,4114,10649,3678
2183,4096,4114,10837,3709
2184,4096,4114,10643,3697
2185,4096,4114,10847,3703
2186,4096,4114,10631,3742
2187,4096,4114,10778,3736
2188,4096,4114,10592,3749
2189,4096,4114,11045,3829
2190,4096,4114,10736,3700
2191,4096,4114,10877,3707
2192,4096,332,13821,7610
2193,4096,4114,10765,3668
2194,4096,4114,10725,3680
2195,4096,4114,10887,3851
2196,4096,4114,10630,3683
2197,4096,709,21715,10037
2198,4096,4114,10623,3683
2199,4096,1120,8997,11247
2200,4096,4114,10641,3744
2201,4096,4114,10925,3756
2202,4096,4114,10607,3749
2203,4096,4114,10806,3754
2204,4096,4114,10609,3665
2205,4096,4114,10834,3722
2206,4096,1393,33715,10245
2207,4096,4114,10829,3736
2208,4096,4114,10637,3725
2209,4096,4114,10833,3753
2210,4096,159,9771,6168
2211,4096,1640,38037,13858
2212,4096,4114,10720,3689
2213,4096,4114,10900,3685
2214,4096,4114,10638,3674
2215,4096,4114,10813,3755
2216,4096,4114,10652,3718
2217,4096,4114,10849,3743
2218,4096,1584,40872,13166
2219,4096,614,21156,8691
2220,4096,1460,31089,14538
2221,4096,4114,11037,3749
2222,4096,4114,10744,3737
2223,4096,3979,21306,5493
2224,4096,607,21250,9302
2225,4096,4114,10824,3796
2226,4096,4114,10669,3741
2227,4096,843,25850,10517
2228,4096,4114,10631,3736
2229,4096,4114,10995,3835
2230,4096,1776,34240,13889
2231,4096,4114,10925,3867
2232,4096,4114,10687,3731
2233,4096,1124,10141,5939
2234,4096,4114,10611,3743
2235,4096,3997,20721,5285
2236,4096,769,23950,10858
2237,4096,4114,10890,3733
2238,4096,4114,10608,3700
2239,4096,1734,35049,11390
2240,4096,4114,10665,3765
2241,4096,4114,10805,3687
2242,4096,4114,10640,3677
2243,4096,4114,10831,3687
2244,4096,574,20644,8842
2245,4096,644,22107,9618
2246,4096,4114,10653,3730
2247,4096,4114,10838,3741
2248,4096,4114,10600,3690
2249,4096,4114,10825,3729
2250,4096,4114,10645,3676
2251,4096,1946,38501,13664
2252,4096,78,7438,5362
2253,4096,1415,32324,10253
2254,4096,1634,35529,13989
2255,4096,1322,36145,13101
2256,4096,4114,10636,3764
2257,4096,4114,10798,3739
2258,4096,4114,10641,3734
2259,4096,4114,10910,3760
2260,4096,1247,34954,13965
2261,4096,4114,10805,3747
2262,4096,4114,10619,3732
2263,4096,4114,10770,3760
2264,4096,4114,10623,3744
2265,4096,4114,10776,3727
2266,4096,4114,10585,3752
2267,4096,4114,10786,3762
2268,4096,4114,10597,3674
2269,4096,4005,14083,4540
2270,4096,1947,43687,11575
2271,4096,1164,34489,13957
2272,4096,4114,10625,3791
2273,4096,4114,10851,3698
2274,4096,4114,10648,3694
2275,4096,4114,10775,3709
2276,4096,4114,10697,3664
2277,4096,1365,37779,11353
2278,4096,1495,33109,13131
2279,4096,1879,47285,13524
2280,4096,4114,10669,3740
2281,4096,4114,10889,3673
2282,4096,4114,10693,3689
2283,4096,4114,10863,3705
2284,4096,4114,10631,3733
2285,4096,4114,10787,3745
2286,4096,4114,10673,3737
2287,4096,602,21909,9711
2288,4096,4114,10725,3734
2289,4096,4114,10833,3785
2290,4096,4114,10600,3669
2291,4096,4114,10811,3685
2292,4096,4114,10604,3721
2293,4096,613,20037,8788
2294,4096,338,13845,8259
2295,4096,536,18889,8764
2296,4096,4114,10716,3729
2297,4096,1163,30222,10929
2298,4096,1851,31229,14801
2299,4096,4114,11073,3909
2300,4096,4114,10821,3749
2301,4096,1183,33739,11235
2302,4096,1385,33429,9621
2303,4096,838,25953,10950
2304,4096,4114,10735,3725
2305,4096,4114,10857,3734
2306,4096,4114,10620,3735
2307,4096,4114,10819,3752
2308,4096,4114,10599,3745
2309,4096,4114,10794,3744
2310,4096,784,18154,9931
2311,4096,1795,29127,16996
2312,4096,4114,10637,3677
2313,4096,4114,10877,3685
2314,4096,4114,10559,3736
2315,4096,4114,10770,3729
2316,4096,4114,10595,3732
2317,4096,4114,10800,3837
2318,4096,4114,10689,3737
2319,4096,1430,39301,13528
2320,4096,4114,10663,3665
2321,4096,4114,10909,3685
2322,4096,4114,10657,3698
2323,4096,4114,10862,3699
2324,4096,4114,10705,3668
2325,4096,4114,10827,3697
2326,4096,4114,10652,3739
2327,4096,772,25063,10297
2328,4096,4114,10611,3749
2329,4096,945,21156,11119
2330,4096,4114,10680,3706
2331,4096,4114,10864,3754
2332,4096,4114,10599,3689
2333,4096,4114,10776,3695
2334,4096,4114,10643,3742
2335,4096,4114,11147,3829
2336,4096,4114,10641,3687
2337,4096,4114,10792,3741
2338,4096,4114,10596,3665
2339,4096,4114,10845,3681
2340,4096,4114,10666,3732
2341,4096,549,15342,8062
2342,4096,4114,10650,3735
2343,4096,4114,10866,3762
2344,4096,4114,10634,3696
2345,4096,4114,10817,3676
2346,4096,4114,10626,3679
2347,4096,563,19836,7983
2348,4096,4114,10665,3705
2349,4096,4114,10842,3745
2350,4096,1777,41583,13550
2351,4096,1120,8983,11081
2352,4096,4114,10641,3673
2353,4096,606,20777,9382
2354,4096,4114,10594,3743
2355,4096,4114,11017,3865
2356,4096,1568,42334,13681
2357,4096,4114,10821,3745
2358,4096,4114,10601,3741
2359,4096,4114,10782,3754
2360,4096,4114,10634,3698
2361,4096,418,16946,10138
2362,4096,4114,10694,3693
2363,4096,4114,10845,3719
2364,4096,4114,10670,3726
2365,4096,529,18363,8338
2366,4096,4114,10631,3741
2367,4096,776,25566,13365
2368,4096,4114,10679,3669
2369,4096,1637,41473,14201
2370,4096,859,28040,11198
2371,4096,4114,11034,3865
2372,4096,4114,10652,3753
2373,4096,4114,10846,3750
2374,4096,1184,35133,13099
2375,4096,4114,10794,3761
2376,4096,548,19189,8199
2377,4096,4114,10885,3744
2378,4096,4114,10601,3723
2379,4096,1797,46172,12431
2380,4096,4114,10645,3684
2381,4096,4114,10873,3707
2382,4096,1795,47016,14239
2383,4096,4114,10943,3764
2384,4096,4114,10680,3751
2385,4096,4114,11292,3850
2386,4096,4070,17073,4833
2387,4096,4114,10891,3778
2388,4096,822,25803,11321
2389,4096,1251,32203,11643
2390,4096,185,10573,6275
2391,4096,562,19401,9257
2392,4096,4114,10651,3757
2393,4096,4114,10820,3738
2394,4096,682,21219,10492
2395,4096,4114,10853,3717
2396,4096,643,19797,9426
2397,4096,4114,10833,3731
2398,4096,4114,10624,3685
2399,4096,4114,10822,3709
2400,4096,4114,10621,3665
2401,4096,671,22918,12029
2402,4096,4114,10635,3737
2403,4096,1184,33478,11327
2404,4096,4114,10609,3684
2405,4096,4114,11030,3839
2406,4096,4114,10697,3708
2407,4096,4114,10816,3722
2408,4096,4114,10647,3674
2409,4096,4114,10823,3841
2410,4096,4114,10603,3683
2411,4096,4114,10784,3687
2412,4096,145,9064,6006
2413,4096,4114,10889,3693
2414,4096,4114,10586,3685
2415,4096,4114,10796,3701
2416,4096,4114,10609,3676
2417,4096,749,23142,8934
2418,4096,4114,10641,3689
2419,4096,4114,10847,3701
2420,4096,1893,48674,14125
2421,4096,1075,27196,9042
2422,4096,4114,10581,3677
2423,4096,4028,13911,4337
2424,4096,4114,10646,3685
2425,4096,1568,41076,13607
2426,4096,1448,35220,14795
2427,4096,4114,10814,3751
2428,4096,4114,15360,3700
2429,4096,91,8005,6720
2430,4096,4114,10634,3729
2431,4096,503,14855,7602
2432,4096,4114,10772,3697
2433,4096,846,26788,10937
2434,4096,4114,10709,3684
2435,4096,4114,10872,3734
2436,4096,4114,10705,3740
2437,4096,4114,10785,3721
2438,4096,3172,11039,6446
2439,4096,4114,10855,3709
2440,4096,842,25305,10351
2441,4096,674,22544,12313
2442,4096,662,19590,11138
2443,4096,4114,10959,3878
2444,4096,3172,11110,6403
2445,4096,4060,13884,4305
2446,4096,951,29232,12001
2447,4096,717,21671,11499
2448,4096,709,23770,10793
2449,4096,507,18335,8493
2450,4096,4114,10921,3794
2451,4096,145,9819,6030
2452,4096,4114,10978,3802
2453,4096,1580,43508,14448
2454,4096,4114,10655,3735
2455,4096,4114,11062,3818
2456,4096,1077,27873,11090
2457,4096,1520,32232,11438
2458,4096,562,19229,8945
2459,4096,4114,10866,3749
2460,4096,4114,10656,3676
2461,4096,4114,10861,3705
2462,4096,4114,10699,6198
2463,4096,4114,10848,3710
2464,4096,790,22320,11161
2465,4096,4114,10795,3673
2466,4096,1168,35057,14005
2467,4096,2180,42242,17680
2468,4096,4114,10718,3685
2469,4096,921,28767,12602
2470,4096,4114,10637,3749
2471,4096,4114,10927,3753
2472,4096,4114,10634,3663
2473,4096,292,13051,8006
2474,4096,4114,10659,3676
2475,4096,4114,10831,3688
2476,4096,4114,10598,3689
2477,4096,4114,10789,3694
2478,4096,567,20487,8580
2479,4096,4114,11009,3859
2480,4096,4114,10680,3687
2481,4096,4114,10820,3685
2482,4096,4114,10656,3731
2483,4096,4114,10910,3682
2484,4096,4114,10650,3694
2485,4096,4114,10757,3688
2486,4096,4114,10709,3678
2487,4096,1317,38802,13053
2488,4096,2038,44901,17953
2489,4096,4114,10756,3796
2490,4096,4113,13718,4179
2491,4096,4114,11020,3896
2492,4096,666,17284,9320
2493,4096,4114,10861,3861
2494,4096,4114,10718,3693
2495,4096,4114,15019,3715
2496,4096,4114,10733,3695
2497,4096,4114,10846,3702
2498,4096,4114,10597,3681
2499,4096,4114,10738,3712
2500,4096,4114,10625,3742
2501,4096,4037,20875,5080
2502,4096,4114,10628,3673
2503,4096,4114,10877,3671
2504,4096,3101,13047,4816
2505,4096,581,21338,9827
2506,4096,2306,38485,13612
2507,4096,735,23202,10051
2508,4096,1120,8960,11195
2509,4096,4114,10906,3691
2510,4096,4114,10652,3674
2511,4096,3589,46856,10296
2512,4096,4114,10628,3683
2513,4096,1441,35981,13532
2514,4096,680,18232,9137
2515,4096,4114,11212,3829
2516,4096,4114,10669,3678
2517,4096,4029,13773,4283
2518,4096,4114,10599,3659
2519,4096,4114,10886,3694
2520,4096,4114,10601,3673
2521,4096,4114,10767,3754
2522,4096,4114,10616,3697
2523,4096,4114,10772,3694
2524,4096,4114,10590,3693
2525,4096,1479,38415,12939
2526,4096,1495,33789,13052
2527,4096,836,25906,10829
2528,4096,574,20106,8277
2529,4096,1144,29671,9906
2530,4096,4114,10784,3749
2531,4096,4114,10862,3757
2532,4096,4114,10695,3737
2533,4096,4114,10860,3745
2534,4096,1416,32332,13043
2535,4096,4114,10889,3742
2536,4096,4114,10620,3693
2537,4096,811,25631,10328
2538,4096,1403,37833,14880
2539,4096,1460,31280,14246
2540,4096,140,8312,7006
2541,4096,1660,41610,14700
2542,4096,1558,44922,13056
2543,4096,1489,41906,13978
2544,4096,1895,30130,11241
2545,4096,1597,46816,14289
2546,4096,488,17341,10038
2547,4096,980,18782,10595
2548,4096,473,15588,7962
2549,4096,4114,10689,3785
2550,4096,288,13392,8324
2551,4096,1032,30651,11791
2552,4096,1882,46902,13688
2553,4096,1164,35629,14051
2554,4096,4114,10787,3778
2555,4096,1171,22952,11443
2556,4096,1099,26829,8224
2557,4096,1845,44034,12507
2558,4096,1300,37914,14503
2559,4096,4114,10904,3811
2560,4096,769,23920,12199
2561,4096,759,22127,11527
2562,4096,764,23440,9198
2563,4096,338,13847,8411
2564,4096,666,18521,9357
2565,4096,674,21873,12074
2566,4096,1692,36619,12811
2567,4096,741,22194,9095
2568,4096,4114,10749,3776
2569,4096,182,9959,6109
2570,4096,999,26390,9404
2571,4096,4114,10913,3941
2572,4096,1289,28431,13139
2573,4096,4114,10796,3721
2574,4096,1061,30575,12818
2575,4096,183,9987,5684
2576,4096,1278,39238,12890
2577,4096,1636,38579,11702
2578,4096,1248,30798,12710
2579,4096,4114,10804,3789
2580,4096,1364,36633,13794
2581,4096,47,6882,5892
2582,4096,4114,10707,3761
2583,4096,4114,10836,3738
2584,4096,4114,10654,3745
2585,4096,2194,47471,12684
2586,4096,771,18992,9368
2587,4096,1203,31029,11936
2588,4096,4114,10695,3743
2589,4096,1357,36933,12842
2590,4096,1936,48045,13559
2591,4096,1448,35612,14736
2592,4096,4114,10709,3751
2593,4096,1046,31057,10553
2594,4096,196,10477,5648
2595,4096,945,22156,11101
2596,4096,1734,34173,11046
2597,4096,4114,11019,3887
2598,4096,1631,41230,15678
2599,4096,1012,28498,13457
2600,4096,713,23876,10124
2601,4096,4114,10742,3753
2602,4096,4114,10639,3725
2603,4096,145,9274,6021
2604,4096,4114,10813,3745
2605,4096,1273,32210,13131
2606,4096,2002,39405,12068
2607,4096,947,29226,10962
2608,4096,140,9132,6862
2609,4096,1817,47303,14342
2610,4096,1375,33615,14089
2611,4096,4114,11048,3906
2612,4096,4114,10699,3744
2613,4096,160,9851,6374
2614,4096,1458,32592,16774
2615,4096,4114,9790,3425
2616,4096,4114,9446,3331
2617,4096,1278,33438,11907
2618,4096,4114,9597,3321
2619,4096,589,17581,7886
2620,4096,3172,9674,5705
2621,4096,4114,9621,3288
2622,4096,1947,38234,10131
2623,4096,1395,27705,9828
2624,4096,473,12402,7198
2625,4096,491,12928,7199
2626,4096,4114,9587,3315
2627,4096,708,21889,10000
2628,4096,870,21818,10400
2629,4096,1989,35390,14322
2630,4096,4114,9476,3315
2631,4096,336,11336,6483
2632,4096,671,18871,10455
2633,4096,1031,27290,9088
2634,4096,1077,25551,9603
2635,4096,2133,38170,12263
2636,4096,1006,24903,11540
2637,4096,1273,30418,9976
2638,4096,1623,33972,9429
2639,4096,4114,9797,3337
2640,4096,1186,26181,8985
2641,4096,4114,9664,3342
2642,4096,1441,32345,12000
2643,4096,1058,25452,8888
2644,4096,1120,26955,10838
2645,4096,761,22287,9990
2646,4096,4114,9583,3308
2647,4096,666,16752,8426
2648,4096,674,19210,10500
2649,4096,829,21492,8846
2650,4096,4114,9569,3333
2651,4096,398,14340,8847
2652,4096,1323,31582,12011
2653,4096,741,19145,8146
2654,4096,1770,37861,11267
2655,4096,1601,37937,11767
2656,4096,284,11100,7057
2657,4096,70,6158,4650
2658,4096,4114,9502,3315
2659,4096,1092,11409,5333
2660,4096,4114,9642,3278
2661,4096,4114,9589,3319
2662,4096,491,12857,6889
2663,4096,3953,22531,5119
2664,4096,769,21380,10624
2665,4096,4114,9831,3544
2666,4096,4114,9750,3291
2667,4096,4114,9689,3276
2668,4096,4114,9447,3270
2669,4096,4114,9708,3281
2670,4096,4114,9477,3276
2671,4096,4114,9561,3287
2672,4096,4114,9440,3272
2673,4096,4114,9636,3302
2674,4096,4114,9441,3299
2675,4096,4114,9602,3296
2676,4096,4114,9459,3295
2677,4096,1351,11748,4984
2678,4096,4114,9395,3381
2679,4096,4114,10770,3749
2680,4096,4114,10650,3708
2681,4096,4114,10753,3700
2682,4096,4114,10621,3668
2683,4096,4114,10821,3723
2684,4096,4114,10568,3693
2685,4096,4114,10772,3717
2686,4096,4114,10655,3674
2687,4096,4114,10774,3666
2688,4096,4114,10729,3708
2689,4096,4114,10817,3716
2690,4096,4114,10563,3697
2691,4096,4114,10763,3725
2692,4096,4114,10685,3671
2693,4096,4114,10757,3720
2694,4096,4114,10605,3673
2695,4096,4114,10737,3683
2696,4096,4114,10609,3668
2697,4096,4114,10797,3684
2698,4096,4114,10621,3671
2699,4096,4114,10807,3685
2700,4096,4114,10653,3681
2701,4096,4114,10801,3677
2702,4096,4114,10669,3689
2703,4096,4114,10856,3672
2704,4096,4114,10614,3685
2705,4096,4114,11021,3885
2706,4096,4114,10625,3667
2707,4096,4114,10990,3824
2708,4096,4114,10591,3682
2709,4096,4114,11010,3884
2710,4096,4114,10631,3692
2711,4096,4114,10774,3740
2712,4096,4114,10672,3673
2713,4096,4114,10741,3716
2714,4096,4114,10598,3687
2715,4096,4114,10718,3692
2716,4096,4114,10601,3689
2717,4096,4114,10811,3689
2718,4096,4114,10592,3671
2719,4096,4114,10740,3697
2720,4096,4114,10616,3681
2721,4096,4114,11071,3871
2722,4096,4114,10606,3694
2723,4096,4114,10966,3870
2724,4096,1679,40599,11362
2725,4096,4114,11108,4000
2726,4096,4114,10717,3664
2727,4096,4114,10993,3869
2728,4096,4114,10665,3705
2729,4096,4114,10842,3695
2730,4096,4114,10695,3680
2731,4096,4114,10822,3701
2732,4096,4114,10609,3691
2733,4096,4114,15193,3694
2734,4096,4114,10606,3776
2735,4096,4114,10773,3681
2736,4096,4114,10647,3689
2737,4096,4114,10747,3704
2738,4096,3459,58373,10411
2739,4096,4114,10770,3722
2740,4096,4114,10673,3677
2741,4096,4114,10886,3705
2742,4096,4114,10665,3665
2743,4096,4114,11094,3842
2744,4096,4114,10638,3687
2745,4096,4099,19399,5615
2746,4096,4114,10666,3678
2747,4096,4114,11006,3841
2748,4096,4114,10633,3693
2749,4096,4114,10974,3853
2750,4096,4114,10685,3692
2751,4096,4114,11323,3705
2752,4096,4114,10637,3681
2753,4096,4114,10785,3700
2754,4096,4114,10592,3676
2755,4096,4114,10724,3685
2756,4096,4114,10619,3676
2757,4096,4114,10818,3667
2758,4096,4114,10632,3673
2759,4096,4114,10709,3696
2760,4096,4114,10607,3664
2761,4096,4114,10714,3687
2762,4096,4114,10610,3660
2763,4096,4114,10733,3704
2764,4096,4114,10598,3669
2765,4096,1128,22825,12227
2766,4096,4114,10683,3672
2767,4096,4114,10740,3693
2768,4096,4114,10647,3669
2769,4096,4114,10737,3680
2770,4096,4114,10605,3681
2771,4096,4114,10774,3689
2772,4096,4114,10609,3680
2773,4096,2088,12305,5149
2774,4096,4114,10817,3684
2775,4096,4114,10720,3701
2776,4096,4114,10725,3665
2777,4096,4114,10761,3697
2778,4096,4114,10636,3685
2779,4096,4114,10817,3696
2780,4096,4114,10625,3679
2781,4096,4114,10747,3691
2782,4096,4114,10625,3683
2783,4096,4114,10954,3837
2784,4096,4114,10664,3672
2785,4096,4114,10994,3823
2786,4096,4114,10665,3673
2787,4096,4114,10954,3834
2788,4096,4114,10604,3676
2789,4096,4114,10753,3682
2790,4096,4114,10737,3689
2791,4096,4114,10744,3709
2792,4096,4114,10605,3694
2793,4096,3927,13800,4498
2794,4096,4114,10611,3696
2795,4096,1454,39325,13252
2796,4096,4114,10649,3705
2797,4096,4114,10827,3744
2798,4096,549,14956,8012
2799,4096,615,21294,10534
2800,4096,569,19798,8287
2801,4096,4114,10833,3694
2802,4096,1908,41585,16513
2803,4096,1367,37500,12535
2804,4096,4114,10645,3735
2805,4096,680,19558,9200
2806,4096,4114,10620,3721
2807,4096,4114,10850,3677
2808,4096,4114,10657,3667
2809,4096,3172,11033,6376
2810,4096,615,19294,8762
2811,4096,4114,10838,3762
2812,4096,1947,43633,11448
2813,4096,1995,40014,11661
2814,4096,1583,43105,11744
2815,4096,563,20213,8743
2816,4096,1947,39031,10462
2817,4096,901,26251,10821
2818,4096,4114,10758,3757
2819,4096,4114,10794,3778
2820,4096,4114,10717,3694
2821,4096,647,20681,10012
2822,4096,4114,10699,3757
2823,4096,4114,10874,3724
2824,4096,4114,10621,3687
2825,4096,4114,10914,3710
2826,4096,4114,10725,3676
2827,4096,4114,10754,3684
2828,4096,717,20665,11247
2829,4096,4114,10840,3705
2830,4096,4114,10650,3687
2831,4096,4114,10789,3690
2832,4096,4114,10624,3708
2833,4096,4114,10769,3701
2834,4096,716,22212,10571
2835,4096,4114,10783,3709
2836,4096,4114,10685,3716
2837,4096,4114,10807,3742
2838,4096,4114,10603,3721
2839,4096,4114,10725,3733
2840,4096,4114,10601,3701
2841,4096,1626,41713,12630
2842,4096,4114,10780,3714
2843,4096,4114,10791,3707
2844,4096,4114,10644,3692
2845,4096,4114,10724,3716
2846,4096,4114,10716,3890
2847,4096,1177,28431,10585
2848,4096,673,20789,10415
2849,4096,4114,10862,3702
2850,4096,4114,10621,3711
2851,4096,1099,27149,8504
2852,4096,4114,10632,3701
2853,4096,4114,10813,3705
2854,4096,4114,10875,3670
2855,4096,1602,35332,9583
2856,4096,738,22648,11471
2857,4096,586,19958,8817
2858,4096,4114,10709,3764
2859,4096,4114,10999,3708
2860,4096,4114,10661,3776
2861,4096,1120,8999,11139
2862,4096,628,19514,9839
2863,4096,1123,29228,12463
2864,4096,4114,10679,3750
2865,4096,4114,10886,3706
2866,4096,4114,10624,3753
2867,4096,4114,10740,3680
2868,4096,492,18071,8868
2869,4096,3101,13006,4956
2870,4096,4114,10797,3691
2871,4096,633,20784,10987
2872,4096,4114,10725,3679
2873,4096,4114,10923,3705
2874,4096,4114,10665,3666
2875,4096,4114,10794,3680
2876,4096,1371,37081,13250
2877,4096,4114,10813,3676
2878,4096,766,24974,10254
2879,4096,4114,10809,3675
2880,4096,4114,10649,3679
2881,4096,4114,10769,3692
2882,4096,4114,10717,3765
2883,4096,707,22525,9631
2884,4096,4114,10665,3658
2885,4096,4114,10813,3689
2886,4096,1524,36887,13825
2887,4096,4114,10771,3735
2888,4096,4114,10653,3672
2889,4096,4114,10780,3737
2890,4096,4114,10611,3687
2891,4096,4114,10928,3741
2892,4096,4114,10689,3669
2893,4096,633,19414,9442
2894,4096,4114,10756,3705
2895,4096,1049,31365,17000
2896,4096,4114,10645,3707
2897,4096,4114,10754,3725
2898,4096,4114,10625,3681
2899,4096,964,29275,11202
2900,4096,4114,10624,3938
2901,4096,4114,10881,3707
2902,4096,4114,10645,3680
2903,4096,4114,10774,3716
2904,4096,4114,10610,3665
2905,4096,4114,10976,3713
2906,4096,4114,10638,3669
2907,4096,830,26582,11360
2908,4096,4114,10661,3686
2909,4096,4114,10839,3691
2910,4096,4114,10722,3676
2911,4096,4114,10741,3687
2912,4096,4114,10614,3739
2913,4096,4114,10739,3673
2914,4096,4114,10701,3680
2915,4096,581,21129,9671
2916,4096,4114,10621,3662
2917,4096,1325,35667,13046
2918,4096,199,8373,7364
2919,4096,784,18347,9595
2920,4096,4114,10678,3690
2921,4096,4114,10812,3673
2922,4096,762,24131,10827
2923,4096,1467,40602,12161
2924,4096,4114,10657,3682
2925,4096,525,18186,8371
2926,4096,787,24518,10347
2927,4096,4114,10789,3744
2928,4096,4114,10597,3669
2929,4096,4114,10915,3671
2930,4096,4114,10638,3689
2931,4096,4114,10769,3679
2932,4096,4114,10650,3682
2933,4096,4114,10763,3687
2934,4096,534,16057,7786
2935,4096,4114,10846,3701
2936,4096,673,20809,9758
2937,4096,4114,15050,3735
2938,4096,1064,24305,10601
2939,4096,4114,10849,3681
2940,4096,4114,10612,3699
2941,4096,4114,10799,3689
2942,4096,4114,10660,3660
