1,4096,24,278098,41457
2,4096,261,93944,44621
3,4096,508,70854,25828
4,4096,88,20560,9789
5,4096,950,101198,36365
6,4096,568,78399,27995
7,4096,933,93902,33146
8,4096,838,92411,28683
9,4096,785,81708,40876
10,4096,793,96537,35876
11,4096,1267,115688,51255
12,4096,1286,113544,51116
13,4096,1326,108671,47131
14,4096,1788,174302,73791
15,4096,1053,126342,44754
16,4096,343,59640,21594
17,4096,299,53761,30507
18,4096,508,68538,24113
19,4096,701,79386,31774
20,4096,941,75813,32436
21,4096,1147,116376,49268
22,4096,557,69498,24287
23,4096,889,102949,49224
24,4096,513,97156,32597
25,4096,761,138100,70072
26,4096,422,90532,48292
27,4096,1689,110860,42933
28,4096,1186,98178,41423
29,4096,754,72468,34476
30,4096,758,78653,37768
31,4096,227,45838,22491
32,4096,1252,98976,42522
33,4096,1356,111955,50010
34,4096,73,30098,9390
35,4096,723,88303,40271
36,4096,1247,100932,43451
37,4096,740,71377,33560
38,4096,608,70271,25159
39,4096,4106,58956,4928
40,4096,4106,57940,4731
41,4096,4106,66981,4583
42,4096,3936,70135,28708
43,4096,4106,66990,4755
44,4096,4106,56503,4606
45,4096,4106,56914,4589
46,4096,4106,56619,4577
47,4096,4106,57944,5066
48,4096,4106,56372,4575
49,4096,4106,59366,5365
50,4096,4106,55863,4594
51,4096,4106,58267,5063
52,4096,4106,59994,4611
53,4096,4106,56454,4654
54,4096,4106,56299,4581
55,4096,4106,57634,5140
56,4096,4106,55677,4618
57,4096,4106,61215,5125
58,4096,4106,56019,4587
59,4096,4106,30568,2704
60,4096,4106,29875,2451
61,4096,4106,30641,2734
62,4096,4106,29679,2472
63,4096,4106,29973,2499
64,4096,4106,29749,2463
65,4096,4106,30841,2715
66,4096,4106,29376,2460
67,4096,4106,29770,2517
68,4096,4106,29266,2473
69,4096,4106,29824,2502
70,4096,4106,29814,2455
71,4096,4106,30575,2702
72,4096,4106,30255,2451
73,4096,1984,30293,12612
74,4096,4106,29749,2439
75,4096,4106,29933,2466
76,4096,4106,29803,2442
77,4096,4106,29439,2484
78,4096,4106,29808,2437
79,4096,2195,58789,22733
80,4096,4106,29978,2446
81,4096,4106,29728,2475
82,4096,452,35470,12519
83,4096,4106,30429,2468
84,4096,4106,29861,2441
85,4096,4106,29887,2464
86,4096,4106,32227,2471
87,4096,4106,30070,2486
88,4096,4106,29899,2443
89,4096,4106,29997,2467
90,4096,4106,29843,2444
91,4096,4106,40649,3374
92,4096,4106,40904,3320
93,4096,4106,40558,3400
94,4096,4106,40561,3315
95,4096,4106,42428,3763
96,4096,2000,41089,17115
97,4096,4106,41185,3420
98,4096,4106,40839,3339
99,4096,4106,41113,3467
100,4096,4106,40855,3307
101,4096,4106,40933,4813
102,4096,4106,40840,3345
103,4096,4106,40819,3402
104,4096,4106,40384,3328
105,4096,4106,44172,3414
106,4096,545,50411,26426
107,4096,4106,41029,3412
108,4096,2005,39992,16405
109,4096,4106,41134,3395
110,4096,4106,40921,3331
111,4096,4106,40956,3416
112,4096,4106,40026,3328
113,4096,4106,40781,3386
114,4096,4106,40156,3348
115,4096,4106,40473,3406
116,4096,4106,40419,3346
117,4096,3012,42430,18329
118,4096,4106,40781,3336
119,4096,4036,40817,19338
120,4096,4106,40412,3331
121,4096,4106,41342,3414
122,4096,4106,41153,3361
123,4096,4106,56334,4689
124,4096,4106,55896,4563
125,4096,4106,57647,5249
126,4096,4106,55717,4572
127,4096,4106,56023,4629
128,4096,2992,58076,24720
129,4096,4106,56698,4717
130,4096,4106,56166,4586
131,4096,3886,73092,29449
132,4096,4106,55947,4589
133,4096,4106,56838,4676
134,4096,4106,55846,4567
135,4096,4106,56431,4707
136,4096,4106,55792,4592
137,4096,4106,70906,5168
138,4096,4106,56298,4579
139,4096,4106,57627,5076
140,4096,4106,55635,4579
141,4096,4106,56383,4611
142,4096,4106,55414,4543
143,4096,4106,56242,4606
144,4096,4106,55475,4584
145,4096,4106,56132,4664
146,4096,4106,55795,4620
147,4096,4106,56299,4612
148,4096,4106,55153,4572
149,4096,4106,55903,4599
150,4096,4106,55570,4575
151,4096,4106,57831,5142
152,4096,4106,55873,4569
153,4096,4106,56487,5050
154,4096,784,82774,45988
155,4096,4106,58148,5140
156,4096,4106,56436,4550
157,4096,4106,65858,4621
158,4096,3866,56553,27842
159,4096,4106,56381,4680
160,4096,4106,55698,4581
161,4096,4106,56204,4662
162,4096,465,64528,35294
163,4096,4106,56884,4618
164,4096,3970,56111,26533
165,4096,409,63542,22409
166,4096,4106,56448,4655
167,4096,4106,56744,4698
168,4096,4106,57877,4963
169,4096,4106,56516,4625
170,4096,395,61951,21320
171,4096,4106,56366,4644
172,4096,3806,54663,27288
173,4096,4106,56145,4702
174,4096,4106,55434,4531
175,4096,4106,56175,4658
176,4096,4106,55927,4595
177,4096,4106,56513,4610
178,4096,4106,55921,4602
179,4096,4106,55829,4677
180,4096,4106,55745,4543
181,4096,4106,55909,4618
182,4096,4106,55562,4581
183,4096,364,68538,22761
184,4096,4106,56148,4618
185,4096,4106,56253,4623
186,4096,3854,56683,27096
187,4096,4106,56187,4692
188,4096,4106,56384,4574
189,4096,4106,56224,4627
190,4096,4106,56190,4546
191,4096,3852,57010,26501
192,4096,4106,55972,4589
193,4096,4106,57386,9731
194,4096,4038,56336,26858
195,4096,405,60546,21944
196,4096,4106,56704,4598
197,4096,4106,57611,5073
198,4096,4106,55525,4815
199,4096,4106,57920,5063
200,4096,4106,55780,4563
201,4096,3911,57675,26614
202,4096,4106,55966,4575
203,4096,4106,55995,4616
204,4096,4106,55654,4604
205,4096,1092,50398,21587
206,4096,4106,56312,4563
207,4096,4106,56006,4617
208,4096,4106,55655,4574
209,4096,4106,56203,4589
210,4096,4106,56027,4555
211,4096,4106,55782,4609
212,4096,4106,55551,4591
213,4096,4106,56228,4636
214,4096,4106,55634,4596
215,4096,4106,56164,4691
216,4096,4106,55742,4547
217,4096,4106,57820,5180
218,4096,4106,55456,4562
219,4096,4106,55731,4617
220,4096,4106,55815,4585
221,4096,4106,55677,4603
222,4096,4106,55217,4536
223,4096,4106,56097,4646
224,4096,4106,55462,4552
225,4096,2705,110084,42909
226,4096,4106,56320,4661
227,4096,4106,55842,4646
228,4096,4106,55557,4595
229,4096,4106,56306,4618
230,4096,4106,56287,4596
231,4096,4106,57786,5086
232,4096,4106,56067,4587
233,4096,4106,56002,4616
234,4096,4106,54889,4541
235,4096,4106,56336,4599
236,4096,4106,56378,4545
237,4096,2991,59864,25193
238,4096,4106,55470,4555
239,4096,4106,56348,4619
240,4096,4106,55945,4620
241,4096,4032,55880,26967
242,4096,4106,56548,4583
243,4096,4106,56016,4665
244,4096,554,70631,36455
245,4096,4106,56152,4639
246,4096,4106,55257,4551
247,4096,4106,56292,4639
248,4096,4106,55735,4585
249,4096,4106,55925,4611
250,4096,4106,60376,4596
251,4096,440,62623,22887
252,4096,4106,56448,4581
253,4096,4106,56170,4610
254,4096,4106,59308,4651
255,4096,4106,56068,4629
256,4096,4106,55818,4571
257,4096,4106,54780,4639
258,4096,4106,55326,4547
259,4096,4106,55967,4607
260,4096,4106,55577,4579
261,4096,4106,55589,4642
262,4096,4106,55997,4572
263,4096,4106,55986,4666
264,4096,4106,60189,4651
265,4096,381,57798,19271
266,4096,4106,56399,4573
267,4096,4106,57974,5063
268,4096,4106,55739,4609
269,4096,4106,55815,4678
270,4096,4106,56547,4594
271,4096,4106,56004,4639
272,4096,4106,55535,4603
273,4096,4106,55851,4642
274,4096,4106,56224,4541
275,4096,3920,72791,29944
276,4096,4106,56325,4588
277,4096,4106,55727,4647
278,4096,4106,55527,4614
279,4096,4106,55833,4651
280,4096,4106,55578,4576
281,4096,4106,55911,4695
282,4096,4106,55605,4591
283,4096,4106,55887,4623
284,4096,4106,55726,4535
285,4096,4106,55867,4661
286,4096,4106,55639,4590
287,4096,4106,56102,4643
288,4096,4106,55168,4585
289,4096,4106,57495,5091
290,4096,4106,55696,4539
291,4096,4106,58109,5086
292,4096,4106,55733,4571
293,4096,864,93064,46026
294,4096,4106,56176,4618
295,4096,399,62174,22321
296,4096,4106,56103,4607
297,4096,4106,55930,4625
298,4096,4106,55876,4534
299,4096,622,77181,28010
300,4096,4106,55911,4582
301,4096,4106,56570,4634
302,4096,1089,48703,20688
303,4096,4106,56054,4635
304,4096,4106,55813,4594
305,4096,4106,55959,4606
306,4096,2954,60530,24165
307,4096,4106,57234,4639
308,4096,4106,60497,4622
309,4096,4106,56405,4642
310,4096,4106,55274,4520
311,4096,4106,55763,4614
312,4096,4106,55958,4607
313,4096,4106,55967,4613
314,4096,4106,56144,4564
315,4096,4106,55778,4627
316,4096,4106,55105,4574
317,4096,4106,55787,4618
318,4096,3868,60540,27300
319,4096,4106,57648,5072
320,4096,4106,55565,4571
321,4096,4106,57601,5110
322,4096,4106,55923,4558
323,4096,4106,57946,5059
324,4096,620,73640,37860
325,4096,4106,57948,5129
326,4096,4106,55595,4595
327,4096,4106,60317,4692
328,4096,4106,56121,4564
329,4096,4106,55218,4651
330,4096,4106,55779,4593
331,4096,4106,56157,4644
332,4096,4106,57037,4711
333,4096,4106,56772,4698
334,4096,4106,55887,4591
335,4096,4010,56201,27776
336,4096,4106,55109,4598
337,4096,4106,56584,4680
338,4096,4106,55665,4591
339,4096,4106,55701,4669
340,4096,4106,55399,4539
341,4096,4106,55875,4639
342,4096,4106,56394,4595
343,4096,4106,55523,4651
344,4096,370,59182,21338
345,4096,4106,60323,4760
346,4096,4106,56769,4598
347,4096,4106,55693,4622
348,4096,4106,55767,4542
349,4096,4106,55839,4647
350,4096,4106,55958,4580
351,4096,4106,56032,4649
352,4096,4106,60538,4623
353,4096,4106,56360,4653
354,4096,4106,56031,4557
355,4096,4106,56055,4687
356,4096,4106,55562,4595
357,4096,4106,56206,4657
358,4096,4106,55640,4563
359,4096,4106,56224,4635
360,4096,4106,55557,4554
361,4096,4106,61647,5163
362,4096,4106,55598,4519
363,4096,4106,57303,5100
364,4096,4106,55831,4543
365,4096,4106,57666,5157
366,4096,4106,55839,4574
367,4096,4028,56403,27180
368,4096,419,60910,21442
369,4096,4106,56532,4661
370,4096,4106,55366,4612
371,4096,4106,56004,4656
372,4096,4106,54997,4582
373,4096,4106,56095,4654
374,4096,4106,55486,4561
375,4096,4106,60105,4699
376,4096,4106,54938,4543
377,4096,4106,55889,4691
378,4096,4106,56131,4558
379,4096,4038,55662,26543
380,4096,4106,55071,4538
381,4096,4106,55842,4691
382,4096,4106,55540,4541
383,4096,4106,55605,4649
384,4096,4106,55337,4591
385,4096,4106,62449,5137
386,4096,4106,55180,4605
387,4096,4106,57707,5128
388,4096,4106,55747,4542
389,4096,4106,57290,5142
390,4096,4106,55547,4546
391,4096,4106,56290,4710
392,4096,4106,55459,4597
393,4096,4106,55761,4651
394,4096,4106,55460,4555
395,4096,4106,57608,5169
396,4096,4106,54902,4575
397,4096,4106,55567,4638
398,4096,4106,55574,4578
399,4096,4106,55732,4652
400,4096,4106,55611,4570
401,4096,4106,54917,4671
402,4096,4106,60008,4639
403,4096,4106,56026,4671
404,4096,4106,55384,4586
405,4096,4106,56212,4702
406,4096,4106,55461,4598
407,4096,463,66209,23338
408,4096,4106,55965,4538
409,4096,4106,55835,4679
410,4096,4106,55798,4606
411,4096,4106,55951,4645
412,4096,4106,56123,4562
413,4096,4106,55967,4669
414,4096,4038,55670,26276
415,4096,4106,60372,4718
416,4096,4106,55262,4612
417,4096,4106,55735,4632
418,4096,4106,55466,4577
419,4096,4106,55900,4705
420,4096,4106,55927,8836
421,4096,4106,55755,4689
422,4096,4106,54894,4591
423,4096,4106,56609,4664
424,4096,4106,56130,4547
425,4096,4106,56164,4660
426,4096,4106,56159,4574
427,4096,4106,55856,4661
428,4096,4106,56003,4537
429,4096,4106,55875,4663
430,4096,4106,59807,4623
431,4096,4106,56682,4666
432,4096,4106,56052,4589
433,4096,4106,56104,4683
434,4096,4106,56071,4551
435,4096,4106,56192,4638
436,4096,4106,55771,4598
437,4096,4106,55818,4656
438,4096,4106,55525,4623
439,4096,366,64685,37424
440,4096,4106,56278,4669
441,4096,4106,56662,4609
442,4096,4106,55769,4569
443,4096,3858,57003,27319
444,4096,4106,56216,4631
445,4096,3904,75862,10477
446,4096,4106,55943,4653
447,4096,4106,55986,4617
448,4096,4106,59863,4611
449,4096,4106,55604,4626
450,4096,4106,55827,4585
451,4096,3876,56234,27111
452,4096,4106,55298,4567
453,4096,4106,56103,4617
454,4096,4106,55608,4580
455,4096,375,60836,21809
456,4096,4106,55686,4550
457,4096,3958,56597,26644
458,4096,4106,55722,4643
459,4096,4106,56187,4606
460,4096,4106,55397,4595
461,4096,4106,55833,4603
462,4096,4106,60150,4625
463,4096,891,96902,36405
464,4096,4106,55908,4687
465,4096,4106,57500,5044
466,4096,4106,59670,4616
467,4096,4106,55794,4610
468,4096,4106,55449,4563
469,4096,4106,56159,4663
470,4096,4106,56079,4571
471,4096,4106,56432,4620
472,4096,4106,55996,4558
473,4096,512,70357,36204
474,4096,4106,56422,4542
475,4096,4106,56199,4625
476,4096,672,79172,28570
477,4096,123,21805,10701
478,4096,4106,56376,4629
479,4096,4106,56380,4628
480,4096,4106,55649,4583
481,4096,4106,56043,4626
482,4096,4106,56044,4539
483,4096,4106,56480,4603
484,4096,4106,55477,4580
485,4096,3832,74657,9907
486,4096,4014,56044,27144
487,4096,4106,55891,4687
488,4096,642,77463,37914
489,4096,4106,56814,4704
490,4096,4106,55845,4546
491,4096,4106,55989,4610
492,4096,4106,55712,4542
493,4096,4106,55871,4651
494,4096,4106,55787,4561
495,4096,4106,57045,4935
496,4096,4106,55362,4563
497,4096,4106,54705,4635
498,4096,4106,55931,4585
499,4096,4106,55677,4607
500,4096,4106,55807,4618
501,4096,4106,56072,4646
502,4096,4106,54428,4579
503,4096,4106,56404,4654
504,4096,3852,56387,27685
505,4096,4106,58021,5181
506,4096,4106,55743,4553
507,4096,4106,55759,4633
508,4096,4106,55579,4550
509,4096,4106,55603,4623
510,4096,4106,55880,4578
511,4096,4106,56268,4649
512,4096,4106,55517,4573
513,4096,4106,57426,4611
514,4096,4106,55515,4565
515,4096,4028,56059,26656
516,4096,4106,56044,4603
517,4096,4106,55705,4660
518,4096,4106,56186,4633
519,4096,4106,56256,4640
520,4096,3818,75461,31310
521,4096,3788,75635,30460
522,4096,4014,56477,25917
523,4096,4106,56523,4759
524,4096,405,62314,22387
525,4096,4106,56675,4689
526,4096,4106,55690,4631
527,4096,4106,56039,4631
528,4096,4106,55474,4545
529,4096,4106,54898,4631
530,4096,4106,55991,4580
531,4096,440,63473,22310
532,4096,4106,56005,4606
533,4096,4106,55749,4568
534,4096,4106,55009,4578
535,4096,4106,55654,4633
536,4096,4106,55664,4565
537,4096,4106,56227,4631
538,4096,4106,55498,4570
539,4096,4106,55519,4571
540,4096,535,70173,40319
541,4096,4106,57095,4753
542,4096,4106,56206,4576
543,4096,4106,25569,4611
544,4096,4106,60548,4627
545,4096,3857,56923,26921
546,4096,4106,55959,4699
547,4096,4106,56452,4658
548,4096,4106,55406,4575
549,4096,4106,55549,4670
550,4096,2991,58765,24852
551,4096,4106,55302,4685
552,4096,4106,56192,4559
553,4096,4106,55630,4634
554,4096,4106,55526,4554
555,4096,4106,56048,4630
556,4096,4106,55288,4555
557,4096,4106,56082,4650
558,4096,1085,47571,19564
559,4096,4106,56272,4667
560,4096,4106,56689,4583
561,4096,4106,55375,4615
562,4096,4106,55566,4603
563,4096,4106,56236,4654
564,4096,3886,56071,26638
565,4096,4106,56220,4643
566,4096,4106,55662,4589
567,4096,4106,55707,4618
568,4096,4106,55923,4562
569,4096,4106,55492,4629
570,4096,3982,71408,8126
571,4096,4106,55757,4651
572,4096,3846,55984,30843
573,4096,4106,55887,4673
574,4096,4106,55147,4580
575,4096,4106,56305,4609
576,4096,4106,56157,4562
577,4096,4106,56476,4678
578,4096,4106,55562,4621
579,4096,4106,56092,4654
580,4096,4106,55645,4587
581,4096,4106,55538,4640
582,4096,4106,59635,4578
583,4096,4106,56110,4651
584,4096,4106,55654,4546
585,4096,4106,57511,5116
586,4096,4106,55472,4587
587,4096,4106,56351,4635
588,4096,4106,55541,4575
589,4096,4106,55839,4623
590,4096,4106,55230,4554
591,4096,4106,60224,4683
592,4096,4106,55751,4564
593,4096,4106,56488,4662
594,4096,4106,55622,4618
595,4096,4106,56148,4658
596,4096,4106,55608,4571
597,4096,4106,55704,4643
598,4096,4106,55508,4568
599,4096,3858,56350,26530
600,4096,4106,55533,4589
601,4096,4106,55794,4655
602,4096,4106,55400,4570
603,4096,4106,57442,5089
604,4096,546,72241,37703
605,4096,4106,58878,5133
606,4096,4106,56485,4556
607,4096,4106,55971,4655
608,4096,4106,55810,4577
609,4096,4106,56443,4611
610,4096,4106,56042,4591
611,4096,4030,60230,26808
612,4096,4106,56252,4616
613,4096,4106,55773,4623
614,4096,4106,55509,4582
615,4096,4106,54869,4607
616,4096,4106,55959,4585
617,4096,4106,56043,4611
618,4096,4106,59940,4639
619,4096,4106,55662,4637
620,4096,4106,55676,4534
621,4096,4106,57549,5099
622,4096,4106,55428,4550
623,4096,4106,55965,4638
624,4096,4106,55490,4620
625,4096,4106,56232,4666
626,4096,4106,55688,4590
627,4096,4106,56131,4654
628,4096,4106,55520,4586
629,4096,3028,58598,25327
630,4096,4106,55973,4639
631,4096,2942,60221,23878
632,4096,4106,55883,4583
633,4096,4106,55334,4627
634,4096,4106,55661,4593
635,4096,4106,55601,4627
636,4096,419,61692,22285
637,4096,4106,56311,4615
638,4096,4106,55858,4590
639,4096,4106,55819,4671
640,4096,4106,55862,4606
641,4096,3957,57016,30760
642,4096,4106,55867,4615
643,4096,1086,48844,19967
644,4096,4106,55695,4605
645,4096,4106,60245,4735
646,4096,4106,55914,4571
647,4096,4106,55316,4651
648,4096,3872,56485,26083
649,4096,457,62627,26995
650,4096,4106,56088,4544
651,4096,4106,56257,4606
652,4096,4106,55179,4559
653,4096,4106,56407,4647
654,4096,4106,55525,4540
655,4096,4106,56277,4642
656,4096,4106,55835,4562
657,4096,4106,56253,4599
658,4096,857,91681,45188
659,4096,4106,56123,4696
660,4096,4106,56566,4561
661,4096,4106,57592,5178
662,4096,4106,55999,4583
663,4096,4106,56204,4635
664,4096,4106,60566,4627
665,4096,4106,55891,4673
666,4096,2997,58663,25075
667,4096,3815,55289,26859
668,4096,4106,55590,4599
669,4096,3879,56795,26831
670,4096,4106,55997,4680
671,4096,4106,56059,4695
672,4096,4106,55565,4525
673,4096,3882,96477,34312
674,4096,3882,56384,30174
675,4096,3995,56735,26306
676,4096,4106,56115,4639
677,4096,4106,60114,4777
678,4096,4106,55806,4551
679,4096,3838,57058,27204
680,4096,4106,55554,4715
681,4096,4106,58024,5236
682,4096,4106,56341,4556
683,4096,4106,57648,5171
684,4096,3885,56692,30482
685,4096,4106,56391,4758
686,4096,4106,55980,4543
687,4096,4106,56264,4700
688,4096,4106,55208,4566
689,4096,4106,56143,4691
690,4096,4106,55690,4549
691,4096,4106,55000,4646
692,4096,4106,55690,4567
693,4096,3874,60620,26807
694,4096,4106,56111,4617
695,4096,4106,57167,5176
696,4096,4106,55972,4609
697,4096,4106,57783,5132
698,4096,4106,55602,4585
699,4096,4106,55506,4691
700,4096,4106,55840,4603
701,4096,4106,61497,5719
702,4096,4106,55859,4560
703,4096,4106,69080,4831
704,4096,4106,55931,4578
705,4096,4106,55879,4635
706,4096,4106,55687,4556
707,4096,4106,56068,4726
708,4096,4106,54870,4571
709,4096,4106,56120,4649
710,4096,4106,55574,4571
711,4096,4106,60489,5791
712,4096,4106,55306,4598
713,4096,4106,56199,4804
714,4096,4106,55592,4601
715,4096,4106,57163,5120
716,4096,4106,55837,4571
717,4096,4106,58192,5236
718,4096,4106,56036,4587
719,4096,4106,71577,4882
720,4096,4106,54837,4570
721,4096,4106,57863,5088
722,4096,476,66203,25039
723,4096,4106,66098,4753
724,4096,4106,56127,4576
725,4096,4106,56072,4673
726,4096,4106,55486,4547
727,4096,4106,56161,4743
728,4096,4106,55293,4606
729,4096,4106,55903,4692
730,4096,4106,65886,4715
731,4096,4106,56048,4703
732,4096,4106,55729,4562
733,4096,4106,55392,4680
734,4096,4106,55058,4578
735,4096,4031,55431,28380
736,4096,4106,55251,4577
737,4096,4106,55969,4665
738,4096,4106,55530,4574
739,4096,4106,57765,5132
740,4096,4106,55356,4562
741,4096,438,62911,23078
742,4096,4106,56098,4589
743,4096,4106,60172,4730
744,4096,4106,55859,4553
745,4096,4106,56257,4731
746,4096,4106,55740,4635
747,4096,416,64420,22473
748,4096,4106,60269,4613
749,4096,4106,56024,4660
750,4096,4106,55715,4575
751,4096,4106,55662,4645
752,4096,4106,55737,4607
753,4096,4106,55746,4661
754,4096,4106,55604,4605
755,4096,4106,55830,4661
756,4096,4106,55967,4563
757,4096,4106,55679,4692
758,4096,1095,50675,21709
759,4096,4106,56341,4675
760,4096,4106,55811,4562
761,4096,4106,56156,4691
762,4096,4106,55662,9047
763,4096,4106,56280,4682
764,4096,4106,55171,4562
765,4096,4106,54853,4655
766,4096,4106,55534,4581
767,4096,3922,56437,27448
768,4096,4106,55805,4599
769,4096,4106,55552,4666
770,4096,3763,55613,27011
771,4096,4106,55009,4675
772,4096,4106,57686,4890
773,4096,4106,55767,4683
774,4096,4106,55486,4569
775,4096,4106,57681,5144
776,4096,4106,55197,4540
777,4096,4106,56457,4655
778,4096,4106,55401,4569
779,4096,4106,56091,4711
780,4096,4106,55481,4603
781,4096,606,77159,39347
782,4096,4106,56007,4577
783,4096,4106,56252,4705
784,4096,4106,55622,4566
785,4096,4106,55971,4647
786,4096,4106,59619,4671
787,4096,4106,60077,5549
788,4096,4106,55586,4578
789,4096,4106,55258,4691
790,4096,4106,56097,4570
791,4096,4106,56637,4844
792,4096,3877,56564,28035
793,4096,4106,56355,4751
794,4096,4106,55731,4555
795,4096,3867,56847,27032
796,4096,4106,55298,4602
797,4096,4106,59007,5332
798,4096,4106,55836,4605
799,4096,4106,57637,5162
800,4096,4106,55230,4571
801,4096,4106,57574,5192
802,4096,4106,55863,4595
803,4096,4106,58342,5180
804,4096,4106,55394,4595
805,4096,620,79418,41095
806,4096,4106,55610,4572
807,4096,4106,57803,3639
808,4096,4106,55745,4636
809,4096,4106,57743,5126
810,4096,4106,55750,4571
811,4096,4106,57951,5158
812,4096,4106,55701,4562
813,4096,4106,57431,5112
814,4096,4106,55691,4590
815,4096,4106,57791,5108
816,4096,4106,55127,4560
817,4096,4106,57537,7883
818,4096,4106,55923,4609
819,4096,4106,55890,4675
820,4096,4106,55478,4626
821,4096,4106,55764,4675
822,4096,4106,56179,4699
823,4096,4106,55461,4643
824,4096,3882,56191,32472
825,4096,517,76679,27310
826,4096,4106,56237,4614
827,4096,4106,56104,4639
828,4096,4106,55875,4572
829,4096,4106,55937,4671
830,4096,4106,55727,4571
831,4096,4106,56600,4703
832,4096,4106,55748,4556
833,4096,4106,55922,4683
834,4096,4106,56019,4550
835,4096,4106,56372,4647
836,4096,4106,54524,4591
837,4096,4106,56007,4677
838,4096,4106,59550,4609
839,4096,4106,55763,4724
840,4096,4106,55804,4556
841,4096,4106,55559,4744
842,4096,4106,55666,4591
843,4096,4106,55550,4693
844,4096,4106,55683,4547
845,4096,4106,55818,4755
846,4096,4106,55939,4586
847,4096,4106,56243,4688
848,4096,4106,59479,4665
849,4096,4106,57156,5170
850,4096,4106,55730,4547
851,4096,4106,57244,5166
852,4096,1192,100684,35611
853,4096,4106,58186,5153
854,4096,4106,56081,4579
855,4096,4106,58210,5220
856,4096,4106,55618,4601
857,4096,4106,56112,4686
858,4096,4106,60873,4585
859,4096,3892,56748,27561
860,4096,4024,55125,26947
861,4096,4106,56158,4711
862,4096,3854,56394,26501
863,4096,4106,56030,4674
864,4096,499,67411,25126
865,4096,4106,55815,4649
866,4096,4106,56139,4584
867,4096,4026,55611,26803
868,4096,4106,55454,4561
869,4096,4106,56013,4640
870,4096,4106,55588,4575
871,4096,4106,56063,4691
872,4096,4106,55761,4596
873,4096,4106,56252,4657
874,4096,4106,55630,4563
875,4096,4106,55410,4669
876,4096,4106,55729,4599
877,4096,4106,72040,4709
878,4096,4106,55896,4611
879,4096,620,73720,37356
880,4096,4106,56300,4697
881,4096,4106,55931,4713
882,4096,4106,55915,4575
883,4096,4106,55399,4682
884,4096,4106,55715,4606
885,4096,4106,60364,4728
886,4096,4106,55666,4589
887,4096,4015,56084,26779
888,4096,4106,55542,4582
889,4096,4106,55308,4679
890,4096,4106,55459,4581
891,4096,4106,55691,4701
892,4096,4106,56018,4602
893,4096,4106,56122,4691
894,4096,4106,55540,4595
895,4096,4106,57878,5154
896,4096,4106,55379,4547
897,4096,4106,56408,4675
898,4096,4106,55497,4615
899,4096,4106,56128,4667
900,4096,4106,55982,4587
901,4096,4106,56178,4678
902,4096,4106,55685,4591
903,4096,4106,56354,4702
904,4096,4106,55576,4595
905,4096,4106,55869,4707
906,4096,4106,55494,4572
907,4096,4106,55482,4663
908,4096,4106,55661,4568
909,4096,4106,60131,4727
910,4096,4106,55355,4590
911,4096,4106,55482,4661
912,4096,4106,55216,4581
913,4096,4106,55658,4667
914,4096,4106,55044,4627
915,4096,4106,55738,4667
916,4096,4106,54937,4567
917,4096,4106,55727,4647
918,4096,4106,55606,4583
919,4096,4106,55831,4677
920,4096,4106,55410,4561
921,4096,4106,55326,4667
922,4096,4106,55243,4633
923,4096,4106,55796,4647
924,4096,4106,55330,4599
925,4096,4106,56294,4699
926,4096,4106,55034,4585
927,4096,4106,55790,4638
928,4096,4038,54880,26733
929,4096,4106,55856,4680
930,4096,4106,55290,4595
931,4096,4106,55514,4671
932,4096,4106,54179,4579
933,4096,4106,60119,4787
934,4096,4106,55864,4576
935,4096,4106,55769,4664
936,4096,4106,56011,4547
937,4096,4106,57771,5152
938,4096,4106,55511,4565
939,4096,3851,57841,27763
940,4096,3860,61474,26250
941,4096,4106,57795,5186
942,4096,4106,55923,4590
943,4096,4106,55911,4696
944,4096,4106,55643,4631
945,4096,4106,55609,4647
946,4096,4106,55214,4616
947,4096,4106,55586,4667
948,4096,4106,56120,4565
949,4096,4106,55705,4651
950,4096,4106,64732,4598
951,4096,4106,56042,4697
952,4096,4106,59975,4607
953,4096,4106,55761,4657
954,4096,4106,55712,4606
955,4096,3774,74475,30604
956,4096,4106,56428,4638
957,4096,4106,56243,4698
958,4096,4106,55956,4578
959,4096,1003,96416,48325
960,4096,4106,56014,4593
961,4096,4106,55560,4744
962,4096,4106,54342,4586
963,4096,4106,55891,4683
964,4096,4106,55457,4559
965,4096,4106,56042,4683
966,4096,4106,56008,4587
967,4096,4106,55695,4649
968,4096,4106,55625,4574
969,4096,4106,55269,4707
970,4096,4106,55616,4567
971,4096,4106,55967,4662
972,4096,4106,55277,4582
973,4096,4106,55602,4685
974,4096,409,62968,21486
975,4096,4106,56473,4772
976,4096,4106,55651,4606
977,4096,4106,56175,4671
978,4096,4106,56234,4615
979,4096,4106,56029,4671
980,4096,4106,55198,4609
981,4096,4106,56056,4655
982,4096,4106,56278,4580
983,4096,4106,61972,5190
984,4096,4106,55572,4591
985,4096,4106,56012,4832
986,4096,577,74250,38924
987,4096,4106,57791,5121
988,4096,3929,61063,27296
989,4096,4106,55736,4728
990,4096,4106,55434,4548
991,4096,4106,55843,4730
992,4096,4106,55498,4591
993,4096,3001,59452,25423
994,4096,4106,56371,4531
995,4096,4106,54865,4666
996,4096,4106,55371,4590
997,4096,4106,62569,4743
998,4096,4106,60266,4684
999,4096,416,63121,22258
1000,4096,4106,56430,4583
1001,4096,4106,56180,4696
1002,4096,4106,56101,4553
1003,4096,4106,54312,4683
1004,4096,4106,55510,4551
1005,4096,4106,56372,4658
1006,4096,4106,55758,4562
1007,4096,4106,55935,4699
1008,4096,4106,55430,4591
1009,4096,4106,54856,4643
1010,4096,4106,55830,4572
1011,4096,4106,60565,4753
1012,4096,3874,56907,27293
1013,4096,4106,55949,4725
1014,4096,4106,55527,4583
1015,4096,4106,55302,4618
1016,4096,4106,55867,4567
1017,4096,4106,56737,5120
1018,4096,3853,56112,27457
1019,4096,4106,57854,5194
1020,4096,1084,48332,20898
1021,4096,4106,56173,4690
1022,4096,4106,55831,4556
1023,4096,4106,55873,4639
1024,4096,4106,55531,4562
1025,4096,420,68267,25825
1026,4096,4106,56020,4556
1027,4096,4106,55629,4726
1028,4096,4106,55711,4572
1029,4096,442,67559,24975
1030,4096,4106,55898,4638
1031,4096,4106,55303,4674
1032,4096,4106,55189,4597
1033,4096,4106,55830,4664
1034,4096,4106,59401,4642
1035,4096,4106,55508,4647
1036,4096,4106,55404,4575
1037,4096,4106,55113,4683
1038,4096,4106,56187,4589
1039,4096,4106,54765,4660
1040,4096,3739,54252,27035
1041,4096,4106,56261,4646
1042,4096,4106,56294,4586
1043,4096,4106,55763,4653
1044,4096,4036,55023,26625
1045,4096,4106,55246,4678
1046,4096,3870,55754,26490
1047,4096,4106,56012,4699
1048,4096,4106,55695,4635
1049,4096,4106,55994,4666
1050,4096,4106,55721,4563
1051,4096,4106,55606,4633
1052,4096,4106,55651,4607
1053,4096,4106,55984,4642
1054,4096,4106,55986,4590
1055,4096,4106,56467,4816
1056,4096,3879,55688,26472
1057,4096,4106,56015,4707
1058,4096,3852,55738,26515
1059,4096,4106,55752,4689
1060,4096,3881,55962,26420
1061,4096,4106,60261,4807
1062,4096,3895,55571,25712
1063,4096,384,67310,35758
1064,4096,1011,103354,48304
1065,4096,4106,56593,4780
1066,4096,4106,56124,4571
1067,4096,4106,55622,4739
1068,4096,4106,55149,4592
1069,4096,4106,60571,4758
1070,4096,4106,56126,4798
1071,4096,4106,55362,4673
1072,4096,4106,55983,4562
1073,4096,4106,56528,4691
1074,4096,4106,55955,4583
1075,4096,4106,55377,4739
1076,4096,4106,60192,4654
1077,4096,4106,56164,4740
1078,4096,4106,56136,4547
1079,4096,4106,55751,4733
1080,4096,4106,55620,4585
1081,4096,4106,56058,4736
1082,4096,4106,55454,4566
1083,4096,4106,57916,5214
1084,4096,4106,55686,4554
1085,4096,4106,57008,5170
1086,4096,4106,59993,4651
1087,4096,4106,57491,5174
1088,4096,4106,55280,4591
1089,4096,4106,55897,4721
1090,4096,4106,55957,4578
1091,4096,4106,55566,4706
1092,4096,4106,55630,4569
1093,4096,4106,56139,4679
1094,4096,4106,55599,4579
1095,4096,4106,58108,5188
1096,4096,4106,55186,4582
1097,4096,4106,55923,4697
1098,4096,4106,55432,4552
1099,4096,4106,55948,4670
1100,4096,4106,55405,4571
1101,4096,4106,55757,4669
1102,4096,4106,55835,4598
1103,4096,4106,55945,4695
1104,4096,4106,55386,4572
1105,4096,4106,60632,4768
1106,4096,4106,55731,4571
1107,4096,4106,55902,4701
1108,4096,4106,54998,4550
1109,4096,4106,55372,4665
1110,4096,611,80874,38987
1111,4096,4106,56401,4751
1112,4096,4106,55975,4592
1113,4096,4106,55875,4704
1114,4096,4106,55703,4595
1115,4096,4106,56087,4639
1116,4096,4106,55501,4555
1117,4096,4106,55853,4665
1118,4096,547,71396,37198
1119,4096,4106,56115,4697
1120,4096,4106,55440,4575
1121,4096,4106,55877,4663
1122,4096,4106,55430,4598
1123,4096,4106,55563,4661
1124,4096,4106,55531,4563
1125,4096,3002,59231,25961
1126,4096,4106,56194,4589
1127,4096,4106,60378,4735
1128,4096,4106,55317,4609
1129,4096,4106,55270,4679
1130,4096,4106,55157,4582
1131,4096,4106,55578,4716
1132,4096,4106,55477,4575
1133,4096,4106,56453,4645
1134,4096,4106,56000,4650
1135,4096,4106,55866,4686
1136,4096,4106,55623,4574
1137,4096,4029,56313,26947
1138,4096,4106,55745,4570
1139,4096,4106,56051,4667
1140,4096,4106,59490,4963
1141,4096,4106,55785,4682
1142,4096,389,61161,23182
1143,4096,4106,56581,4722
1144,4096,4106,55657,4629
1145,4096,4106,56088,4678
1146,4096,4106,55904,4559
1147,4096,4106,56008,4647
1148,4096,4106,55622,4551
1149,4096,4106,55606,4662
1150,4096,4106,55816,4627
1151,4096,4106,55813,4677
1152,4096,4106,55659,4551
1153,4096,4106,56232,4663
1154,4096,4106,56168,4555
1155,4096,4106,55265,4659
1156,4096,4106,55439,4552
1157,4096,4106,60344,4767
1158,4096,4106,55965,4563
1159,4096,4106,56084,4697
1160,4096,4106,55245,4574
1161,4096,4106,56491,4687
1162,4096,4106,55723,4579
1163,4096,4106,55679,4691
1164,4096,129,22481,10746
1165,4096,4106,56422,4822
1166,4096,4106,56122,4559
1167,4096,4106,55948,4735
1168,4096,1085,48007,20580
1169,4096,4106,56385,4744
1170,4096,4106,55437,4571
1171,4096,4106,56116,4685
1172,4096,4106,55610,4591
1173,4096,4106,56208,4711
1174,4096,4106,55867,4561
1175,4096,4106,55935,4686
1176,4096,4106,60008,4731
1177,4096,4106,56092,4695
1178,4096,4106,55552,4611
1179,4096,4106,55224,4722
1180,4096,4106,55655,4550
1181,4096,4106,55410,4711
1182,4096,391,60203,33795
1183,4096,4106,56064,4705
1184,4096,4106,55558,4579
1185,4096,4106,55761,4660
1186,4096,4106,55505,4576
1187,4096,3871,56438,26261
1188,4096,4106,55527,4720
1189,4096,2941,61418,25014
1190,4096,597,75291,37511
1191,4096,4106,56695,4691
1192,4096,4106,55275,4611
1193,4096,4106,55793,4671
1194,4096,4106,55524,4576
1195,4096,4106,55803,4944
1196,4096,4106,56204,4591
1197,4096,4106,55606,4706
1198,4096,4106,55800,4595
1199,4096,4106,56188,4662
1200,4096,4106,55622,4603
1201,4096,3800,56237,27498
1202,4096,3931,56789,26366
1203,4096,4106,56418,4680
1204,4096,4106,55570,4562
1205,4096,4106,55543,4667
1206,4096,395,61368,22180
1207,4096,4106,56053,4724
1208,4096,4106,55440,4599
1209,4096,436,62448,22404
1210,4096,4106,55907,4607
1211,4096,4106,60767,4731
1212,4096,4106,55740,4558
1213,4096,4106,55880,4703
1214,4096,4106,55492,4574
1215,4096,4106,55555,4719
1216,4096,4106,59992,4616
1217,4096,4106,56129,4726
1218,4096,4106,55474,4582
1219,4096,4106,56026,4683
1220,4096,4106,55049,4572
1221,4096,4106,56328,4647
1222,4096,4106,55576,4594
1223,4096,4106,55300,4755
1224,4096,4106,56064,4578
1225,4096,4106,56461,4682
1226,4096,4106,55576,4591
1227,4096,4106,55927,4711
1228,4096,4034,55957,26429
1229,4096,4106,56162,4717
1230,4096,3963,55987,25965
1231,4096,4106,55693,4713
1232,4096,4106,55710,4573
1233,4096,4106,57230,5397
1234,4096,4106,55499,4576
1235,4096,4106,56312,4678
1236,4096,4106,55660,4591
1237,4096,4106,55791,4699
1238,4096,4106,55813,4542
1239,4096,4106,57962,5166
1240,4096,4106,59568,4611
1241,4096,4106,57715,5172
1242,4096,3077,109448,42265
1243,4096,4106,56396,4723
1244,4096,4106,55629,4603
1245,4096,3876,57004,26917
1246,4096,4106,55605,4602
1247,4096,4106,56077,4711
1248,4096,4106,55843,4549
1249,4096,4106,56134,4691
1250,4096,4106,59746,4619
1251,4096,4106,55821,4680
1252,4096,4106,55775,4561
1253,4096,4106,55818,4683
1254,4096,4106,55433,4578
1255,4096,4106,55638,4667
1256,4096,4106,55530,4563
1257,4096,4106,55612,4711
1258,4096,4106,55109,4561
1259,4096,4106,60071,4716
1260,4096,4106,56043,4585
1261,4096,3931,58484,27063
1262,4096,4106,55301,4600
1263,4096,4106,55454,4699
1264,4096,4106,55111,8915
1265,4096,4106,55767,4689
1266,4096,718,95712,45731
1267,4096,4106,56314,4663
1268,4096,4106,55341,4561
1269,4096,4018,56215,26442
1270,4096,4106,55755,4605
1271,4096,4106,56458,4685
1272,4096,4106,55442,4552
1273,4096,4106,55951,4688
1274,4096,4106,55701,4569
1275,4096,4106,56036,4641
1276,4096,4106,55832,4563
1277,4096,4106,55418,4663
1278,4096,4106,59491,4643
1279,4096,4106,55710,4691
1280,4096,4106,55600,4573
1281,4096,3707,56753,28373
1282,4096,384,60822,26790
1283,4096,4106,56137,4711
1284,4096,4106,55751,4555
1285,4096,4106,55785,4638
1286,4096,4106,55541,4574
1287,4096,4106,56434,4693
1288,4096,4106,55595,4582
1289,4096,4106,56100,4681
1290,4096,4106,55661,4576
1291,4096,4106,55941,4647
1292,4096,4106,56693,4785
1293,4096,486,67330,24342
1294,4096,4106,56175,4609
1295,4096,638,76965,37877
1296,4096,4106,56211,4559
1297,4096,4106,55775,4633
1298,4096,4106,54408,4575
1299,4096,4106,55900,4647
1300,4096,4106,61238,4829
1301,4096,4106,56191,4661
1302,4096,4106,55820,4598
1303,4096,560,66645,24029
1304,4096,902,97141,45740
1305,4096,4106,57306,4725
1306,4096,4106,55891,4601
1307,4096,4106,56410,4702
1308,4096,4106,56260,4583
1309,4096,4106,56658,4665
1310,4096,4106,55478,4538
1311,4096,4106,68498,4695
1312,4096,4106,56131,4567
1313,4096,4106,56349,4653
1314,4096,455,69010,24464
1315,4096,4106,56304,4703
1316,4096,481,64538,22974
1317,4096,4106,56380,4672
1318,4096,4106,56334,4551
1319,4096,4106,56111,4645
1320,4096,4106,55654,4603
1321,4096,3872,63157,28787
1322,4096,384,60968,20938
1323,4096,4106,56305,4656
1324,4096,4106,55991,4625
1325,4096,4106,55805,4750
1326,4096,3859,56320,27240
1327,4096,4106,57090,4688
1328,4096,4106,55362,4562
1329,4096,932,95517,44234
1330,4096,4106,56259,4629
1331,4096,4106,57639,5167
1332,4096,4106,55643,4603
1333,4096,4106,75341,5140
1334,4096,666,78546,29144
1335,4096,4106,57225,5126
1336,4096,4106,56382,4577
1337,4096,4106,58343,5121
1338,4096,4106,55612,4616
1339,4096,4106,58106,5120
1340,4096,4106,60208,4615
1341,4096,1273,109058,50525
1342,4096,767,86263,40925
1343,4096,668,77731,27872
1344,4096,4106,56087,4619
1345,4096,4106,55931,4788
1346,4096,4106,55580,4610
1347,4096,447,62098,35052
1348,4096,2033,54076,22772
1349,4096,4106,56717,4698
1350,4096,4106,55598,4556
1351,4096,4106,56147,4648
1352,4096,4106,56466,4546
1353,4096,487,66567,23956
1354,4096,4106,56933,4587
1355,4096,4106,56412,4655
1356,4096,4106,56164,4587
1357,4096,573,70860,24670
1358,4096,4106,56244,4611
1359,4096,4106,55754,4651
1360,4096,830,98355,46999
1361,4096,410,74856,19465
1362,4096,4106,50561,4093
1363,4096,3586,65947,26275
1364,4096,4106,50377,4083
1365,4096,1080,43974,17762
1366,4096,4106,50045,4038
1367,4096,523,59829,20858
1368,4096,419,52840,18205
1369,4096,4106,56180,4632
1370,4096,4106,50206,4079
1371,4096,611,66885,33603
1372,4096,625,66025,31368
1373,4096,4005,50512,24068
1374,4096,4106,50298,4143
1375,4096,4106,55317,4644
1376,4096,1066,89518,32984
1377,4096,3876,52515,24765
1378,4096,3014,53145,22237
1379,4096,4106,52283,4576
1380,4096,636,67513,35628
1381,4096,981,83570,38607
1382,4096,4106,50342,4118
1383,4096,4106,51621,4598
1384,4096,625,65353,22205
1385,4096,4106,50610,4229
1386,4096,4106,50277,4175
1387,4096,4106,49999,4197
1388,4096,4106,49356,4083
1389,4096,4106,49926,4138
1390,4096,4106,49570,4063
1391,4096,3879,50779,23992
1392,4096,3928,50231,22907
1393,4096,4106,49717,4143
1394,4096,4106,49136,4047
1395,4096,451,56182,20775
1396,4096,590,65299,32690
1397,4096,435,55129,19504
1398,4096,4106,50223,4076
1399,4096,754,65106,30720
1400,4096,753,84634,32040
1401,4096,36,15387,7693
1402,4096,142,35108,8836
1403,4096,566,41752,6415
1404,4096,4106,50679,4096
1405,4096,273,43633,12696
1406,4096,1130,91751,43522
1407,4096,449,54044,18998
1408,4096,4106,54324,4272
1409,4096,4106,50475,4239
1410,4096,4106,49441,4056
1411,4096,4106,50417,4146
1412,4096,443,61637,21776
1413,4096,4106,50573,4157
1414,4096,4106,49937,4103
1415,4096,4106,41451,3390
1416,4096,4106,40544,3332
1417,4096,439,43946,15214
1418,4096,4106,41200,3330
1419,4096,4106,40615,3388
1420,4096,381,41555,13616
1421,4096,4106,41250,3359
1422,4096,4106,40619,3356
1423,4096,4106,40729,3371
1424,4096,785,55689,28457
1425,4096,4106,41743,3464
1426,4096,4106,40753,3342
1427,4096,4106,41021,3380
1428,4096,428,45884,17554
1429,4096,1020,70215,25362
1430,4096,4106,40943,3316
1431,4096,2965,76615,24989
1432,4096,4106,42443,3442
1433,4096,4106,41231,3499
1434,4096,425,45064,15261
1435,4096,4106,41623,3543
1436,4096,3869,41464,20602
1437,4096,4106,41493,3712
1438,4096,4106,40996,3342
1439,4096,4106,42365,3760
1440,4096,831,69120,34632
1441,4096,4106,42500,3746
1442,4096,444,46133,17289
1443,4096,4106,41601,3527
1444,4096,880,66324,32347
1445,4096,4106,49142,4428
1446,4096,3886,71840,20947
1447,4096,1521,81842,37795
1448,4096,4106,41166,3398
1449,4096,4106,41033,3422
1450,4096,4106,40893,3317
1451,4096,1260,82812,38482
1452,4096,1181,80623,34287
1453,4096,1070,71628,32855
1454,4096,1091,71722,24960
1455,4096,4106,41884,3422
1456,4096,4106,41529,3479
1457,4096,973,77185,37313
1458,4096,3866,48589,19781
1459,4096,3766,51629,20231
1460,4096,4106,41277,3388
1461,4096,4106,41691,3520
1462,4096,4106,40607,3334
1463,4096,4106,41071,3396
1464,4096,4106,40697,3339
1465,4096,375,44931,16296
1466,4096,608,52678,33816
1467,4096,4106,42607,3797
1468,4096,4106,40720,3306
1469,4096,4033,40998,19758
1470,4096,549,52106,26536
1471,4096,4106,41728,3565
1472,4096,4106,40969,3388
1473,4096,4106,40859,3396
1474,4096,4106,48362,3482
1475,4096,4106,40908,3377
1476,4096,4106,40601,3311
1477,4096,678,57228,21482
1478,4096,4106,41030,3321
1479,4096,4106,42329,3807
1480,4096,4106,40606,3319
1481,4096,4106,40848,3399
1482,4096,4106,40674,3345
1483,4096,508,52625,19510
1484,4096,3871,41197,20731
1485,4096,4106,40752,3390
1486,4096,4106,40471,3325
1487,4096,4106,41567,3466
1488,4096,3848,40753,20143
1489,4096,4106,40286,3377
1490,4096,4106,40511,7165
1491,4096,4106,41809,3480
1492,4096,4106,40515,3353
1493,4096,4106,41136,3502
1494,4096,4106,40680,3308
1495,4096,4106,40139,3406
1496,4096,4106,40475,3313
1497,4096,4106,41017,3462
1498,4096,4106,40334,3296
1499,4096,4106,40601,3401
1500,4096,499,48282,17422
1501,4096,426,56957,24061
1502,4096,4106,49373,4254
1503,4096,4106,50042,4163
1504,4096,3904,51207,23851
1505,4096,3854,51040,24134
1506,4096,4106,49783,4076
1507,4096,594,65774,32442
1508,4096,740,82176,28999
1509,4096,499,67158,34417
1510,4096,4106,50166,4119
1511,4096,3872,51216,24402
1512,4096,4106,50081,4157
1513,4096,421,57564,29889
1514,4096,4106,50351,4121
1515,4096,529,59343,20728
1516,4096,606,61610,30174
1517,4096,4106,50236,4123
1518,4096,372,52028,33746
1519,4096,4106,50745,4143
1520,4096,1083,44531,18149
1521,4096,3853,50504,23537
1522,4096,4106,49937,4129
1523,4096,4106,50684,4313
1524,4096,4106,49670,4116
1525,4096,4106,49972,4135
1526,4096,629,66362,32922
1527,4096,699,81371,37295
1528,4096,4106,50567,4131
1529,4096,4106,50297,4297
1530,4096,4106,58353,4144
1531,4096,989,89623,32421
1532,4096,4106,49909,4063
1533,4096,1505,85182,37118
1534,4096,3899,49980,23647
1535,4096,4106,49426,4224
1536,4096,4106,50224,4079
1537,4096,4106,50450,4196
1538,4096,4106,49406,4083
1539,4096,4106,49571,4156
1540,4096,3853,50277,28235
1541,4096,4106,50572,4194
1542,4096,784,71770,33651
1543,4096,4106,50194,4125
1544,4096,4106,49315,4077
1545,4096,3881,50120,23400
1546,4096,4106,49651,4068
1547,4096,4106,45270,3705
1548,4096,4106,44588,3663
1549,4096,3876,45186,21086
1550,4096,4106,44739,3652
1551,4096,4106,44663,3729
1552,4096,427,54122,18583
1553,4096,4106,45086,3753
1554,4096,4106,45190,3669
1555,4096,4106,44845,3718
1556,4096,411,47551,17013
1557,4096,267,41462,18908
1558,4096,1159,86856,39928
1559,4096,425,49149,17000
1560,4096,399,44332,15163
1561,4096,4106,45292,3838
1562,4096,4106,44659,3773
1563,4096,4106,45316,3709
1564,4096,4106,44380,3671
1565,4096,4106,45048,3735
1566,4096,485,51696,18245
1567,4096,4106,45706,3735
1568,4096,4106,44871,3661
1569,4096,4106,45171,3727
1570,4096,416,50687,17315
1571,4096,644,59598,29409
1572,4096,4106,45151,3698
1573,4096,4106,45645,3893
1574,4096,4106,44885,3657
1575,4096,4106,45361,3754
1576,4096,718,76707,38518
1577,4096,4106,45525,3723
1578,4096,4106,44401,3665
1579,4096,4106,44305,3731
1580,4096,362,46690,16350
1581,4096,4106,45051,3714
1582,4096,4106,44745,3658
1583,4096,4106,44705,3718
1584,4096,4039,48321,21722
1585,4096,4106,44595,3708
1586,4096,442,54196,19656
1587,4096,1208,75145,34088
1588,4096,943,70639,33527
1589,4096,4106,49087,3904
1590,4096,4106,44725,3704
1591,4096,4106,45297,3734
1592,4096,636,60123,21516
1593,4096,4106,44891,3710
1594,4096,608,52766,26312
1595,4096,4106,45030,3768
1596,4096,3893,45457,21534
1597,4096,4106,44791,3723
1598,4096,1120,83038,39202
1599,4096,4106,44786,3740
1600,4096,4106,44605,3688
1601,4096,1061,73543,32950
1602,4096,1065,78735,35586
1603,4096,4106,45394,3783
1604,4096,4106,45736,3707
1605,4096,4106,44959,3737
1606,4096,4106,45334,3657
1607,4096,4106,45174,3816
1608,4096,4106,44920,3642
1609,4096,4106,45304,3723
1610,4096,4106,44624,3674
1611,4096,429,71344,37216
1612,4096,4106,45018,3665
1613,4096,4106,45645,3856
1614,4096,4106,44874,3694
1615,4096,4106,43979,3789
1616,4096,4106,44761,3654
1617,4096,4106,44916,3753
1618,4096,4106,44521,3647
1619,4096,1084,40579,16775
1620,4096,4106,44923,3694
1621,4096,4106,44845,3745
1622,4096,4106,44608,3669
1623,4096,4106,45156,3703
1624,4096,4106,45052,3647
1625,4096,4106,45054,3734
1626,4096,4106,44543,3642
1627,4096,4106,45082,3733
1628,4096,4106,45062,3649
1629,4096,407,48825,17860
1630,4096,410,52685,17792
1631,4096,981,82315,39770
1632,4096,26,11166,7120
1633,4096,674,62509,22477
1634,4096,4106,45617,3730
1635,4096,616,60343,30331
1636,4096,515,54502,27277
1637,4096,4106,45260,3783
1638,4096,4106,58596,4205
1639,4096,3862,50390,24606
1640,4096,383,56186,18405
1641,4096,4106,51421,4189
1642,4096,3873,50444,24237
1643,4096,4106,50411,4204
1644,4096,4106,49182,4107
1645,4096,4106,49810,4225
1646,4096,4106,48949,4102
1647,4096,386,51895,18014
1648,4096,481,61324,30026
1649,4096,3878,50482,23746
1650,4096,4106,49549,4136
1651,4096,4106,50422,4239
1652,4096,4106,50128,4054
1653,4096,4106,49656,4167
1654,4096,4106,49114,7596
1655,4096,4028,50118,23528
1656,4096,3847,49901,23061
1657,4096,427,56394,19447
1658,4096,4106,49597,4116
1659,4096,4106,48704,4170
1660,4096,3868,49230,23476
1661,4096,4037,49878,23025
1662,4096,4106,49872,4110
1663,4096,876,73767,24766
1664,4096,4106,50358,4098
1665,4096,4106,49766,4148
1666,4096,4106,49590,4034
1667,4096,4106,53759,4218
1668,4096,4106,49970,4103
1669,4096,3995,50092,23293
1670,4096,4106,49896,4049
1671,4096,699,80381,37763
1672,4096,706,73418,33567
1673,4096,597,76503,26539
1674,4096,4106,50403,4104
1675,4096,4106,50973,4147
1676,4096,1373,94930,40656
1677,4096,588,66523,32722
1678,4096,850,63649,21754
1679,4096,1003,84858,41992
1680,4096,391,53101,32404
1681,4096,4106,50926,4165
1682,4096,723,78497,36018
1683,4096,4106,50859,4207
1684,4096,4106,50509,4049
1685,4096,4106,50427,4145
1686,4096,76,18228,8552
1687,4096,709,58873,21401
1688,4096,3871,41697,19741
1689,4096,409,45060,15380
1690,4096,622,54739,26885
1691,4096,4106,41410,3390
1692,4096,400,42670,14465
1693,4096,3860,41811,19584
1694,4096,4106,41116,3377
1695,4096,1261,80901,35939
1696,4096,4106,41201,3388
1697,4096,4106,41409,3461
1698,4096,4106,40956,3324
1699,4096,384,41383,14381
1700,4096,548,51249,25479
1701,4096,1075,70836,33304
1702,4096,1318,81301,36760
1703,4096,4106,41424,3450
1704,4096,449,45419,16002
1705,4096,3830,56461,22480
1706,4096,4106,41280,3452
1707,4096,4106,41049,3406
1708,4096,406,43009,15402
1709,4096,4106,41275,3425
1710,4096,4106,40984,3329
1711,4096,4106,40253,3366
1712,4096,4106,40729,3324
1713,4096,4106,40782,3402
1714,4096,3853,41432,19424
1715,4096,4106,40566,3400
1716,4096,567,51760,26101
1717,4096,4106,41980,3375
1718,4096,4106,40998,3339
1719,4096,3861,41638,19826
1720,4096,4106,40705,3359
1721,4096,4106,40728,3400
1722,4096,4106,40719,3354
1723,4096,489,46596,16428
1724,4096,4106,40595,3342
1725,4096,4106,40796,3359
1726,4096,4106,40796,3325
1727,4096,4106,41197,3391
1728,4096,1080,35688,14473
1729,4096,864,74409,35147
1730,4096,517,53913,18968
1731,4096,4106,45724,3759
1732,4096,4106,48095,3711
1733,4096,4106,45026,3729
1734,4096,4106,44765,3633
1735,4096,4106,44436,3735
1736,4096,2944,49518,19817
1737,4096,1090,37891,15172
1738,4096,4106,45739,3659
1739,4096,1011,87997,40537
1740,4096,4106,45333,3703
1741,4096,4106,44871,3732
1742,4096,4106,44739,3672
1743,4096,4106,44976,3815
1744,4096,4106,45036,3653
1745,4096,4106,44506,3732
1746,4096,451,50679,18569
1747,4096,823,68891,32053
1748,4096,1692,84163,32374
1749,4096,4106,45656,3772
1750,4096,4106,44912,3706
1751,4096,4106,44935,3762
1752,4096,385,52738,16954
1753,4096,601,59654,29851
1754,4096,4106,45084,3692
1755,4096,4106,44955,3739
1756,4096,506,53580,27348
1757,4096,4106,45464,3717
1758,4096,47,16876,7622
1759,4096,961,79209,38070
1760,4096,4106,45160,3735
1761,4096,4106,44485,3825
1762,4096,4106,48137,3692
1763,4096,4106,44975,3752
1764,4096,4106,44566,3654
1765,4096,361,47038,16379
1766,4096,3862,45519,25395
1767,4096,4106,45543,3805
1768,4096,754,58545,27960
1769,4096,4106,45623,3793
1770,4096,4106,45387,3753
1771,4096,4106,45428,3709
1772,4096,3901,45261,21671
1773,4096,3772,55831,22589
1774,4096,4106,45111,3719
1775,4096,4106,50359,4139
1776,4096,4106,49472,4112
1777,4096,1053,87393,31185
1778,4096,364,57121,19920
1779,4096,4106,51692,4685
1780,4096,4106,49653,4076
1781,4096,4106,49222,4214
1782,4096,4106,49646,4076
1783,4096,4106,53448,4198
1784,4096,726,75871,28914
1785,4096,4106,49963,4182
1786,4096,4106,49850,4074
1787,4096,2988,52369,22924
1788,4096,2996,50565,21230
1789,4096,4106,50822,4199
1790,4096,4106,49372,4114
1791,4096,4106,49723,4197
1792,4096,4106,49430,4056
1793,4096,4106,49827,4130
1794,4096,3855,50310,23723
1795,4096,4106,50522,4149
1796,4096,4106,49509,4062
1797,4096,4106,49942,4131
1798,4096,4106,49449,4071
1799,4096,4106,53851,4210
1800,4096,4106,49964,4063
1801,4096,4106,51110,4544
1802,4096,4106,49816,4103
1803,4096,4106,50191,4123
1804,4096,1087,43353,17778
1805,4096,718,72169,35631
1806,4096,1006,89651,42927
1807,4096,1201,98663,46278
1808,4096,900,80141,38142
1809,4096,718,84166,38604
1810,4096,4106,50833,4212
1811,4096,4106,50968,4210
1812,4096,4106,50799,4043
1813,4096,3775,69809,28373
1814,4096,4106,50531,4149
1815,4096,4106,49844,4176
1816,4096,4106,49636,4090
1817,4096,584,68776,33487
1818,4096,4106,49837,4120
1819,4096,3485,79669,29675
1820,4096,977,82453,38806
1821,4096,4106,50490,4163
1822,4096,507,59241,20909
1823,4096,1084,45122,18501
1824,4096,3914,58423,23736
1825,4096,4106,51567,4370
1826,4096,4106,49286,4113
1827,4096,381,51098,17350
1828,4096,3881,50473,24168
1829,4096,4106,50746,4193
1830,4096,4106,49888,4161
1831,4096,4106,50233,4129
1832,4096,4106,49567,3057
1833,4096,4106,49626,4135
1834,4096,751,81603,28487
1835,4096,4106,59787,4212
1836,4096,610,68106,33004
1837,4096,2046,51339,19909
1838,4096,4106,50279,4053
1839,4096,3854,50487,24090
1840,4096,4106,50167,4066
1841,4096,4106,50570,4144
1842,4096,4106,49529,4069
1843,4096,4106,50685,4163
1844,4096,406,54187,19431
1845,4096,3931,50516,23715
1846,4096,3863,50071,23315
1847,4096,2984,51446,21485
1848,4096,4106,49957,4112
1849,4096,4106,50599,4172
1850,4096,4106,48701,4030
1851,4096,77,15904,8447
1852,4096,3872,50017,22862
1853,4096,3897,50481,22860
1854,4096,4106,49699,4129
1855,4096,443,62025,22190
1856,4096,4106,50054,4110
1857,4096,4106,50050,4313
1858,4096,3858,49864,23823
1859,4096,4106,49989,4227
1860,4096,4106,49401,4092
1861,4096,4106,54193,4236
1862,4096,4106,49339,4089
1863,4096,4106,49403,4178
1864,4096,870,81496,40381
1865,4096,4106,50015,4156
1866,4096,1644,91997,40966
1867,4096,4106,51075,4180
1868,4096,4106,49655,4088
1869,4096,508,64277,24097
1870,4096,624,66884,33171
1871,4096,4106,50149,4239
1872,4096,4106,50117,4046
1873,4096,4106,50208,4107
1874,4096,713,77236,39807
1875,4096,4106,52946,4664
1876,4096,4106,50244,4038
1877,4096,4106,50278,4174
1878,4096,830,86529,42145
1879,4096,1187,95938,43756
1880,4096,1791,47481,7609
1881,4096,754,65450,30846
1882,4096,1188,75965,37324
1883,4096,4106,50216,4236
1884,4096,3912,62736,25484
1885,4096,1093,85875,40226
1886,4096,77,16357,8611
1887,4096,399,55747,30520
1888,4096,287,45981,15464
1889,4096,845,83000,29856
1890,4096,447,56419,30672
1891,4096,713,81101,27423
1892,4096,4106,50666,4216
1893,4096,4106,52800,4695
1894,4096,3862,50697,24957
1895,4096,2935,55225,21998
1896,4096,4106,50300,4129
1897,4096,2931,53530,20535
1898,4096,968,96759,42934
1899,4096,4106,51568,4184
1900,4096,4106,50199,4117
1901,4096,597,66312,32795
1902,4096,4106,54273,4141
1903,4096,548,62826,30908
1904,4096,1002,92261,45374
1905,4096,326,51739,18140
1906,4096,4106,50465,4110
1907,4096,2391,53465,37124
1908,4096,4106,50051,4103
1909,4096,4106,50718,4263
1910,4096,1002,89971,34424
1911,4096,631,73443,26873
1912,4096,826,68661,33434
1913,4096,4106,50684,4100
1914,4096,460,58407,19991
1915,4096,4106,50835,4145
1916,4096,532,59292,20714
1917,4096,4106,50632,4176
1918,4096,863,92328,33178
1919,4096,911,67339,15031
1920,4096,4106,34696,2873
1921,4096,4106,35000,2885
1922,4096,4106,45618,4035
1923,4096,2991,37694,16313
1924,4096,4009,34649,16317
1925,4096,857,56248,26222
1926,4096,614,45580,22620
1927,4096,3858,35884,17336
1928,4096,791,50986,24190
1929,4096,4106,34912,2963
1930,4096,4106,34454,2854
1931,4096,4018,34998,16367
1932,4096,3859,34722,19147
1933,4096,4106,35028,2940
1934,4096,4106,34331,2856
1935,4096,4106,34649,2904
1936,4096,3921,34373,16248
1937,4096,440,38874,14052
1938,4096,4106,34623,2871
1939,4096,4106,35924,3248
1940,4096,4106,34583,2842
1941,4096,4106,34400,2869
1942,4096,422,37746,12958
1943,4096,373,35997,19127
1944,4096,1012,52844,21884
1945,4096,987,50328,22863
1946,4096,493,38786,19719
1947,4096,261,31525,18632
1948,4096,4013,34786,16356
1949,4096,528,43108,14532
1950,4096,3871,35225,16206
1951,4096,3845,35143,16341
1952,4096,1417,68960,30097
1953,4096,4106,36851,3202
1954,4096,36,10168,5795
1955,4096,415,38895,13074
1956,4096,71,11520,5641
1957,4096,1479,72527,33159
1958,4096,636,45779,15943
1959,4096,36,10339,5191
1960,4096,1595,69778,30990
1961,4096,81,11093,5623
1962,4096,1465,69751,31592
1963,4096,4106,36777,3253
1964,4096,246,32357,12778
1965,4096,4106,36323,3016
1966,4096,4106,34982,2842
1967,4096,4106,35665,2937
1968,4096,4106,34561,2858
1969,4096,1397,70538,31831
1970,4096,475,40954,14143
1971,4096,2282,34551,19394
1972,4096,86,11716,4500
1973,4096,1513,55914,18102
1974,4096,664,49328,24521
1975,4096,4106,35226,2930
1976,4096,4106,35243,2840
1977,4096,4106,30371,2529
1978,4096,4106,30297,2443
1979,4096,4106,30032,2503
1980,4096,4106,32004,2476
1981,4096,4106,30220,2479
1982,4096,1083,25622,11133
1983,4096,4106,30220,2506
1984,4096,3877,30062,14575
1985,4096,856,51752,24361
1986,4096,4106,29974,2493
1987,4096,4106,30016,2500
1988,4096,4106,30114,2483
1989,4096,125,11377,5617
1990,4096,4106,29908,2494
1991,4096,4106,29779,2508
1992,4096,457,34242,12166
1993,4096,3885,30398,14583
1994,4096,620,40308,19646
1995,4096,666,41886,15062
1996,4096,409,31901,17433
1997,4096,4106,30642,2543
1998,4096,3879,30554,14379
1999,4096,4012,30304,14225
2000,4096,4106,30067,2493
2001,4096,4106,30216,2533
2002,4096,4106,29942,2476
2003,4096,4106,29794,2488
2004,4096,404,32067,11483
2005,4096,943,46690,22420
2006,4096,4106,30494,2497
2007,4096,4106,29991,2525
2008,4096,4106,29772,2423
2009,4096,2994,31628,13714
2010,4096,826,44692,20718
2011,4096,4106,30595,2536
2012,4096,4106,30049,2447
2013,4096,4106,30117,2497
2014,4096,4106,29446,2459
2015,4096,345,31585,11796
2016,4096,4106,30101,2470
2017,4096,4106,29685,2484
2018,4096,4106,30005,2437
2019,4096,4106,30194,2479
2020,4096,4106,29669,2462
2021,4096,4106,40832,3399
2022,4096,4106,40434,3320
2023,4096,4106,40806,3397
2024,4096,1325,75801,35788
2025,4096,590,47580,26570
2026,4096,4106,40895,3356
2027,4096,4106,41138,3378
2028,4096,4106,40076,3319
2029,4096,4106,41144,3396
2030,4096,4106,40214,3333
2031,4096,4106,40796,3376
2032,4096,4106,40864,3332
2033,4096,667,57457,20317
2034,4096,36,11985,6365
2035,4096,625,55626,26905
2036,4096,4106,41117,3438
2037,4096,818,68141,26687
2038,4096,4106,40750,3343
2039,4096,501,48741,16737
2040,4096,4106,41030,3384
2041,4096,4106,41112,3404
2042,4096,4106,48199,3353
2043,4096,4106,40906,3413
2044,4096,594,54361,26263
2045,4096,4106,41643,3412
2046,4096,4106,41198,3332
2047,4096,4106,41054,3430
2048,4096,883,66122,31754
2049,4096,4106,41049,3417
2050,4096,4106,44213,3342
2051,4096,4015,40914,19827
2052,4096,4106,40468,3352
2053,4096,4106,40604,3424
2054,4096,2996,42488,18476
2055,4096,478,48450,16825
2056,4096,4106,40796,3344
2057,4096,4106,44351,3547
2058,4096,3889,40403,19852
2059,4096,789,59748,27921
2060,4096,568,52452,25677
2061,4096,4106,41451,3441
2062,4096,3979,40876,19623
2063,4096,4106,44121,3536
2064,4096,817,61344,29186
2065,4096,4106,41383,3488
2066,4096,508,72467,22112
2067,4096,4106,50652,4194
2068,4096,4106,53911,4136
2069,4096,310,49939,25767
2070,4096,4106,50498,4130
2071,4096,462,57776,30959
2072,4096,3853,49857,24113
2073,4096,4106,51882,4611
2074,4096,571,69249,25400
2075,4096,993,83636,40952
2076,4096,120,19287,9215
2077,4096,759,74134,27337
2078,4096,1490,102507,46813
2079,4096,4106,52179,4674
2080,4096,4106,50950,4143
2081,4096,1288,88055,38590
2082,4096,1073,87427,39071
2083,4096,1168,89363,40916
2084,4096,246,46423,17723
2085,4096,1043,78840,35364
2086,4096,4106,50906,4229
2087,4096,1043,76570,35978
2088,4096,1155,95596,44311
2089,4096,4106,52412,4654
2090,4096,445,59994,20723
2091,4096,4106,51503,4239
2092,4096,4106,50144,4084
2093,4096,4106,51557,4580
2094,4096,1148,80716,35290
2095,4096,1062,86129,30435
2096,4096,4106,50451,4098
2097,4096,4106,56132,4713
2098,4096,4106,49877,4071
2099,4096,3864,51454,25145
2100,4096,4106,50763,4173
2101,4096,4106,50245,4304
2102,4096,4106,49876,4069
2103,4096,4106,50153,4189
2104,4096,4106,49851,4082
2105,4096,4106,50319,4137
2106,4096,4106,50025,4054
2107,4096,4106,50078,4176
2108,4096,4106,49730,4093
2109,4096,4106,49430,4133
2110,4096,4106,49985,4077
2111,4096,3797,59228,28903
2112,4096,4106,60014,4095
2113,4096,4106,41382,3380
2114,4096,2995,41906,17970
2115,4096,1080,34571,14578
2116,4096,4106,40916,3305
2117,4096,4106,41227,3423
2118,4096,4106,40639,3340
2119,4096,636,56768,27810
2120,4096,4106,40795,3319
2121,4096,4106,40923,3382
2122,4096,4106,40229,3364
2123,4096,465,46715,25682
2124,4096,420,49764,17908
2125,4096,3868,44558,19560
2126,4096,4106,41772,3378
2127,4096,4106,40951,3408
2128,4096,546,52610,25706
2129,4096,400,44907,15396
2130,4096,516,49247,17064
2131,4096,4106,40945,3428
2132,4096,4106,43967,3404
2133,4096,4106,41431,3392
2134,4096,718,69927,34937
2135,4096,3850,42533,20386
2136,4096,646,55235,25951
2137,4096,4106,41463,3490
2138,4096,4106,41219,3366
2139,4096,4106,40845,3388
2140,4096,3812,55936,26036
2141,4096,4106,41546,3436
2142,4096,4106,41032,3329
2143,4096,4106,40950,3376
2144,4096,4106,40760,3306
2145,4096,4106,40792,3335
2146,4096,407,44023,15380
2147,4096,4106,40942,3403
2148,4096,4106,40260,3320
2149,4096,4106,40676,3422
2150,4096,3880,40706,19762
2151,4096,4106,42949,3809
2152,4096,4106,40816,3318
2153,4096,725,69029,24197
2154,4096,4106,41449,3389
2155,4096,4106,44181,3469
2156,4096,4106,40731,3328
2157,4096,4106,45035,3723
2158,4096,4106,44803,3671
2159,4096,4106,44655,3765
2160,4096,4106,44437,3696
2161,4096,782,72019,25157
2162,4096,36,13812,6985
2163,4096,4106,45345,3716
2164,4096,4106,45076,3654
2165,4096,4020,46218,22072
2166,4096,4106,44758,3692
2167,4096,4106,45309,3736
2168,4096,1083,38825,16095
2169,4096,4106,44850,3736
2170,4096,4106,44409,3655
2171,4096,608,61366,30598
2172,4096,4106,45116,3692
2173,4096,228,39545,18817
2174,4096,1057,76469,27074
2175,4096,4106,44564,3789
2176,4096,237,41669,13812
2177,4096,429,72901,37630
2178,4096,4106,45307,3749
2179,4096,592,60508,29916
2180,4096,444,50959,18355
2181,4096,4106,45563,3771
2182,4096,4106,45101,3708
2183,4096,4106,45286,3841
2184,4096,3860,45601,21941
2185,4096,4106,45448,3743
2186,4096,4106,45112,3655
2187,4096,4106,44926,3719
2188,4096,4106,44767,3660
2189,4096,4106,44954,3723
2190,4096,4106,44399,3688
2191,4096,4106,44932,3765
2192,4096,259,37843,12999
2193,4096,3866,45580,21779
2194,4096,4106,45075,3692
2195,4096,4106,44886,3752
2196,4096,4106,44747,3648
2197,4096,523,54873,19442
2198,4096,4106,44834,3665
2199,4096,1082,48329,20211
2200,4096,3893,56457,26163
2201,4096,4106,56247,4708
2202,4096,4106,56164,4587
2203,4096,4106,56032,4635
2204,4096,3885,56132,30774
2205,4096,4106,56365,4747
2206,4096,871,91521,42149
2207,4096,4106,56462,4739
2208,4096,4106,59556,4651
2209,4096,4106,56376,4687
2210,4096,140,38498,10424
2211,4096,1272,96929,32911
2212,4096,4106,56133,4634
2213,4096,4106,55668,4647
2214,4096,3890,56449,27168
2215,4096,4106,58083,5152
2216,4096,4106,59835,4594
2217,4096,4106,56788,4703
2218,4096,1145,102271,50033
2219,4096,409,64843,22081
2220,4096,818,93917,36506
2221,4096,4106,61815,5273
2222,4096,4033,56587,26883
2223,4096,3917,74367,8598
2224,4096,476,65187,22467
2225,4096,4106,56592,4707
2226,4096,4106,60936,4711
2227,4096,611,72140,35729
2228,4096,3874,56639,27155
2229,4096,4106,58048,5199
2230,4096,890,84991,40991
2231,4096,4106,57437,4996
2232,4096,3865,56620,27307
2233,4096,1093,51278,20168
2234,4096,4106,56312,4678
2235,4096,3852,73091,29013
2236,4096,510,71023,22352
2237,4096,4106,58445,5192
2238,4096,4106,56025,4678
2239,4096,1188,87584,38769
2240,4096,3855,61527,26682
2241,4096,4106,50266,4234
2242,4096,4106,50161,4049
2243,4096,4106,50456,4148
2244,4096,405,53757,19431
2245,4096,484,58165,20767
2246,4096,4106,50193,4146
2247,4096,4106,50488,4199
2248,4096,4106,49665,4084
2249,4096,4106,49513,4183
2250,4096,4106,49783,4130
2251,4096,1105,77939,37434
2252,4096,70,16118,8130
2253,4096,899,81685,37036
2254,4096,964,90363,33017
2255,4096,1054,83359,36794
2256,4096,4106,50859,4144
2257,4096,4106,50124,4203
2258,4096,4106,49542,4083
2259,4096,4106,49873,4143
2260,4096,753,84714,35842
2261,4096,4106,49868,4151
2262,4096,3854,50253,24204
2263,4096,4106,50082,4176
2264,4096,4106,49541,4136
2265,4096,3876,49378,23895
2266,4096,4106,49836,4089
2267,4096,3852,50388,23463
2268,4096,4106,51281,4116
2269,4096,3679,58691,24541
2270,4096,1505,85544,37084
2271,4096,699,81406,42025
2272,4096,3880,50906,23496
2273,4096,4106,50818,4198
2274,4096,4106,49736,4127
2275,4096,4106,50026,4205
2276,4096,4106,49958,4092
2277,4096,928,89132,32771
2278,4096,890,83410,31610
2279,4096,1363,100081,45921
2280,4096,4106,50679,4116
2281,4096,4106,50745,4180
2282,4096,4106,50119,4115
2283,4096,4106,51068,4378
2284,4096,4106,49723,4088
2285,4096,4106,52353,4632
2286,4096,4106,50140,4062
2287,4096,398,57299,20488
2288,4096,4106,50444,4081
2289,4096,3858,52369,25600
2290,4096,4106,59446,3783
2291,4096,4106,46043,4148
2292,4096,4106,49070,3694
2293,4096,436,50423,18170
2294,4096,276,38376,11143
2295,4096,391,49106,26633
2296,4096,4106,44780,3761
2297,4096,793,65352,31554
2298,4096,864,72835,34708
2299,4096,4106,50864,4156
2300,4096,4106,45452,3665
2301,4096,888,73308,33952
2302,4096,877,72709,32420
2303,4096,603,59193,29275
2304,4096,4106,45281,3717
2305,4096,4106,46916,4099
2306,4096,3868,45334,21971
2307,4096,4106,46988,4134
2308,4096,4106,44906,3629
2309,4096,4106,46420,4092
2310,4096,442,50282,27145
2311,4096,973,87485,39639
2312,4096,4106,45637,3668
2313,4096,4106,45637,3730
2314,4096,4106,44865,3678
2315,4096,4106,45062,3757
2316,4096,4106,45002,3641
2317,4096,4106,44867,3765
2318,4096,4106,44734,3648
2319,4096,926,73653,26561
2320,4096,4106,44881,3641
2321,4096,4106,45044,3687
2322,4096,4106,44840,3686
2323,4096,4106,45149,3759
2324,4096,4106,44456,3683
2325,4096,4106,44827,3709
2326,4096,4106,45115,3709
2327,4096,545,57365,32152
2328,4096,4106,45155,3661
2329,4096,549,57014,29740
2330,4096,4106,44994,3666
2331,4096,4106,44669,3749
2332,4096,4106,44856,3676
2333,4096,4106,45399,3738
2334,4096,4106,44541,3721
2335,4096,4106,44095,3721
2336,4096,4106,44526,3654
2337,4096,4106,44978,3747
2338,4096,4106,44385,3729
2339,4096,4106,44829,3725
2340,4096,4106,44792,3648
2341,4096,381,45294,15210
2342,4096,4106,44726,3669
2343,4096,4106,44964,3718
2344,4096,4106,44694,3657
2345,4096,4106,48269,5057
2346,4096,4106,70008,5439
2347,4096,412,52773,28553
2348,4096,4106,45120,3689
2349,4096,4106,45019,3760
2350,4096,1388,80850,36905
2351,4096,1081,40597,16589
2352,4096,4106,44908,3693
2353,4096,405,50056,18252
2354,4096,4106,44916,3720
2355,4096,4106,44774,3744
2356,4096,1150,90029,39913
2357,4096,4106,47909,4420
2358,4096,4106,44689,3656
2359,4096,4106,45924,3867
2360,4096,4106,44632,3654
2361,4096,256,39498,11439
2362,4096,4106,44971,3643
2363,4096,4106,46063,3853
2364,4096,3999,45142,22424
2365,4096,376,48262,16805
2366,4096,4106,45179,3687
2367,4096,517,60680,21255
2368,4096,4106,44922,3697
2369,4096,948,88380,38232
2370,4096,645,62567,30257
2371,4096,4106,47039,4116
2372,4096,4106,44606,3667
2373,4096,4106,44829,3729
2374,4096,740,73512,25726
2375,4096,4106,45720,3823
2376,4096,376,48099,17337
2377,4096,4106,46407,4056
2378,4096,4106,44548,3695
2379,4096,1359,90488,39760
2380,4096,4106,45174,3729
2381,4096,4106,62635,4149
2382,4096,1301,98157,46093
2383,4096,4106,51466,4292
2384,4096,4106,49552,4056
2385,4096,3868,50780,24704
2386,4096,3687,63026,25145
2387,4096,4106,50586,4196
2388,4096,617,75504,24577
2389,4096,785,73820,33973
2390,4096,164,36292,9320
2391,4096,422,54214,19178
2392,4096,4106,50231,4149
2393,4096,3877,50698,23714
2394,4096,478,57895,20243
2395,4096,3911,50334,31801
2396,4096,507,60173,20671
2397,4096,4106,50551,4215
2398,4096,4106,49751,4109
2399,4096,4106,50839,4243
2400,4096,4106,49609,4120
2401,4096,433,63183,22608
2402,4096,4106,49835,4150
2403,4096,937,75971,45284
2404,4096,4106,49937,4245
2405,4096,4106,50298,4143
2406,4096,4106,50602,4063
2407,4096,4106,50043,4284
2408,4096,4106,50065,4077
2409,4096,3855,50485,24444
2410,4096,4106,49589,4078
2411,4096,4106,50205,4290
2412,4096,126,18977,8800
2413,4096,4106,50038,4163
2414,4096,3860,49774,23784
2415,4096,4106,50068,4382
2416,4096,4106,49738,4056
2417,4096,485,58002,20576
2418,4096,4106,49843,4152
2419,4096,4106,49543,4303
2420,4096,1319,101771,37012
2421,4096,765,65721,31995
2422,4096,4106,50525,4148
2423,4096,3672,68340,25059
2424,4096,3867,50478,23428
2425,4096,1150,83062,39733
2426,4096,856,78865,36154
2427,4096,4106,47169,4133
2428,4096,4106,44612,3703
2429,4096,77,15831,7419
2430,4096,4106,45507,2435
2431,4096,261,41490,24433
2432,4096,4106,45177,3702
2433,4096,636,61745,30039
2434,4096,4106,45615,3712
2435,4096,4106,45580,3895
2436,4096,4106,44662,3640
2437,4096,4106,46709,4122
2438,4096,2995,46792,20722
2439,4096,4106,45386,3787
2440,4096,625,60041,29798
2441,4096,420,54675,19750
2442,4096,431,52407,19214
2443,4096,4106,46892,4147
2444,4096,3000,46678,20605
2445,4096,3736,52199,22172
2446,4096,517,56238,28760
2447,4096,442,52649,19646
2448,4096,520,54981,19101
2449,4096,371,46620,16554
2450,4096,4106,45276,3698
2451,4096,126,15950,7891
2452,4096,4106,45047,3723
2453,4096,1057,85833,39745
2454,4096,4106,45204,3693
2455,4096,4106,45539,3716
2456,4096,802,67069,24962
2457,4096,987,65179,30376
2458,4096,430,49771,17225
2459,4096,4106,45058,3822
2460,4096,4106,45409,3697
2461,4096,4106,45198,3717
2462,4096,4106,45225,3681
2463,4096,4106,49063,3809
2464,4096,455,55115,18966
2465,4096,4106,45434,3736
2466,4096,714,67603,32589
2467,4096,1048,82464,39356
2468,4096,3871,45651,21580
2469,4096,597,68754,24403
2470,4096,4106,45342,3672
2471,4096,3851,45417,21649
2472,4096,3866,45556,20779
2473,4096,239,37949,11138
2474,4096,4106,45246,7272
2475,4096,4106,45905,3756
2476,4096,3864,44548,21049
2477,4096,4106,45368,3813
2478,4096,376,48369,17481
2479,4096,4106,38349,3214
2480,4096,4106,36708,3034
2481,4096,4106,40153,3152
2482,4096,3851,37557,17690
2483,4096,4106,37354,3147
2484,4096,4106,37238,3044
2485,4096,4106,37624,3087
2486,4096,4106,37237,3070
2487,4096,977,65562,24235
2488,4096,1331,73610,33578
2489,4096,4106,38121,3182
2490,4096,4106,37033,3086
2491,4096,3841,37855,17869
2492,4096,409,40468,21980
2493,4096,4106,37636,3116
2494,4096,4106,40571,3091
2495,4096,4106,37432,3096
2496,4096,4106,37456,3050
2497,4096,4106,37858,3110
2498,4096,4106,37446,3038
2499,4096,4106,37535,3092
2500,4096,4106,37076,3059
2501,4096,3955,49640,5710
2502,4096,3867,37734,17658
2503,4096,4106,37718,3080
2504,4096,2947,40987,15956
2505,4096,460,42703,15680
2506,4096,1521,76479,33585
2507,4096,545,45547,15647
2508,4096,1084,31967,13224
2509,4096,4106,38116,3119
2510,4096,4106,37416,3108
2511,4096,2903,72096,29786
2512,4096,4106,37419,3121
2513,4096,725,61745,21767
2514,4096,345,39158,14209
2515,4096,4106,38301,3136
2516,4096,3874,37862,17776
2517,4096,3703,43584,18801
2518,4096,4106,38179,3095
2519,4096,4106,37100,3107
2520,4096,4106,37369,3084
2521,4096,4106,37750,3121
2522,4096,4106,37424,3047
2523,4096,4106,45627,3736
2524,4096,4106,44745,3634
2525,4096,1206,78358,27371
2526,4096,890,75006,27993
2527,4096,590,60262,30039
2528,4096,422,49245,16358
2529,4096,706,64491,30746
2530,4096,4106,45332,3717
2531,4096,4106,45357,3729
2532,4096,4106,44918,3658
2533,4096,4106,45653,3765
2534,4096,835,69492,33063
2535,4096,4106,45173,3734
2536,4096,4106,45152,3642
2537,4096,588,57721,28712
2538,4096,892,77217,28805
2539,4096,818,74968,28912
2540,4096,120,17078,7743
2541,4096,902,78936,36674
2542,4096,1093,83697,37723
2543,4096,1068,79088,40907
2544,4096,1660,69327,21437
2545,4096,1154,81290,38295
2546,4096,384,52620,28428
2547,4096,248,44063,25800
2548,4096,237,41147,14365
2549,4096,4106,46084,3809
2550,4096,231,37411,11572
2551,4096,801,64638,23699
2552,4096,1365,89126,40863
2553,4096,699,75452,34178
2554,4096,4106,46850,3825
2555,4096,426,51633,28806
2556,4096,754,59200,27956
2557,4096,1447,82134,35088
2558,4096,869,74448,28320
2559,4096,4106,46395,3739
2560,4096,508,57337,20464
2561,4096,499,59301,30060
2562,4096,535,54849,19536
2563,4096,271,38572,10609
2564,4096,409,51809,26187
2565,4096,420,53616,20071
2566,4096,890,76401,27654
2567,4096,481,52230,25969
2568,4096,4106,46500,3720
2569,4096,162,32424,8225
2570,4096,757,56238,27982
2571,4096,4106,46558,3751
2572,4096,666,62410,22071
2573,4096,4106,45904,3737
2574,4096,824,65359,32009
2575,4096,160,31917,8216
2576,4096,979,76808,34204
2577,4096,1196,82127,34896
2578,4096,713,71648,24922
2579,4096,4106,46124,3741
2580,4096,847,73262,35411
2581,4096,36,12923,6793
2582,4096,4106,46505,3765
2583,4096,4106,46172,3662
2584,4096,4106,45607,3692
2585,4096,1747,81930,35784
2586,4096,450,50770,26662
2587,4096,970,66270,29561
2588,4096,4106,45417,3728
2589,4096,1039,76292,35438
2590,4096,1396,87334,40091
2591,4096,856,78320,35699
2592,4096,4106,45758,3736
2593,4096,883,63816,28323
2594,4096,166,32911,8318
2595,4096,549,57888,29175
2596,4096,1188,73403,30083
2597,4096,4106,46363,3727
2598,4096,831,76129,36503
2599,4096,774,64234,31126
2600,4096,540,55675,26833
2601,4096,4106,46439,3879
2602,4096,3846,46670,21820
2603,4096,126,17705,7928
2604,4096,4106,48998,3772
2605,4096,799,69153,34193
2606,4096,1193,85226,36964
2607,4096,712,34017,11909
2608,4096,122,9103,4468
2609,4096,1311,49590,22794
2610,4096,801,41970,15616
2611,4096,4106,25740,2116
2612,4096,4106,25538,2071
2613,4096,129,9421,4701
2614,4096,907,41733,18952
2615,4096,4106,25854,2102
2616,4096,4106,25300,2038
2617,4096,762,42671,19276
2618,4096,4106,25314,2078
2619,4096,471,27277,13861
2620,4096,2993,26255,11064
2621,4096,4106,25584,2091
2622,4096,1505,42781,18344
2623,4096,572,35086,12666
2624,4096,237,22980,7938
2625,4096,299,24009,13494
2626,4096,4106,25306,2076
2627,4096,523,30939,12630
2628,4096,568,33957,12384
2629,4096,1121,47722,17457
2630,4096,4106,25388,2067
2631,4096,339,24574,15757
2632,4096,433,30959,10812
2633,4096,792,36881,12870
2634,4096,802,37028,13312
2635,4096,1635,45111,19974
2636,4096,751,35485,17052
2637,4096,951,38055,17412
2638,4096,1203,41183,17804
2639,4096,4106,26752,2329
2640,4096,797,36017,17061
2641,4096,4106,26185,2155
2642,4096,725,41234,14241
2643,4096,785,34801,16702
2644,4096,747,35892,12703
2645,4096,539,31195,15649
2646,4096,4106,24783,2068
2647,4096,409,26669,14508
2648,4096,420,29624,10813
2649,4096,506,29673,15163
2650,4096,4106,25664,2055
2651,4096,324,25462,9628
2652,4096,847,41475,14757
2653,4096,481,29177,14490
2654,4096,1458,44602,18944
2655,4096,1078,46266,21523
2656,4096,207,22403,13027
2657,4096,59,8087,3468
2658,4096,3994,25893,11935
2659,4096,992,23707,9067
2660,4096,3862,27706,11724
2661,4096,3864,25444,11678
2662,4096,299,23885,13078
2663,4096,3850,47823,6242
2664,4096,508,43214,14526
2665,4096,3898,25704,14363
2666,4096,3913,24906,11405
2667,4096,3907,24801,11221
2668,4096,3883,23917,11221
2669,4096,3884,24821,11380
2670,4096,3899,24708,11092
2671,4096,3892,24817,11102
2672,4096,4106,25287,2118
2673,4096,3848,25422,11517
2674,4096,3827,25024,11294
2675,4096,4106,25745,2131
2676,4096,3805,27376,11373
2677,4096,1266,24335,9329
2678,4096,4106,25301,2074
2679,4096,4106,21743,1793
2680,4096,4106,21015,1791
2681,4096,3784,21492,9983
2682,4096,4106,21414,1785
2683,4096,3828,21371,9843
2684,4096,4106,21362,1776
2685,4096,4106,21489,1774
2686,4096,4106,21686,1753
2687,4096,3795,21327,9856
2688,4096,3840,20594,9615
2689,4096,4106,21507,1814
2690,4096,4106,21441,1776
2691,4096,4106,21422,1787
2692,4096,4106,21289,1747
2693,4096,4106,21425,1778
2694,4096,4106,21390,1747
2695,4096,4106,21320,1777
2696,4096,4106,21247,1742
2697,4096,4106,21364,1780
2698,4096,4106,21176,1741
2699,4096,4106,21487,1773
2700,4096,4106,21287,1755
2701,4096,4106,21397,1793
2702,4096,4106,21194,1734
2703,4096,4106,21450,1780
2704,4096,4106,21415,1752
2705,4096,4106,21642,1776
2706,4096,4106,21381,1748
2707,4096,4106,21451,1793
2708,4096,4106,21369,1752
2709,4096,4106,21351,1796
2710,4096,4106,21565,1820
2711,4096,4106,30140,2496
2712,4096,4106,29740,2438
2713,4096,4106,13668,2472
2714,4096,4106,29816,2443
2715,4096,4106,30103,2474
2716,4096,4106,29607,2438
2717,4096,4106,31300,2766
2718,4096,4106,29787,2445
2719,4096,4106,32899,2764
2720,4096,4106,29516,2435
2721,4096,4106,30604,2712
2722,4096,4106,29614,2434
2723,4096,4106,30425,2726
2724,4096,884,55179,19434
2725,4096,4106,30125,2502
2726,4096,4106,30041,2439
2727,4096,4106,30141,2508
2728,4096,4106,30097,2455
2729,4096,4106,30005,2500
2730,4096,4106,29741,2459
2731,4096,4106,29999,2476
2732,4096,4106,29556,2429
2733,4096,4106,30979,4216
2734,4096,4106,30061,2490
2735,4096,4106,29820,2499
2736,4096,4106,29876,2429
2737,4096,4106,31109,2774
2738,4096,2205,59854,23824
2739,4096,4106,30013,2492
2740,4096,4106,29986,2464
2741,4096,4106,30171,2481
2742,4096,4106,29687,2449
2743,4096,4106,30094,2474
2744,4096,4106,30271,2450
2745,4096,4016,46429,5478
2746,4096,4106,30166,2442
2747,4096,4106,40788,3400
2748,4096,4106,40383,3299
2749,4096,4106,40886,3402
2750,4096,4106,40556,3328
2751,4096,4106,41200,3407
2752,4096,4106,40260,3335
2753,4096,4106,40589,3380
2754,4096,4106,40545,2871
2755,4096,4106,42004,3757
2756,4096,4106,40411,3342
2757,4096,4106,42219,3747
2758,4096,4106,40418,3350
2759,4096,4106,41010,3400
2760,4096,4106,40578,3330
2761,4096,4106,40940,3382
2762,4096,4106,40345,3357
2763,4096,4106,40702,3371
2764,4096,4106,43927,3342
2765,4096,366,48529,27118
2766,4096,4106,41243,3325
2767,4096,4106,40985,3395
2768,4096,4106,40752,3335
2769,4096,4106,40613,3380
2770,4096,4106,40453,3342
2771,4096,4106,40619,3403
2772,4096,4106,40115,3340
2773,4096,2002,40767,17000
2774,4096,4106,40661,3331
2775,4096,4106,40659,3413
2776,4096,4106,40825,3339
2777,4096,4106,40760,3373
2778,4096,4106,40789,3312
2779,4096,4106,40579,3392
2780,4096,4106,40134,3333
2781,4096,4106,40569,3362
2782,4096,4106,43562,3382
2783,4096,4106,42004,3740
2784,4096,4106,66137,4653
2785,4096,4106,57935,5253
2786,4096,4106,55756,4579
2787,4096,4106,55627,4703
2788,4096,4106,55963,4569
2789,4096,4106,55723,4691
2790,4096,4106,55188,4552
2791,4096,4106,56121,4693
2792,4096,4106,55182,4563
2793,4096,3617,65640,27785
2794,4096,3753,56487,27032
2795,4096,1035,107329,48611
2796,4096,4106,56325,4651
2797,4096,4106,56389,4745
2798,4096,381,57356,19322
2799,4096,419,61890,21662
2800,4096,417,62742,22059
2801,4096,4106,56982,4741
2802,4096,944,102674,49322
2803,4096,873,96521,44415
2804,4096,4106,56657,4667
2805,4096,345,58933,21939
2806,4096,4106,56950,4638
2807,4096,4106,60896,4811
2808,4096,4106,56080,4559
2809,4096,3005,59761,25439
2810,4096,419,61092,21397
2811,4096,4106,57113,5207
2812,4096,1505,97175,42259
2813,4096,1460,93583,40569
2814,4096,1103,111180,48166
2815,4096,387,60810,21279
2816,4096,1505,94877,40166
2817,4096,587,75988,26544
2818,4096,4106,56724,4614
2819,4096,4106,58949,5209
2820,4096,4106,57158,4603
2821,4096,473,65971,22949
2822,4096,4106,56292,4667
2823,4096,4106,56853,4760
2824,4096,4106,55157,4591
2825,4096,4106,56742,4700
2826,4096,4106,55698,4558
2827,4096,4106,65045,4215
2828,4096,442,59384,21528
2829,4096,4106,51952,4678
2830,4096,4106,49546,4056
2831,4096,4106,50300,4200
2832,4096,4106,49339,4036
2833,4096,4106,50084,4189
2834,4096,514,60582,21191
2835,4096,4106,49740,4168
2836,4096,4106,49949,4093
2837,4096,4106,49958,4187
2838,4096,3852,50680,24651
2839,4096,4106,54073,4231
2840,4096,4106,49650,4083
2841,4096,1285,91059,39836
2842,4096,4106,50267,4125
2843,4096,4106,50380,4238
2844,4096,4106,53662,4159
2845,4096,4106,50358,4217
2846,4096,3876,49884,24403
2847,4096,765,71223,31982
2848,4096,496,59305,20682
2849,4096,4106,50221,4229
2850,4096,4106,49723,4140
2851,4096,754,65433,31611
2852,4096,4106,49970,4103
2853,4096,4106,50070,4188
2854,4096,4106,49841,4050
2855,4096,1189,75873,33825
2856,4096,428,60125,20943
2857,4096,413,56029,19638
2858,4096,4106,49641,4159
2859,4096,4106,49530,4210
2860,4096,4106,48795,4069
2861,4096,1078,44447,18141
2862,4096,433,54395,18600
2863,4096,679,70478,34314
2864,4096,4106,49924,4118
2865,4096,3838,50850,24126
2866,4096,4106,49934,4124
2867,4096,4106,52761,4740
2868,4096,310,48820,26247
2869,4096,2928,57454,22796
2870,4096,4106,49837,4150
2871,4096,426,57161,21070
2872,4096,3864,50532,23714
2873,4096,4106,50169,4227
2874,4096,4106,49545,4050
2875,4096,4106,50524,4138
2876,4096,830,77380,29131
2877,4096,4106,50366,4194
2878,4096,537,61645,31160
2879,4096,4106,49894,4135
2880,4096,4106,49768,4067
2881,4096,4106,49955,4169
2882,4096,4106,50171,4087
2883,4096,494,57976,20227
2884,4096,3858,50672,23898
2885,4096,4106,50146,4226
2886,4096,1090,86366,31042
2887,4096,4106,50486,4172
2888,4096,4106,49436,4050
2889,4096,4106,50104,4143
2890,4096,4106,49532,4051
2891,4096,4106,54451,4203
2892,4096,4106,49336,4053
2893,4096,426,56775,20478
2894,4096,4106,50244,4070
2895,4096,681,76033,27266
2896,4096,4106,50321,4080
2897,4096,4106,50278,4156
2898,4096,4106,50159,4045
2899,4096,684,69242,24700
2900,4096,4106,49044,4103
2901,4096,4106,50430,4131
2902,4096,4106,49556,4049
2903,4096,4106,50134,4113
2904,4096,4106,49627,4052
2905,4096,4106,49984,4128
2906,4096,4106,50053,4049
2907,4096,590,65659,33190
2908,4096,4106,49563,4103
2909,4096,4106,49567,4140
2910,4096,4106,49765,4056
2911,4096,3875,50379,24469
2912,4096,4106,50199,4176
2913,4096,4106,49685,4176
2914,4096,4106,49882,4318
2915,4096,439,54776,19219
2916,4096,4106,49196,4116
2917,4096,1058,80963,37284
2918,4096,128,33971,17403
2919,4096,442,56338,30004
2920,4096,4106,49136,4169
2921,4096,4106,49909,4181
2922,4096,545,63050,22455
2923,4096,1083,90722,42600
2924,4096,4106,50010,4169
2925,4096,369,52504,17780
2926,4096,573,60524,21475
2927,4096,4106,50231,4173
2928,4096,4106,50625,4123
2929,4096,4106,50002,4121
2930,4096,4106,50050,4057
2931,4096,4106,50706,4170
2932,4096,4106,49052,4066
2933,4096,4106,50336,4145
2934,4096,397,52242,18408
2935,4096,3861,50866,24518
2936,4096,496,57997,20383
2937,4096,4106,49880,4170
2938,4096,657,67563,34019
2939,4096,4106,55849,4640
2940,4096,4106,50028,4093
2941,4096,4106,50378,4148
2942,4096,3781,48672,24148
