1,4096,152,17100,14372
2,4096,424,20641,22478
3,4096,800,48490,35882
4,4096,224,12367,11970
5,4096,1232,58721,61995
6,4096,864,40393,46429
7,4096,1520,92938,69568
8,4096,1608,77996,56391
9,4096,1192,51187,49456
10,4096,1256,47482,63312
11,4096,3168,333943,229293
12,4096,2008,81277,69543
13,4096,2112,70124,60981
14,4096,3728,204125,146611
15,4096,1544,79699,58388
16,4096,488,23336,20548
17,4096,448,21587,23212
18,4096,800,40749,32234
19,4096,1064,38686,29817
20,4096,3672,184749,132602
21,4096,1792,68683,64983
22,4096,904,46193,37599
23,4096,1448,62400,49024
24,4096,856,27322,22433
25,4096,936,43727,56359
26,4096,1088,27429,30516
27,4096,2808,154396,111812
28,4096,2216,116090,88404
29,4096,1144,67082,56706
30,4096,1344,87756,63774
31,4096,384,21044,18490
32,4096,1896,117573,86237
33,4096,2312,84638,69754
34,4096,208,10514,11048
35,4096,1128,53938,63195
36,4096,1920,108066,75787
37,4096,1224,69868,53279
38,4096,1024,55540,47396
39,4096,4240,103389,81090
40,4096,4240,106266,82687
41,4096,4240,124886,92210
42,4096,4240,149374,111088
43,4096,4240,110586,84449
44,4096,4240,105633,80069
45,4096,4240,80624,60333
46,4096,4240,68310,53966
47,4096,4240,69019,53450
48,4096,4240,71064,53828
49,4096,4240,73140,55194
50,4096,4240,66442,50980
51,4096,4240,76045,58878
52,4096,4240,67035,51619
53,4096,4240,74888,56639
54,4096,4240,70273,54401
55,4096,4240,76352,59517
56,4096,4240,69855,55192
57,4096,4240,72826,55180
58,4096,4240,69904,54052
59,4096,4240,70912,53781
60,4096,4240,65164,50708
61,4096,4240,67002,52033
62,4096,4240,68417,52316
63,4096,4240,76401,58425
64,4096,4240,72357,53565
65,4096,4240,73737,56249
66,4096,4240,84560,62933
67,4096,4240,80079,62867
68,4096,4240,80726,60433
69,4096,4240,83847,65614
70,4096,4240,78212,61240
71,4096,4240,87007,66731
72,4096,4240,80367,64351
73,4096,2192,111680,75220
74,4096,4240,91106,71057
75,4096,4240,81649,62304
76,4096,4240,77334,62330
77,4096,4240,76343,59889
78,4096,4240,79686,63791
79,4096,4240,256618,185463
80,4096,4240,88203,68703
81,4096,4240,78025,61871
82,4096,840,34969,30566
83,4096,4240,80487,63903
84,4096,4240,79240,61492
85,4096,4240,83437,63360
86,4096,4240,86812,70394
87,4096,4240,93674,71913
88,4096,4240,89003,68208
89,4096,4240,81165,65783
90,4096,4240,84806,68338
91,4096,4240,83726,64850
92,4096,4240,76849,61384
93,4096,4240,78427,60502
94,4096,4240,82697,63806
95,4096,4240,80601,63070
96,4096,2192,111499,77802
97,4096,4240,86556,68178
98,4096,4240,77696,62202
99,4096,4240,85663,67976
100,4096,4240,73337,58304
101,4096,4240,53988,42617
102,4096,4240,52739,41504
103,4096,4240,62789,46908
104,4096,4240,51665,41474
105,4096,4240,58435,46597
106,4096,904,24749,21349
107,4096,4240,54751,42805
108,4096,2192,77227,52476
109,4096,4240,53887,42610
110,4096,4240,55026,41857
111,4096,4240,55582,42326
112,4096,4240,50659,39897
113,4096,4240,52497,41867
114,4096,4240,56455,44214
115,4096,4240,53054,41336
116,4096,4240,53156,41204
117,4096,3280,110461,74234
118,4096,4240,56617,43369
119,4096,4240,56607,43765
120,4096,4240,52219,41933
121,4096,4240,55495,41905
122,4096,4240,55302,43528
123,4096,4240,55991,43649
124,4096,4240,50600,40170
125,4096,4240,59844,46105
126,4096,4240,57682,44882
127,4096,4240,56621,44931
128,4096,3280,115519,80318
129,4096,4240,56581,44670
130,4096,4240,58980,45861
131,4096,4240,57616,45085
132,4096,4240,60495,45134
133,4096,4240,54425,42228
134,4096,4240,51850,41131
135,4096,4240,55303,42262
136,4096,4240,57753,45368
137,4096,4240,52608,40819
138,4096,4240,44008,34914
139,4096,4240,43873,35129
140,4096,4240,45730,35411
141,4096,4240,42287,32705
142,4096,4240,45798,35085
143,4096,4240,47939,37094
144,4096,4240,46393,36133
145,4096,4240,42984,33096
146,4096,4240,49396,38890
147,4096,4240,48674,39102
148,4096,4240,44529,34941
149,4096,4240,48058,37659
150,4096,4240,51216,41073
151,4096,4240,48552,37969
152,4096,4240,48977,37836
153,4096,4240,42657,33961
154,4096,1264,27955,23643
155,4096,4240,45629,35848
156,4096,4240,45420,37781
157,4096,4240,59471,45115
158,4096,4240,120186,81416
159,4096,4240,50300,38712
160,4096,4240,48953,37873
161,4096,4240,47555,38088
162,4096,736,19938,15780
163,4096,4240,47569,36046
164,4096,4240,58034,45130
165,4096,872,19011,16775
166,4096,4240,46634,36222
167,4096,4240,47073,35740
168,4096,4240,49493,37407
169,4096,4240,52403,40355
170,4096,832,18262,15452
171,4096,4240,49509,39265
172,4096,4240,42042,33734
173,4096,4240,52708,41665
174,4096,4240,53443,40588
175,4096,4240,50809,39480
176,4096,4240,53818,41328
177,4096,4240,52457,39683
178,4096,4240,49352,38136
179,4096,4240,50387,39452
180,4096,4240,47618,36904
181,4096,4240,46044,36373
182,4096,4240,53841,43240
183,4096,592,15706,14819
184,4096,4240,46602,34606
185,4096,4240,48566,38883
186,4096,4240,129753,87391
187,4096,4240,54947,43106
188,4096,4240,46926,36423
189,4096,4240,50919,41884
190,4096,4240,51129,39431
191,4096,4240,61661,47073
192,4096,4240,48455,37420
193,4096,4240,49634,38114
194,4096,4240,54522,41907
195,4096,784,21069,18039
196,4096,4240,51376,40252
197,4096,4240,47821,37368
198,4096,4240,52025,40699
199,4096,4240,49674,38842
200,4096,4240,46906,37163
201,4096,4240,70129,53642
202,4096,4240,50444,40193
203,4096,4240,51968,40965
204,4096,4240,49711,41488
205,4096,1232,37950,26801
206,4096,4240,50207,40734
207,4096,4240,49556,40167
208,4096,4240,49345,49499
209,4096,4240,52826,41771
210,4096,4240,53045,41071
211,4096,4240,51035,39886
212,4096,4240,51970,41362
213,4096,4240,45239,35849
214,4096,4240,54991,42426
215,4096,4240,56183,44297
216,4096,4240,48709,39446
217,4096,4240,53564,41643
218,4096,4240,56215,44143
219,4096,4240,53457,42575
220,4096,4240,59695,46351
221,4096,4240,50524,39946
222,4096,4240,53148,41825
223,4096,4240,49816,38924
224,4096,4240,51632,41249
225,4096,4040,80670,58615
226,4096,4240,54443,43101
227,4096,4240,55946,43770
228,4096,4240,54278,42694
229,4096,4240,54374,42858
230,4096,4240,51316,39892
231,4096,4240,51361,39399
232,4096,4240,50807,39032
233,4096,4240,53046,40876
234,4096,4240,55119,42681
235,4096,4240,54039,42205
236,4096,4240,48713,39437
237,4096,3280,106611,71741
238,4096,4240,52116,40831
239,4096,4240,51949,41023
240,4096,4240,48887,38417
241,4096,4240,62776,47533
242,4096,4240,52010,40402
243,4096,4240,55165,44034
244,4096,792,22707,18792
245,4096,4240,52768,40898
246,4096,4240,46943,36938
247,4096,4240,51897,41253
248,4096,4240,49236,38569
249,4096,4240,54755,43802
250,4096,4240,49846,38656
251,4096,720,20488,15832
252,4096,4240,54273,42988
253,4096,4240,49741,39667
254,4096,4240,49040,38073
255,4096,4240,51404,40318
256,4096,4240,49547,38329
257,4096,4240,50086,40217
258,4096,4240,51643,41651
259,4096,4240,55034,41881
260,4096,4240,53437,41120
261,4096,4240,53136,41605
262,4096,4240,54385,42894
263,4096,4240,49726,39482
264,4096,4240,51373,40848
265,4096,888,15253,12929
266,4096,4240,55831,43189
267,4096,4240,61236,47214
268,4096,4240,56654,44591
269,4096,4240,53996,41763
270,4096,4240,52722,41411
271,4096,4240,51436,40592
272,4096,4240,56631,44668
273,4096,4240,58322,46094
274,4096,4240,51925,40042
275,4096,4240,55510,43353
276,4096,4240,47410,36188
277,4096,4240,57515,43465
278,4096,4240,52441,40490
279,4096,4240,58099,46124
280,4096,4240,53973,41231
281,4096,4240,52047,41287
282,4096,4240,55081,43492
283,4096,4240,59042,46996
284,4096,4240,54010,42301
285,4096,4240,57401,44069
286,4096,4240,52125,41073
287,4096,4240,57351,42883
288,4096,4240,51971,41131
289,4096,4240,53706,42202
290,4096,4240,55116,44266
291,4096,4240,57379,44606
292,4096,4240,54695,43363
293,4096,1120,30342,30655
294,4096,4240,51712,41163
295,4096,688,22252,19198
296,4096,4240,59684,48853
297,4096,4240,55601,43252
298,4096,4240,52418,40817
299,4096,1152,29597,25527
300,4096,4240,53471,42625
301,4096,4240,56195,43953
302,4096,1232,39924,29720
303,4096,4240,52272,39763
304,4096,4240,59375,49013
305,4096,4240,53771,42802
306,4096,3216,109918,73992
307,4096,4240,59397,48780
308,4096,4240,52958,41374
309,4096,4240,57966,45578
310,4096,4240,50352,40176
311,4096,4240,57486,44272
312,4096,4240,55395,42012
313,4096,4240,56259,43252
314,4096,4240,60712,46088
315,4096,4240,50387,39712
316,4096,4240,51386,40269
317,4096,4240,53265,42845
318,4096,4240,138479,93765
319,4096,4240,54528,42288
320,4096,4240,52336,41212
321,4096,4240,51867,40005
322,4096,4240,53060,41147
323,4096,4240,53113,40392
324,4096,960,25341,19942
325,4096,4240,55641,43611
326,4096,4240,49403,38005
327,4096,4240,44283,35514
328,4096,4240,55357,41925
329,4096,4240,48210,39116
330,4096,4240,55919,44102
331,4096,4240,54844,40785
332,4096,4240,52507,39558
333,4096,4240,50850,40230
334,4096,4240,51763,40971
335,4096,4240,55522,43234
336,4096,4240,51240,39856
337,4096,4240,50158,39360
338,4096,4240,54137,43144
339,4096,4240,55895,41215
340,4096,4240,55118,43676
341,4096,4240,57754,44680
342,4096,4240,52335,41479
343,4096,4240,47179,39342
344,4096,624,18843,16907
345,4096,4240,53771,42948
346,4096,4240,50463,38843
347,4096,4240,49492,39417
348,4096,4240,53061,42924
349,4096,4240,54362,42570
350,4096,4240,54984,41013
351,4096,4240,52434,40719
352,4096,4240,49032,38985
353,4096,4240,53212,41998
354,4096,4240,53989,42008
355,4096,4240,50564,40267
356,4096,4240,50089,40328
357,4096,4240,52498,41312
358,4096,4240,52374,41683
359,4096,4240,51208,39998
360,4096,4240,50770,40619
361,4096,4240,48540,38456
362,4096,4240,50079,40942
363,4096,4240,50828,40649
364,4096,4240,53088,42812
365,4096,4240,49282,38461
366,4096,4240,55741,43185
367,4096,4240,57715,45355
368,4096,784,23030,19463
369,4096,4240,54326,41830
370,4096,4240,48982,39593
371,4096,4240,54171,42818
372,4096,4240,59765,46941
373,4096,4240,51651,40287
374,4096,4240,51716,41423
375,4096,4240,53005,38599
376,4096,4240,52082,40625
377,4096,4240,55922,42966
378,4096,4240,55894,43323
379,4096,4240,56570,43408
380,4096,4240,47601,37240
381,4096,4240,52081,43477
382,4096,4240,53322,42327
383,4096,4240,57454,45533
384,4096,4240,57705,45935
385,4096,4240,57920,45791
386,4096,4240,56999,45160
387,4096,4240,54604,44218
388,4096,4240,61980,46751
389,4096,4240,57181,45170
390,4096,4240,59434,47165
391,4096,4240,61550,48625
392,4096,4240,62938,48819
393,4096,4240,58163,44483
394,4096,4240,58660,45516
395,4096,4240,55450,44408
396,4096,4240,56694,45569
397,4096,4240,57571,45500
398,4096,4240,57382,46079
399,4096,4240,57298,44543
400,4096,4240,62754,49448
401,4096,4240,52390,40892
402,4096,4240,57808,45660
403,4096,4240,56700,44571
404,4096,4240,54925,43048
405,4096,4240,56439,44373
406,4096,4240,57235,46465
407,4096,720,23849,19506
408,4096,4240,57739,45248
409,4096,4240,59709,46041
410,4096,4240,52381,41946
411,4096,4240,58311,45116
412,4096,4240,58567,46402
413,4096,4240,61469,47692
414,4096,4240,69712,54143
415,4096,4240,61927,59041
416,4096,4240,63176,49430
417,4096,4240,63899,48913
418,4096,4240,62999,49909
419,4096,4240,65655,51493
420,4096,4240,60366,48825
421,4096,4240,61252,47878
422,4096,4240,62605,49149
423,4096,4240,62704,50354
424,4096,4240,66431,51959
425,4096,4240,63430,47605
426,4096,4240,64236,50083
427,4096,4240,72414,55216
428,4096,4240,61989,50599
429,4096,4240,58339,47776
430,4096,4240,60883,47775
431,4096,4240,63627,49944
432,4096,4240,59642,46685
433,4096,4240,60537,48343
434,4096,4240,67458,53247
435,4096,4240,63408,50533
436,4096,4240,62876,50607
437,4096,4240,64477,50915
438,4096,4240,71275,53830
439,4096,664,24168,23692
440,4096,4240,64943,50153
441,4096,4240,64697,51477
442,4096,4240,72445,55779
443,4096,4240,163109,111477
444,4096,4240,69188,54753
445,4096,4240,68823,51654
446,4096,4240,62818,49041
447,4096,4240,63191,48638
448,4096,4240,61200,49008
449,4096,4240,59449,47019
450,4096,4240,63009,49118
451,4096,4240,152491,102652
452,4096,4240,59419,46125
453,4096,4240,62980,48398
454,4096,4240,65310,50543
455,4096,816,26791,21970
456,4096,4240,60508,47739
457,4096,4240,70916,54855
458,4096,4240,59856,46555
459,4096,4240,53907,43307
460,4096,4240,60644,48694
461,4096,4240,57953,46137
462,4096,4240,59015,46726
463,4096,1624,43537,36487
464,4096,4240,63768,49902
465,4096,4240,56916,43994
466,4096,4240,58555,46699
467,4096,4240,59570,48691
468,4096,4240,58971,47157
469,4096,4240,56893,44426
470,4096,4240,55357,44077
471,4096,4240,56273,45135
472,4096,4240,58335,45648
473,4096,1000,32546,26414
474,4096,4240,69069,53627
475,4096,4240,57450,47477
476,4096,1024,28129,22956
477,4096,320,7722,7104
478,4096,4240,55670,44722
479,4096,4240,63871,50790
480,4096,4240,56383,43875
481,4096,4240,52933,41660
482,4096,4240,60958,57018
483,4096,4240,50911,39472
484,4096,4240,57341,43558
485,4096,4240,53225,42401
486,4096,4240,67989,55030
487,4096,4240,58873,46284
488,4096,1088,25669,21032
489,4096,4240,55174,43637
490,4096,4240,56977,44877
491,4096,4240,53894,42558
492,4096,4240,55390,42905
493,4096,4240,53457,42891
494,4096,4240,55171,42939
495,4096,4240,51105,40518
496,4096,4240,54029,40865
497,4096,4240,50521,39406
498,4096,4240,53979,43228
499,4096,4240,57560,44597
500,4096,4240,50808,39317
501,4096,4240,52884,40361
502,4096,4240,56456,44933
503,4096,4240,56332,44441
504,4096,4240,149927,99421
505,4096,4240,60087,47264
506,4096,4240,58063,43486
507,4096,4240,60264,46492
508,4096,4240,54044,44282
509,4096,4240,60265,46781
510,4096,4240,61388,47999
511,4096,4240,57600,44362
512,4096,4240,54676,43445
513,4096,4240,57551,44713
514,4096,4240,55598,44001
515,4096,4240,58904,45076
516,4096,4240,54104,43014
517,4096,4240,52854,41566
518,4096,4240,57974,43151
519,4096,4240,59934,48389
520,4096,4240,58704,44988
521,4096,4240,57859,44930
522,4096,4240,62506,47637
523,4096,4240,56120,43900
524,4096,784,25300,20074
525,4096,4240,53222,40029
526,4096,4240,55162,43413
527,4096,4240,55954,44348
528,4096,4240,57887,44369
529,4096,4240,56236,42931
530,4096,4240,55588,41572
531,4096,720,21360,17693
532,4096,4240,52442,40835
533,4096,4240,52886,41146
534,4096,4240,55931,43716
535,4096,4240,56070,44585
536,4096,4240,52335,41492
537,4096,4240,52811,41602
538,4096,4240,58692,45880
539,4096,4240,60993,47701
540,4096,976,26669,23677
541,4096,4240,58336,45275
542,4096,4240,56721,44078
543,4096,4240,49050,38519
544,4096,4240,56191,44313
545,4096,4240,142766,93943
546,4096,4240,53612,42673
547,4096,4240,52801,41770
548,4096,4240,52650,44006
549,4096,4240,54480,42529
550,4096,3280,106503,73403
551,4096,4240,63031,46827
552,4096,4240,53310,42138
553,4096,4240,54331,44049
554,4096,4240,53305,41005
555,4096,4240,50747,38450
556,4096,4240,52123,40425
557,4096,4240,51196,39547
558,4096,1232,38471,27043
559,4096,4240,55312,42905
560,4096,4240,52402,40344
561,4096,4240,47583,36886
562,4096,4240,48894,37537
563,4096,4240,45715,35345
564,4096,4240,126349,85928
565,4096,4240,51030,39862
566,4096,4240,55864,42951
567,4096,4240,50310,38444
568,4096,4240,54504,41638
569,4096,4240,51092,39331
570,4096,4240,50890,40089
571,4096,4240,55471,43209
572,4096,4240,127866,85956
573,4096,4240,52230,41739
574,4096,4240,47209,38181
575,4096,4240,47933,37118
576,4096,4240,53018,41991
577,4096,4240,47342,37028
578,4096,4240,54254,40924
579,4096,4240,49617,38516
580,4096,4240,53622,42365
581,4096,4240,48825,38210
582,4096,4240,46328,35588
583,4096,4240,46817,37019
584,4096,4240,45326,35925
585,4096,4240,49194,38499
586,4096,4240,47362,38742
587,4096,4240,45458,35657
588,4096,4240,48078,37935
589,4096,4240,46365,36790
590,4096,4240,48957,38407
591,4096,4240,48931,39229
592,4096,4240,44912,35563
593,4096,4240,50771,39633
594,4096,4240,50347,40197
595,4096,4240,51401,39574
596,4096,4240,51310,42251
597,4096,4240,50731,39746
598,4096,4240,48684,39124
599,4096,4240,129547,85198
600,4096,4240,49616,38447
601,4096,4240,48431,38642
602,4096,4240,48914,37723
603,4096,4240,51454,38173
604,4096,1104,29539,25174
605,4096,4240,54299,42312
606,4096,4240,54568,41736
607,4096,4240,49975,39106
608,4096,4240,53115,40878
609,4096,4240,45121,36815
610,4096,4240,54943,41688
611,4096,4240,45124,35727
612,4096,4240,48407,39111
613,4096,4240,50001,38225
614,4096,4240,50221,39282
615,4096,4240,47854,37669
616,4096,4240,48780,37293
617,4096,4240,48054,37440
618,4096,4240,49036,38944
619,4096,4240,48170,37828
620,4096,4240,47559,35756
621,4096,4240,48379,38050
622,4096,4240,46890,37365
623,4096,4240,57453,46354
624,4096,4240,55636,44214
625,4096,4240,58428,45569
626,4096,4240,57728,45352
627,4096,4240,56469,43716
628,4096,4240,58539,45724
629,4096,3280,110278,75251
630,4096,4240,60861,49132
631,4096,3216,104664,70660
632,4096,4240,60141,46233
633,4096,4240,58783,45068
634,4096,4240,63086,46474
635,4096,4240,56394,43091
636,4096,784,24567,21373
637,4096,4240,59574,47061
638,4096,4240,63320,46905
639,4096,4240,55255,42322
640,4096,4240,50706,40404
641,4096,4240,72957,55867
642,4096,4240,56980,44025
643,4096,1232,41445,29824
644,4096,4240,57329,45191
645,4096,4240,52952,41972
646,4096,4240,54299,42603
647,4096,4240,53669,42696
648,4096,4240,148224,98984
649,4096,728,24036,19771
650,4096,4240,61680,47615
651,4096,4240,58757,46496
652,4096,4240,59143,48294
653,4096,4240,52806,41851
654,4096,4240,54820,43720
655,4096,4240,56500,44925
656,4096,4240,56959,44029
657,4096,4240,58049,45747
658,4096,1416,48671,44354
659,4096,4240,54025,41586
660,4096,4240,54220,40441
661,4096,4240,49521,38861
662,4096,4240,52059,40520
663,4096,4240,51618,41221
664,4096,4240,51300,40901
665,4096,4240,50083,37656
666,4096,3280,103061,69879
667,4096,4240,48491,38828
668,4096,4240,55223,43166
669,4096,4240,131839,89301
670,4096,4240,54874,42568
671,4096,4240,50709,41212
672,4096,4240,51263,39892
673,4096,4240,80738,59807
674,4096,4240,128201,86465
675,4096,4240,61968,48276
676,4096,4240,54807,41868
677,4096,4240,55342,42255
678,4096,4240,51959,41337
679,4096,4240,44011,35153
680,4096,4240,54044,42191
681,4096,4240,55457,43652
682,4096,4240,54546,42352
683,4096,4240,54648,42586
684,4096,4240,132755,91264
685,4096,4240,55186,43445
686,4096,4240,54330,42866
687,4096,4240,48887,38331
688,4096,4240,54251,40563
689,4096,4240,54844,43120
690,4096,4240,57640,45031
691,4096,4240,46081,37548
692,4096,4240,48117,37896
693,4096,4240,127799,86423
694,4096,4240,51737,42710
695,4096,4240,51081,39725
696,4096,4240,44919,35650
697,4096,4240,50112,39770
698,4096,4240,47118,38578
699,4096,4240,48937,38958
700,4096,4240,44438,35089
701,4096,4240,49971,38251
702,4096,4240,49925,38465
703,4096,4240,51265,38597
704,4096,4240,54748,42579
705,4096,4240,49617,38940
706,4096,4240,45020,35439
707,4096,4240,45441,35447
708,4096,4240,45201,34437
709,4096,4240,47457,37553
710,4096,4240,48131,38710
711,4096,4240,50505,39069
712,4096,4240,53080,41892
713,4096,4240,49499,38662
714,4096,4240,47010,36298
715,4096,4240,51608,40542
716,4096,4240,49222,38708
717,4096,4240,48201,39443
718,4096,4240,47787,37801
719,4096,4240,51043,40820
720,4096,4240,46319,36957
721,4096,4240,54360,43356
722,4096,712,20717,16690
723,4096,4240,49363,37986
724,4096,4240,49120,38948
725,4096,4240,53773,42058
726,4096,4240,55207,43735
727,4096,4240,52867,40542
728,4096,4240,54370,43360
729,4096,4240,46018,37241
730,4096,4240,51699,40415
731,4096,4240,50448,40448
732,4096,4240,50454,42269
733,4096,4240,42550,33741
734,4096,4240,52089,41155
735,4096,4240,56144,43660
736,4096,4240,55162,42036
737,4096,4240,53274,41840
738,4096,4240,48027,38677
739,4096,4240,45186,35560
740,4096,4240,53548,42805
741,4096,720,24192,21115
742,4096,4240,51110,41157
743,4096,4240,53096,41733
744,4096,4240,52030,40529
745,4096,4240,51095,41458
746,4096,4240,52375,40327
747,4096,848,22304,18435
748,4096,4240,49055,38175
749,4096,4240,50564,39705
750,4096,4240,52621,41529
751,4096,4240,49207,38841
752,4096,4240,51509,39098
753,4096,4240,53723,43164
754,4096,4240,54488,42398
755,4096,4240,51804,39481
756,4096,4240,57941,44197
757,4096,4240,52180,41539
758,4096,1232,41773,28225
759,4096,4240,53548,42161
760,4096,4240,52779,40924
761,4096,4240,58163,44117
762,4096,4240,52257,41623
763,4096,4240,53692,42993
764,4096,4240,59543,46831
765,4096,4240,55873,43689
766,4096,4240,53578,41219
767,4096,4240,142001,94735
768,4096,4240,62639,48771
769,4096,4240,52304,42023
770,4096,4240,52197,41538
771,4096,4240,48982,38888
772,4096,4240,55196,43452
773,4096,4240,57307,44258
774,4096,4240,60898,47265
775,4096,4240,56568,43898
776,4096,4240,52686,41423
777,4096,4240,56233,45755
778,4096,4240,57065,44370
779,4096,4240,60186,47657
780,4096,4240,58563,46300
781,4096,1216,30976,26368
782,4096,4240,56995,45817
783,4096,4240,53622,41333
784,4096,4240,57315,44800
785,4096,4240,49992,39970
786,4096,4240,51222,39558
787,4096,4240,56134,43952
788,4096,4240,58239,45903
789,4096,4240,58523,44281
790,4096,4240,53907,42817
791,4096,4240,54213,43108
792,4096,4240,141693,98220
793,4096,4240,57080,44722
794,4096,4240,52735,40960
795,4096,4240,142715,97264
796,4096,4240,59081,51096
797,4096,4240,55778,43759
798,4096,4240,51980,40393
799,4096,4240,57835,44244
800,4096,4240,53174,40866
801,4096,4240,44881,35881
802,4096,4240,53368,41699
803,4096,4240,51413,40410
804,4096,4240,52207,40537
805,4096,1224,29963,25007
806,4096,4240,52040,41369
807,4096,4240,54754,42543
808,4096,4240,55882,44446
809,4096,4240,52933,40354
810,4096,4240,53029,41744
811,4096,4240,49207,38675
812,4096,4240,53664,41745
813,4096,4240,50275,39675
814,4096,4240,52372,40183
815,4096,4240,55139,43507
816,4096,4240,50581,39876
817,4096,4240,52111,40326
818,4096,4240,52415,41339
819,4096,4240,50786,40548
820,4096,4240,47459,37366
821,4096,4240,52802,41234
822,4096,4240,53152,41730
823,4096,4240,44272,34537
824,4096,4240,144267,93008
825,4096,800,19859,17918
826,4096,4240,57455,45373
827,4096,4240,47991,38087
828,4096,4240,49184,40046
829,4096,4240,51584,39837
830,4096,4240,53164,42292
831,4096,4240,54854,43839
832,4096,4240,51123,41016
833,4096,4240,54873,42984
834,4096,4240,55856,43518
835,4096,4240,57947,43985
836,4096,4240,49382,38255
837,4096,4240,51166,39909
838,4096,4240,57875,43591
839,4096,4240,57601,44839
840,4096,4240,57586,45891
841,4096,4240,53230,42186
842,4096,4240,50890,40304
843,4096,4240,55758,43458
844,4096,4240,56254,43665
845,4096,4240,51356,40221
846,4096,4240,51236,40755
847,4096,4240,50192,40109
848,4096,4240,60909,45287
849,4096,4240,67441,53244
850,4096,4240,65955,51888
851,4096,4240,70005,53966
852,4096,1912,63835,49802
853,4096,4240,48253,38958
854,4096,4240,53977,42171
855,4096,4240,49109,38463
856,4096,4240,54015,43707
857,4096,4240,51289,40811
858,4096,4240,56504,43989
859,4096,4240,132330,88364
860,4096,4240,64483,49015
861,4096,4240,54376,41920
862,4096,4240,136966,90964
863,4096,4240,51032,41104
864,4096,768,22700,18849
865,4096,4240,55368,42807
866,4096,4240,51245,50474
867,4096,4240,49797,39550
868,4096,4240,53616,40498
869,4096,4240,48540,38695
870,4096,4240,50192,39686
871,4096,4240,42992,34293
872,4096,4240,45019,37158
873,4096,4240,48551,38877
874,4096,4240,51604,41657
875,4096,4240,53668,42579
876,4096,4240,47585,39146
877,4096,4240,52075,41697
878,4096,4240,42625,33004
879,4096,952,22731,19373
880,4096,4240,53036,40800
881,4096,4240,50984,39677
882,4096,4240,50111,38550
883,4096,4240,48781,37934
884,4096,4240,47750,40101
885,4096,4240,53557,41804
886,4096,4240,48601,39098
887,4096,4240,53066,41471
888,4096,4240,52874,40719
889,4096,4240,50461,39457
890,4096,4240,48599,38207
891,4096,4240,54069,42625
892,4096,4240,52066,41216
893,4096,4240,51446,39535
894,4096,4240,48581,40353
895,4096,4240,55951,44181
896,4096,4240,50852,40743
897,4096,4240,52170,40564
898,4096,4240,56555,44749
899,4096,4240,49131,37698
900,4096,4240,66386,42247
901,4096,4240,51538,40544
902,4096,4240,56926,44431
903,4096,4240,50441,39158
904,4096,4240,53794,44198
905,4096,4240,58311,44372
906,4096,4240,55991,43970
907,4096,4240,54516,41771
908,4096,4240,57391,44583
909,4096,4240,50886,39766
910,4096,4240,52059,41534
911,4096,4240,53649,41860
912,4096,4240,51204,40440
913,4096,4240,51596,41628
914,4096,4240,50117,40691
915,4096,4240,52878,41399
916,4096,4240,50976,40883
917,4096,4240,52251,40993
918,4096,4240,55750,42324
919,4096,4240,54924,43774
920,4096,4240,53649,43034
921,4096,4240,52215,41926
922,4096,4240,51102,39884
923,4096,4240,58126,44414
924,4096,4240,50349,39798
925,4096,4240,55846,42645
926,4096,4240,51135,40779
927,4096,4240,55931,42715
928,4096,4240,55057,43104
929,4096,4240,55488,44656
930,4096,4240,53415,42386
931,4096,4240,53454,43033
932,4096,4240,47282,37756
933,4096,4240,53059,44528
934,4096,4240,50744,39748
935,4096,4240,49333,39047
936,4096,4240,54212,42430
937,4096,4240,47195,38694
938,4096,4240,49486,38580
939,4096,4240,134938,87900
940,4096,4240,134180,87448
941,4096,4240,62297,47263
942,4096,4240,54201,41493
943,4096,4240,53639,44427
944,4096,4240,58883,44494
945,4096,4240,54139,43400
946,4096,4240,55876,41638
947,4096,4240,60319,46412
948,4096,4240,53303,42699
949,4096,4240,51224,39134
950,4096,4240,63083,48101
951,4096,4240,49876,40784
952,4096,4240,47326,38016
953,4096,4240,51256,40759
954,4096,4240,50446,41691
955,4096,4240,55443,43772
956,4096,4240,53152,42174
957,4096,4240,49344,38522
958,4096,4240,51398,38738
959,4096,2232,51867,53248
960,4096,4240,50716,39184
961,4096,4240,54883,42358
962,4096,4240,50859,38228
963,4096,4240,52041,40252
964,4096,4240,51494,40842
965,4096,4240,51567,40884
966,4096,4240,47478,37989
967,4096,4240,49185,38342
968,4096,4240,54957,43176
969,4096,4240,50437,39710
970,4096,4240,49384,38785
971,4096,4240,55464,42660
972,4096,4240,50813,39498
973,4096,4240,52215,52765
974,4096,840,21472,18002
975,4096,4240,54343,42430
976,4096,4240,46907,36973
977,4096,4240,51747,41006
978,4096,4240,48770,38928
979,4096,4240,51784,43887
980,4096,4240,44382,35329
981,4096,4240,48758,38093
982,4096,4240,49009,39698
983,4096,4240,49888,39650
984,4096,4240,50758,40700
985,4096,4240,48748,38450
986,4096,1184,26924,22706
987,4096,4240,51180,40291
988,4096,4240,64988,50028
989,4096,4240,50155,38611
990,4096,4240,53267,41719
991,4096,4240,52578,41411
992,4096,4240,46509,36886
993,4096,3280,103884,67317
994,4096,4240,49013,38880
995,4096,4240,49266,37452
996,4096,4240,48201,38546
997,4096,4240,61297,46803
998,4096,4240,49032,38015
999,4096,848,21784,17410
1000,4096,4240,52987,40441
1001,4096,4240,50818,39376
1002,4096,4240,45193,36371
1003,4096,4240,44257,36329
1004,4096,4240,48533,38410
1005,4096,4240,48461,37811
1006,4096,4240,49756,38765
1007,4096,4240,54506,43428
1008,4096,4240,53793,42596
1009,4096,4240,44489,35097
1010,4096,4240,52460,40952
1011,4096,4240,51850,41578
1012,4096,4240,138024,93750
1013,4096,4240,54611,42254
1014,4096,4240,48031,36353
1015,4096,4240,51746,39778
1016,4096,4240,52523,41977
1017,4096,4240,48783,38488
1018,4096,4240,137543,90948
1019,4096,4240,54429,43163
1020,4096,1232,35980,26069
1021,4096,4240,52565,42888
1022,4096,4240,52706,41496
1023,4096,4240,52072,40714
1024,4096,4240,56024,42043
1025,4096,704,18682,20169
1026,4096,4240,56723,44428
1027,4096,4240,49901,40926
1028,4096,4240,52902,40849
1029,4096,632,16448,18994
1030,4096,4240,52264,40881
1031,4096,4240,49795,39800
1032,4096,4240,53801,39962
1033,4096,4240,57918,45920
1034,4096,4240,54143,41379
1035,4096,4240,51825,41135
1036,4096,4240,52127,41531
1037,4096,4240,54511,43878
1038,4096,4240,51556,41308
1039,4096,4240,43686,34102
1040,4096,4240,50983,39433
1041,4096,4240,62462,41419
1042,4096,4240,58567,45120
1043,4096,4240,54667,44712
1044,4096,4240,60059,46914
1045,4096,4240,54265,43002
1046,4096,4240,147037,100362
1047,4096,4240,56722,44356
1048,4096,4240,51879,40464
1049,4096,4240,60448,45504
1050,4096,4240,55743,42869
1051,4096,4240,60226,47379
1052,4096,4240,56313,44130
1053,4096,4240,52782,41252
1054,4096,4240,54391,42737
1055,4096,4240,57364,44537
1056,4096,4240,141756,93854
1057,4096,4240,62994,50282
1058,4096,4240,140540,93360
1059,4096,4240,57937,43547
1060,4096,4240,142003,94005
1061,4096,4240,56627,44410
1062,4096,4240,143012,97290
1063,4096,688,20073,18147
1064,4096,1192,25727,31943
1065,4096,4240,53249,41365
1066,4096,4240,51853,41159
1067,4096,4240,50493,39694
1068,4096,4240,61292,45976
1069,4096,4240,55704,44628
1070,4096,4240,63632,49079
1071,4096,4240,52050,40739
1072,4096,4240,58610,45210
1073,4096,4240,58304,44777
1074,4096,4240,55482,42619
1075,4096,4240,51930,40510
1076,4096,4240,53164,41622
1077,4096,4240,50157,39055
1078,4096,4240,58274,42568
1079,4096,4240,49047,38496
1080,4096,4240,47962,37673
1081,4096,4240,46332,36864
1082,4096,4240,48308,39106
1083,4096,4240,48070,38205
1084,4096,4240,47162,38721
1085,4096,4240,53660,42539
1086,4096,4240,48090,38037
1087,4096,4240,48311,38314
1088,4096,4240,50202,37882
1089,4096,4240,44814,35148
1090,4096,4240,49206,38353
1091,4096,4240,43511,34858
1092,4096,4240,49434,38439
1093,4096,4240,53991,41499
1094,4096,4240,46040,36136
1095,4096,4240,45089,35415
1096,4096,4240,46253,37738
1097,4096,4240,50654,40384
1098,4096,4240,46762,38989
1099,4096,4240,43865,34680
1100,4096,4240,46677,36601
1101,4096,4240,48952,39159
1102,4096,4240,48152,38003
1103,4096,4240,42512,34337
1104,4096,4240,47470,36700
1105,4096,4240,50675,39805
1106,4096,4240,45525,35113
1107,4096,4240,43703,34899
1108,4096,4240,46294,36485
1109,4096,4240,42531,34075
1110,4096,1128,26960,22305
1111,4096,4240,45363,35798
1112,4096,4240,46051,35122
1113,4096,4240,53740,42291
1114,4096,4240,50683,39727
1115,4096,4240,49280,39664
1116,4096,4240,50394,40342
1117,4096,4240,55492,43341
1118,4096,1176,30581,24860
1119,4096,4240,57860,43564
1120,4096,4240,52320,41113
1121,4096,4240,52854,41996
1122,4096,4240,54810,44015
1123,4096,4240,52167,41579
1124,4096,4240,53761,42765
1125,4096,3280,107111,70975
1126,4096,4240,51831,39649
1127,4096,4240,51690,40711
1128,4096,4240,49293,39270
1129,4096,4240,52655,42119
1130,4096,4240,55391,43436
1131,4096,4240,49757,38468
1132,4096,4240,59169,44469
1133,4096,4240,54015,42299
1134,4096,4240,52874,41047
1135,4096,4240,54583,43559
1136,4096,4240,55345,42839
1137,4096,4240,57723,44303
1138,4096,4240,54243,43304
1139,4096,4240,51917,39675
1140,4096,4240,56078,44132
1141,4096,4240,53214,40989
1142,4096,640,18852,18813
1143,4096,4240,57573,43298
1144,4096,4240,54928,42495
1145,4096,4240,49973,38379
1146,4096,4240,53412,42844
1147,4096,4240,49828,39778
1148,4096,4240,48661,37856
1149,4096,4240,50744,40731
1150,4096,4240,56105,56302
1151,4096,4240,59202,45871
1152,4096,4240,55590,44597
1153,4096,4240,53078,41025
1154,4096,4240,55209,41466
1155,4096,4240,49700,39175
1156,4096,4240,50568,39334
1157,4096,4240,58178,44682
1158,4096,4240,55730,44440
1159,4096,4240,52998,41029
1160,4096,4240,54185,41345
1161,4096,4240,55184,44650
1162,4096,4240,54948,43215
1163,4096,4240,52055,41419
1164,4096,272,8128,7402
1165,4096,4240,55297,43492
1166,4096,4240,56147,42457
1167,4096,4240,52579,41085
1168,4096,1232,44451,29783
1169,4096,4240,52873,41690
1170,4096,4240,58353,44407
1171,4096,4240,55252,42383
1172,4096,4240,55797,43575
1173,4096,4240,54198,42293
1174,4096,4240,52767,43052
1175,4096,4240,56261,42961
1176,4096,4240,54881,42003
1177,4096,4240,53875,41664
1178,4096,4240,55013,43163
1179,4096,4240,55423,42801
1180,4096,4240,52970,42636
1181,4096,4240,56276,44766
1182,4096,896,27871,23547
1183,4096,4240,55090,43909
1184,4096,4240,63586,49087
1185,4096,4240,54500,42822
1186,4096,4240,56380,45283
1187,4096,4240,145506,97414
1188,4096,4240,61335,47570
1189,4096,3216,106612,72759
1190,4096,1216,30670,26602
1191,4096,4240,61142,46918
1192,4096,4240,69726,48591
1193,4096,4240,55331,43784
1194,4096,4240,57285,44632
1195,4096,4240,52101,40774
1196,4096,4240,59447,47309
1197,4096,4240,58058,45311
1198,4096,4240,53112,41891
1199,4096,4240,55413,44035
1200,4096,4240,59940,46606
1201,4096,4240,46927,37331
1202,4096,4240,82231,62739
1203,4096,4240,60084,47852
1204,4096,4240,58210,44752
1205,4096,4240,61330,46616
1206,4096,664,21144,17801
1207,4096,4240,55275,44997
1208,4096,4240,56071,43820
1209,4096,760,21641,18899
1210,4096,4240,52249,43542
1211,4096,4240,56084,43158
1212,4096,4240,61202,47473
1213,4096,4240,55263,43666
1214,4096,4240,49601,38921
1215,4096,4240,52554,41593
1216,4096,4240,55148,43126
1217,4096,4240,55590,43805
1218,4096,4240,61939,48215
1219,4096,4240,56280,44689
1220,4096,4240,59813,46246
1221,4096,4240,51989,40332
1222,4096,4240,51574,41162
1223,4096,4240,50777,39278
1224,4096,4240,55205,42773
1225,4096,4240,52930,52322
1226,4096,4240,45030,35027
1227,4096,4240,41463,32910
1228,4096,4240,50545,39189
1229,4096,4240,48566,38573
1230,4096,4240,57095,44891
1231,4096,4240,45687,35837
1232,4096,4240,50150,39254
1233,4096,4240,46988,37937
1234,4096,4240,46497,36035
1235,4096,4240,44274,36402
1236,4096,4240,45689,35397
1237,4096,4240,48183,37363
1238,4096,4240,48675,38209
1239,4096,4240,45874,36147
1240,4096,4240,47294,37752
1241,4096,4240,51252,39670
1242,4096,4192,139981,102419
1243,4096,4240,49167,38653
1244,4096,4240,47773,37920
1245,4096,4240,118979,80826
1246,4096,4240,50064,37915
1247,4096,4240,46286,36936
1248,4096,4240,45718,36692
1249,4096,4240,48007,37599
1250,4096,4240,46476,36419
1251,4096,4240,46323,37105
1252,4096,4240,48504,38443
1253,4096,4240,52125,40190
1254,4096,4240,52865,40889
1255,4096,4240,49893,38866
1256,4096,4240,49048,38826
1257,4096,4240,49373,38745
1258,4096,4240,44860,35732
1259,4096,4240,45582,36154
1260,4096,4240,50081,40069
1261,4096,4240,72868,56063
1262,4096,4240,50084,40436
1263,4096,4240,51893,40051
1264,4096,4240,50570,39786
1265,4096,4240,49239,39198
1266,4096,912,21755,26243
1267,4096,4240,52006,39826
1268,4096,4240,49670,38938
1269,4096,4240,55370,43311
1270,4096,4240,50350,39849
1271,4096,4240,48387,38425
1272,4096,4240,47117,36495
1273,4096,4240,49868,38076
1274,4096,4240,45727,38463
1275,4096,4240,44737,36003
1276,4096,4240,49548,38804
1277,4096,4240,49174,38380
1278,4096,4240,50999,40043
1279,4096,4240,47711,37091
1280,4096,4240,47438,37442
1281,4096,4240,42039,33136
1282,4096,824,21435,17431
1283,4096,4240,52125,41744
1284,4096,4240,50104,38547
1285,4096,4240,46299,36274
1286,4096,4240,47792,36769
1287,4096,4240,50604,40665
1288,4096,4240,54267,43503
1289,4096,4240,52045,41484
1290,4096,4240,46333,37152
1291,4096,4240,52312,41185
1292,4096,4240,51097,39349
1293,4096,840,21673,19013
1294,4096,4240,49849,39877
1295,4096,1112,24429,20846
1296,4096,4240,48655,38023
1297,4096,4240,50189,39330
1298,4096,4240,45017,49398
1299,4096,4240,47952,40500
1300,4096,4240,51570,40213
1301,4096,4240,56488,44920
1302,4096,4240,55819,43553
1303,4096,792,21961,18499
1304,4096,1432,42392,38359
1305,4096,4240,52409,41942
1306,4096,4240,55117,42501
1307,4096,4240,50584,40501
1308,4096,4240,51445,41721
1309,4096,4240,49623,38065
1310,4096,4240,71941,54141
1311,4096,4240,54305,43757
1312,4096,4240,50470,40340
1313,4096,4240,49841,40327
1314,4096,864,19037,19244
1315,4096,4240,51395,39136
1316,4096,728,22777,18416
1317,4096,4240,56702,44048
1318,4096,4240,53864,42246
1319,4096,4240,52323,41782
1320,4096,4240,49099,37939
1321,4096,4240,133637,88733
1322,4096,824,22037,18668
1323,4096,4240,53125,41257
1324,4096,4240,50687,40173
1325,4096,4240,52222,41525
1326,4096,4240,130084,86859
1327,4096,4240,54837,43153
1328,4096,4240,51009,38836
1329,4096,1760,35220,28019
1330,4096,4240,55722,42928
1331,4096,4240,54591,42425
1332,4096,4240,53333,41064
1333,4096,4240,62053,47337
1334,4096,1016,25341,20248
1335,4096,4240,47261,37913
1336,4096,4240,55966,43722
1337,4096,4240,44568,35065
1338,4096,4240,49655,38397
1339,4096,4240,51144,42304
1340,4096,4240,47486,37809
1341,4096,1944,35765,31434
1342,4096,1048,26504,21705
1343,4096,936,22063,20448
1344,4096,4240,47012,36888
1345,4096,4240,46465,35664
1346,4096,4240,48917,37913
1347,4096,720,19943,16889
1348,4096,2256,64715,43949
1349,4096,4240,51841,38754
1350,4096,4240,49086,36098
1351,4096,4240,50208,38380
1352,4096,4240,48320,38112
1353,4096,840,20450,17991
1354,4096,4240,45113,34603
1355,4096,4240,46558,36093
1356,4096,4240,50645,38867
1357,4096,896,19562,16737
1358,4096,4240,46064,35831
1359,4096,4240,45017,35423
1360,4096,1160,19326,19981
1361,4096,848,18919,15145
1362,4096,4240,47589,37840
1363,4096,4024,40638,31466
1364,4096,4240,49093,38309
1365,4096,1232,34943,24836
1366,4096,4240,47516,35723
1367,4096,760,18193,15872
1368,4096,784,18988,16903
1369,4096,4240,45651,36381
1370,4096,4240,45981,35703
1371,4096,1240,24520,21131
1372,4096,1056,21355,20405
1373,4096,4240,59598,46208
1374,4096,4240,49543,38392
1375,4096,4240,48925,38370
1376,4096,1848,28547,22845
1377,4096,4240,120643,81338
1378,4096,3280,94809,63848
1379,4096,4240,54474,39921
1380,4096,1112,24156,19664
1381,4096,1656,36946,30349
1382,4096,4240,44762,35083
1383,4096,4240,46216,35499
1384,4096,1096,22196,17670
1385,4096,4240,49683,38544
1386,4096,4240,45094,35220
1387,4096,4240,47031,37116
1388,4096,4240,46950,36305
1389,4096,4240,40735,31733
1390,4096,4240,44056,36354
1391,4096,4240,117857,78065
1392,4096,4240,67536,49216
1393,4096,4240,45422,35757
1394,4096,4240,43567,34412
1395,4096,720,17673,14787
1396,4096,1192,24815,21249
1397,4096,712,16284,13525
1398,4096,4240,42529,32353
1399,4096,1144,31926,26913
1400,4096,952,23275,20938
1401,4096,160,4092,4369
1402,4096,272,5905,5352
1403,4096,888,14517,9781
1404,4096,4240,43715,33804
1405,4096,384,8395,7751
1406,4096,1928,33099,24931
1407,4096,736,17678,14864
1408,4096,4240,46656,35322
1409,4096,4240,44191,33510
1410,4096,4240,43484,34988
1411,4096,4240,44999,34982
1412,4096,608,12854,12772
1413,4096,4240,40460,31539
1414,4096,4240,46851,35904
1415,4096,4240,45379,35411
1416,4096,4240,44789,34979
1417,4096,712,17126,14405
1418,4096,4240,41165,32191
1419,4096,4240,45958,35240
1420,4096,888,12501,10792
1421,4096,4240,46042,35062
1422,4096,4240,43469,33584
1423,4096,4240,43249,34748
1424,4096,1184,33919,26147
1425,4096,4240,49150,37281
1426,4096,4240,41189,32800
1427,4096,4240,44678,35446
1428,4096,672,12306,10583
1429,4096,1368,25908,23583
1430,4096,4240,51128,38494
1431,4096,3216,86286,57823
1432,4096,4240,43769,33999
1433,4096,4240,44402,35096
1434,4096,704,13953,13226
1435,4096,4240,54533,35520
1436,4096,4240,119092,79985
1437,4096,4240,46990,38086
1438,4096,4240,47617,36743
1439,4096,4240,45812,35839
1440,4096,1288,25271,23922
1441,4096,4240,47576,37051
1442,4096,688,19107,18758
1443,4096,4240,48214,34802
1444,4096,1776,32658,27624
1445,4096,4240,52931,40304
1446,4096,4240,124636,83693
1447,4096,2824,46406,44778
1448,4096,4240,44136,34867
1449,4096,4240,50391,38460
1450,4096,4240,47922,37957
1451,4096,1896,38731,33063
1452,4096,1944,39151,31278
1453,4096,1968,36497,30028
1454,4096,1728,41186,29916
1455,4096,4240,50750,38508
1456,4096,4240,46415,35502
1457,4096,1104,14560,15380
1458,4096,4240,121683,81098
1459,4096,4144,42825,33154
1460,4096,4240,48947,37238
1461,4096,4240,50162,39632
1462,4096,4240,45537,35520
1463,4096,4240,42876,33580
1464,4096,4240,50222,40110
1465,4096,816,20702,17880
1466,4096,944,21239,18377
1467,4096,4240,45772,36678
1468,4096,4240,44658,35219
1469,4096,4240,50211,39819
1470,4096,696,11160,11230
1471,4096,4240,47667,37664
1472,4096,4240,46390,36684
1473,4096,4240,48090,37961
1474,4096,4240,42855,34521
1475,4096,4240,45525,35916
1476,4096,4240,44536,35638
1477,4096,1032,21482,17879
1478,4096,4240,47574,36527
1479,4096,4240,48366,38964
1480,4096,4240,51415,41054
1481,4096,4240,43601,33591
1482,4096,4240,43983,36346
1483,4096,728,15201,13910
1484,4096,4240,116259,77494
1485,4096,4240,47015,37029
1486,4096,4240,44711,35228
1487,4096,4240,44301,34686
1488,4096,4240,112543,75626
1489,4096,4240,50582,38099
1490,4096,4240,45793,35656
1491,4096,4240,42050,34011
1492,4096,4240,47157,36307
1493,4096,4240,45835,35801
1494,4096,4240,44848,34874
1495,4096,4240,41156,32697
1496,4096,4240,43390,34140
1497,4096,4240,45558,36821
1498,4096,4240,45212,34869
1499,4096,4240,46514,36633
1500,4096,768,18612,15358
1501,4096,696,16250,13212
1502,4096,4240,44917,36379
1503,4096,4240,45845,35356
1504,4096,4240,66646,50029
1505,4096,4240,113439,74711
1506,4096,4240,49167,36361
1507,4096,1272,25569,20091
1508,4096,1056,22476,24127
1509,4096,640,15111,14089
1510,4096,4240,43886,34304
1511,4096,4240,113165,76358
1512,4096,4240,48089,38448
1513,4096,824,18812,16190
1514,4096,4240,45300,35898
1515,4096,760,18054,15476
1516,4096,936,18158,16167
1517,4096,4240,44846,34961
1518,4096,552,9026,11466
1519,4096,4240,44612,37025
1520,4096,1232,31713,22695
1521,4096,4240,116038,74423
1522,4096,4240,45860,35589
1523,4096,4240,49743,38558
1524,4096,4240,47369,36992
1525,4096,4240,42971,33730
1526,4096,1224,22514,18814
1527,4096,832,16293,22690
1528,4096,4240,43050,32372
1529,4096,4240,41965,32803
1530,4096,4240,48760,36718
1531,4096,1520,26147,22504
1532,4096,4240,39849,30236
1533,4096,2656,72271,54407
1534,4096,4240,103846,70066
1535,4096,4240,42076,32908
1536,4096,4240,41855,32599
1537,4096,4240,35921,28340
1538,4096,4240,40670,31678
1539,4096,4240,40658,32026
1540,4096,4240,104859,69182
1541,4096,4240,42605,33602
1542,4096,1304,21756,21162
1543,4096,4240,44170,33391
1544,4096,4240,40267,31973
1545,4096,4240,103261,69915
1546,4096,4240,41080,32568
1547,4096,4240,42916,32364
1548,4096,4240,38064,29499
1549,4096,4240,109271,73006
1550,4096,4240,41712,31978
1551,4096,4240,38478,29993
1552,4096,680,15467,13792
1553,4096,4240,40009,31412
1554,4096,4240,46568,35563
1555,4096,4240,42190,33155
1556,4096,688,14359,13215
1557,4096,512,11421,11808
1558,4096,1896,30936,25514
1559,4096,696,14387,13475
1560,4096,688,14314,12929
1561,4096,4240,41950,32181
1562,4096,4240,41619,33674
1563,4096,4240,42849,33646
1564,4096,4240,42175,32702
1565,4096,4240,39161,30376
1566,4096,728,17622,17585
1567,4096,4240,38361,30252
1568,4096,4240,39352,30827
1569,4096,4240,42324,33211
1570,4096,848,17564,14595
1571,4096,1072,19479,17393
1572,4096,4240,38100,30212
1573,4096,4240,37858,29747
1574,4096,4240,41427,31783
1575,4096,4240,40263,31027
1576,4096,1184,16281,16294
1577,4096,4240,42040,31977
1578,4096,4240,41267,32805
1579,4096,4240,33817,27182
1580,4096,816,17763,14925
1581,4096,4240,36015,27782
1582,4096,4240,43423,33776
1583,4096,4240,39488,30734
1584,4096,4240,45910,35249
1585,4096,4240,44031,33563
1586,4096,584,11722,11100
1587,4096,1672,41270,34678
1588,4096,1464,30713,24751
1589,4096,4240,44202,33136
1590,4096,4240,45136,33360
1591,4096,4240,41218,31800
1592,4096,1176,20057,16966
1593,4096,4240,41304,31845
1594,4096,904,21219,17553
1595,4096,4240,43089,33799
1596,4096,4240,101891,68193
1597,4096,4240,42595,32269
1598,4096,1736,29148,24658
1599,4096,4240,37434,29005
1600,4096,4240,40982,32343
1601,4096,2520,39561,34054
1602,4096,1336,31176,29994
1603,4096,4240,40616,31458
1604,4096,4240,39624,32113
1605,4096,4240,41716,32320
1606,4096,4240,41416,32542
1607,4096,4240,38979,30356
1608,4096,4240,40586,31543
1609,4096,4240,42402,33003
1610,4096,4240,38884,29771
1611,4096,1144,11781,13289
1612,4096,4240,42204,32126
1613,4096,4240,50347,38976
1614,4096,4240,49270,38596
1615,4096,4240,45562,36041
1616,4096,4240,44892,34147
1617,4096,4240,45219,36266
1618,4096,4240,45200,37483
1619,4096,1232,35853,25895
1620,4096,4240,48458,37236
1621,4096,4240,49320,38241
1622,4096,4240,48836,38360
1623,4096,4240,49097,39157
1624,4096,4240,51368,40390
1625,4096,4240,48949,36312
1626,4096,4240,44567,34878
1627,4096,4240,43198,33612
1628,4096,4240,46130,35876
1629,4096,656,17508,16026
1630,4096,848,19418,15312
1631,4096,1128,15124,15773
1632,4096,160,4480,4571
1633,4096,1024,22614,18583
1634,4096,4240,49016,38244
1635,4096,1160,24598,20700
1636,4096,1000,24080,20060
1637,4096,4240,45092,35459
1638,4096,4240,47523,37482
1639,4096,4240,123147,82521
1640,4096,856,22187,18423
1641,4096,4240,45261,35634
1642,4096,4240,123177,81510
1643,4096,4240,50337,39448
1644,4096,4240,47665,35789
1645,4096,4240,47572,37143
1646,4096,4240,50162,38078
1647,4096,800,18435,15780
1648,4096,696,21577,21937
1649,4096,4240,121571,81695
1650,4096,4240,49123,37321
1651,4096,4240,48674,36732
1652,4096,4240,49344,38484
1653,4096,4240,47657,37486
1654,4096,4240,48736,37649
1655,4096,4240,53010,40986
1656,4096,4240,120827,80885
1657,4096,776,20397,17475
1658,4096,4240,49440,37031
1659,4096,4240,39444,31079
1660,4096,4240,114374,74878
1661,4096,4240,48661,38828
1662,4096,4240,46418,36840
1663,4096,1224,29465,24357
1664,4096,4240,44930,33907
1665,4096,4240,45317,35293
1666,4096,4240,46111,36152
1667,4096,4240,41788,32708
1668,4096,4240,42406,33722
1669,4096,4240,50315,41080
1670,4096,4240,45445,35222
1671,4096,832,18488,25055
1672,4096,1248,29276,32878
1673,4096,848,17959,17521
1674,4096,4240,53451,39822
1675,4096,4240,46771,36453
1676,4096,2640,59464,45453
1677,4096,1248,27565,22705
1678,4096,1968,20632,16381
1679,4096,2240,45020,44551
1680,4096,896,21156,18762
1681,4096,4240,48155,37327
1682,4096,1128,24284,28197
1683,4096,4240,45815,34741
1684,4096,4240,47052,36780
1685,4096,4240,41964,32536
1686,4096,224,4981,4824
1687,4096,1064,21736,17876
1688,4096,4240,113845,75384
1689,4096,840,18487,15321
1690,4096,1224,24368,20774
1691,4096,4240,48037,37205
1692,4096,880,18879,15244
1693,4096,4240,111598,73737
1694,4096,4240,44881,35602
1695,4096,1864,34276,29319
1696,4096,4240,45321,35628
1697,4096,4240,42523,32773
1698,4096,4240,43168,35093
1699,4096,848,18945,15749
1700,4096,1056,22047,18848
1701,4096,1872,32302,25401
1702,4096,2392,38205,30763
1703,4096,4240,44458,34343
1704,4096,736,17820,14758
1705,4096,4240,49503,38446
1706,4096,4240,47147,36666
1707,4096,4240,49874,39654
1708,4096,648,17554,17395
1709,4096,4240,46120,35031
1710,4096,4240,43324,33834
1711,4096,4240,39553,31994
1712,4096,4240,40734,32781
1713,4096,4240,43705,42787
1714,4096,4240,101663,68193
1715,4096,4240,41310,32621
1716,4096,1168,21826,18203
1717,4096,4240,42963,32461
1718,4096,4240,37502,27867
1719,4096,4240,98916,65816
1720,4096,4240,39962,30973
1721,4096,4240,41214,32174
1722,4096,4240,40722,31960
1723,4096,728,14830,12451
1724,4096,4240,36068,28078
1725,4096,4240,41014,32513
1726,4096,4240,41814,32281
1727,4096,4240,41334,33813
1728,4096,1232,29038,20413
1729,4096,1400,21164,23646
1730,4096,800,14395,12871
1731,4096,4240,36935,29193
1732,4096,4240,38381,30168
1733,4096,4240,40686,31523
1734,4096,4240,36503,28114
1735,4096,4240,37933,29885
1736,4096,3216,74646,50830
1737,4096,1232,27621,19322
1738,4096,4240,42395,33245
1739,4096,1192,17838,21615
1740,4096,4240,39371,30769
1741,4096,4240,41482,32770
1742,4096,4240,40278,31516
1743,4096,4240,41103,32305
1744,4096,4240,36814,28070
1745,4096,4240,39436,30296
1746,4096,720,15741,12898
1747,4096,1368,31486,23872
1748,4096,2528,66836,50631
1749,4096,4240,38352,30166
1750,4096,4240,38193,29482
1751,4096,4240,39328,30604
1752,4096,824,16472,14759
1753,4096,1272,23804,20612
1754,4096,4240,36876,28275
1755,4096,4240,36922,28375
1756,4096,592,8035,10531
1757,4096,4240,37429,28921
1758,4096,176,3696,3886
1759,4096,1720,28024,24793
1760,4096,4240,43326,34296
1761,4096,4240,39576,31571
1762,4096,4240,44927,35930
1763,4096,4240,45705,35756
1764,4096,4240,41090,32232
1765,4096,816,17890,16135
1766,4096,4240,103327,68579
1767,4096,4240,44454,34668
1768,4096,1144,27949,23529
1769,4096,4240,45355,34256
1770,4096,4240,41987,31910
1771,4096,4240,41360,32280
1772,4096,4240,103319,68990
1773,4096,4192,41811,31580
1774,4096,4240,42017,32119
1775,4096,4240,39288,29935
1776,4096,4240,42579,33626
1777,4096,1840,33772,26896
1778,4096,592,13559,12409
1779,4096,4240,39855,30360
1780,4096,4240,36202,28530
1781,4096,4240,38710,30132
1782,4096,4240,38280,30897
1783,4096,4240,36299,28918
1784,4096,936,17353,15534
1785,4096,4240,39677,30729
1786,4096,4240,40947,31261
1787,4096,3280,80676,55319
1788,4096,3280,82067,53753
1789,4096,4240,43649,33221
1790,4096,4240,39648,30541
1791,4096,4240,40397,31130
1792,4096,4240,37760,29539
1793,4096,4240,41751,32749
1794,4096,4240,103764,69451
1795,4096,4240,48281,35959
1796,4096,4240,41490,32034
1797,4096,4240,39770,31096
1798,4096,4240,39131,29301
1799,4096,4240,42146,32072
1800,4096,4240,40839,43364
1801,4096,4240,43684,34870
1802,4096,4240,46349,35975
1803,4096,4240,46871,37473
1804,4096,1232,33750,24055
1805,4096,1000,23739,18116
1806,4096,1656,64121,53349
1807,4096,1872,38950,33065
1808,4096,1248,29270,22308
1809,4096,912,19163,24543
1810,4096,4240,44035,33251
1811,4096,4240,42508,33930
1812,4096,4240,43400,34166
1813,4096,4240,50190,39399
1814,4096,4240,48190,38129
1815,4096,4240,46634,36263
1816,4096,4240,48858,39090
1817,4096,1184,26615,24774
1818,4096,4240,47577,36586
1819,4096,4112,164896,114118
1820,4096,1512,30058,22346
1821,4096,4240,43338,33840
1822,4096,712,18359,15129
1823,4096,1232,33982,25263
1824,4096,4240,67590,50426
1825,4096,4240,48911,37382
1826,4096,4240,40345,32327
1827,4096,888,12772,11245
1828,4096,4240,113291,75128
1829,4096,4240,46539,37440
1830,4096,4240,47090,36334
1831,4096,4240,48161,37372
1832,4096,4240,47496,37027
1833,4096,4240,42469,32820
1834,4096,1032,21704,23654
1835,4096,4240,48822,39126
1836,4096,1208,23423,20259
1837,4096,2256,60251,41003
1838,4096,4240,46732,36537
1839,4096,4240,116100,76931
1840,4096,4240,50935,37358
1841,4096,4240,46569,36351
1842,4096,4240,45456,35289
1843,4096,4240,46197,35949
1844,4096,648,19076,18395
1845,4096,4240,115022,76991
1846,4096,4240,113577,81371
1847,4096,3280,77276,52193
1848,4096,4240,41405,32697
1849,4096,4240,39803,32105
1850,4096,4240,38484,29903
1851,4096,200,4336,4549
1852,4096,4240,102580,68387
1853,4096,4240,100314,66535
1854,4096,4240,40140,31608
1855,4096,608,11626,11514
1856,4096,4240,42392,33990
1857,4096,4240,40800,32729
1858,4096,4240,103063,69049
1859,4096,4240,40569,32479
1860,4096,4240,42485,32463
1861,4096,4240,39869,30428
1862,4096,4240,40370,31562
1863,4096,4240,43232,33192
1864,4096,1120,21963,20229
1865,4096,4240,43830,34758
1866,4096,2392,56545,43699
1867,4096,4240,42498,33428
1868,4096,4240,41715,31708
1869,4096,728,13980,12885
1870,4096,1264,23565,18921
1871,4096,4240,43419,33763
1872,4096,4240,40831,31792
1873,4096,4240,40917,31889
1874,4096,840,10241,10755
1875,4096,4240,38393,30328
1876,4096,4240,41780,32726
1877,4096,4240,41080,32700
1878,4096,1160,16747,17471
1879,4096,1960,47234,35277
1880,4096,1928,20072,16137
1881,4096,1144,28311,23982
1882,4096,2216,54608,41086
1883,4096,4240,41602,31793
1884,4096,4240,44582,34927
1885,4096,1736,30376,26718
1886,4096,216,4451,4606
1887,4096,576,10082,9142
1888,4096,480,7586,7765
1889,4096,984,19787,21445
1890,4096,720,17161,13729
1891,4096,944,19853,16948
1892,4096,4240,44485,34128
1893,4096,4240,43954,33704
1894,4096,4240,108366,70680
1895,4096,3216,77218,50565
1896,4096,4240,44123,33635
1897,4096,3216,80188,54506
1898,4096,1496,28637,27088
1899,4096,4240,44695,33743
1900,4096,4240,38602,30450
1901,4096,1184,19991,16796
1902,4096,4240,34501,27262
1903,4096,1048,17044,14679
1904,4096,1584,27152,22759
1905,4096,520,10272,9258
1906,4096,4240,35179,27448
1907,4096,4240,82222,57890
1908,4096,4240,36459,27730
1909,4096,4240,35985,28977
1910,4096,1424,17153,17300
1911,4096,808,12729,13405
1912,4096,1264,26010,22373
1913,4096,4240,34756,26714
1914,4096,744,14091,13013
1915,4096,4240,34592,26705
1916,4096,760,13159,11666
1917,4096,4240,34355,27346
1918,4096,1224,21607,19654
1919,4096,1976,16006,12690
1920,4096,4240,35594,27593
1921,4096,4240,33358,25741
1922,4096,4240,31579,25379
1923,4096,3280,70380,47317
1924,4096,4240,40987,31440
1925,4096,1416,30432,26769
1926,4096,1120,16704,14356
1927,4096,4240,86735,58588
1928,4096,1280,22004,20440
1929,4096,4240,39113,29607
1930,4096,4240,32046,25419
1931,4096,4240,33701,26368
1932,4096,4240,89833,60235
1933,4096,4240,37229,28764
1934,4096,4240,34462,26777
1935,4096,4240,36545,26665
1936,4096,4240,87372,58665
1937,4096,720,13558,11180
1938,4096,4240,36056,28166
1939,4096,4240,32638,25308
1940,4096,4240,34400,26512
1941,4096,4240,31492,24794
1942,4096,720,14946,13170
1943,4096,560,7031,8935
1944,4096,2824,58263,45486
1945,4096,1632,31411,23584
1946,4096,736,14635,12697
1947,4096,424,5815,6576
1948,4096,4240,40804,30848
1949,4096,888,16624,15793
1950,4096,4240,87355,59279
1951,4096,4240,86964,58177
1952,4096,2280,34077,26553
1953,4096,4240,35544,27458
1954,4096,160,3298,3411
1955,4096,840,13908,11722
1956,4096,216,3975,3874
1957,4096,2464,31686,25315
1958,4096,1040,13621,11508
1959,4096,160,4713,3413
1960,4096,2984,36040,27938
1961,4096,232,3824,3646
1962,4096,2544,29110,23359
1963,4096,4240,37246,27836
1964,4096,360,5993,5792
1965,4096,4240,33402,25643
1966,4096,4240,31196,25325
1967,4096,4240,32098,25108
1968,4096,4240,33440,25986
1969,4096,2448,25668,21503
1970,4096,768,14544,13954
1971,4096,4240,34706,23368
1972,4096,216,3472,3378
1973,4096,1648,16756,15918
1974,4096,1104,19006,15273
1975,4096,4240,34134,26390
1976,4096,4240,28753,22694
1977,4096,4240,33128,25643
1978,4096,4240,29929,23779
1979,4096,4240,32165,25168
1980,4096,4240,34129,25915
1981,4096,4240,32887,25727
1982,4096,1232,24444,17593
1983,4096,4240,33911,26204
1984,4096,4240,81074,55041
1985,4096,1184,15587,16079
1986,4096,4240,33989,26148
1987,4096,4240,31442,24814
1988,4096,4240,35684,27267
1989,4096,320,4235,4091
1990,4096,4240,31527,25733
1991,4096,4240,31121,24982
1992,4096,728,14074,12055
1993,4096,4240,79535,53335
1994,4096,1216,18218,16193
1995,4096,1016,15108,11937
1996,4096,536,6989,7682
1997,4096,4240,32681,24640
1998,4096,4240,81931,54330
1999,4096,4240,38635,29319
2000,4096,4240,33313,25698
2001,4096,4240,33421,25557
2002,4096,4240,32715,25268
2003,4096,4240,33637,25859
2004,4096,656,11131,10142
2005,4096,1840,26587,20944
2006,4096,4240,33366,26026
2007,4096,4240,30760,24218
2008,4096,4240,32320,25176
2009,4096,3280,63639,42260
2010,4096,1272,15836,12922
2011,4096,4240,32373,24786
2012,4096,4240,34423,26306
2013,4096,4240,36582,29051
2014,4096,4240,39340,30672
2015,4096,528,8911,8589
2016,4096,4240,42127,33276
2017,4096,4240,41495,32810
2018,4096,4240,39798,30568
2019,4096,4240,37826,29336
2020,4096,4240,38206,29293
2021,4096,4240,37237,29852
2022,4096,4240,38049,29781
2023,4096,4240,36674,29465
2024,4096,2392,60262,42403
2025,4096,1024,22713,17103
2026,4096,4240,43037,32950
2027,4096,4240,38557,29943
2028,4096,4240,35186,27524
2029,4096,4240,37448,29544
2030,4096,4240,36231,28257
2031,4096,4240,36673,29120
2032,4096,4240,41234,32421
2033,4096,1016,17285,15073
2034,4096,160,5161,3801
2035,4096,1168,19384,16487
2036,4096,4240,38583,30107
2037,4096,1008,15440,16639
2038,4096,4240,38163,29946
2039,4096,752,16114,13329
2040,4096,4240,40793,30275
2041,4096,4240,37426,28465
2042,4096,4240,44269,33016
2043,4096,4240,40162,30826
2044,4096,1184,21012,17750
2045,4096,4240,40337,32137
2046,4096,4240,41586,32725
2047,4096,4240,38049,30203
2048,4096,1776,26719,22665
2049,4096,4240,37812,30001
2050,4096,4240,39396,30376
2051,4096,4240,43812,33889
2052,4096,4240,43284,33712
2053,4096,4240,35694,28163
2054,4096,3280,74360,75418
2055,4096,816,24209,20594
2056,4096,4240,49593,38794
2057,4096,4240,53801,41023
2058,4096,4240,133579,90981
2059,4096,1176,32769,28289
2060,4096,672,12044,14024
2061,4096,4240,59182,44903
2062,4096,4240,59427,46927
2063,4096,4240,51039,40355
2064,4096,2336,42637,31462
2065,4096,4240,49563,38968
2066,4096,800,21682,18070
2067,4096,4240,49426,38129
2068,4096,4240,51498,39530
2069,4096,632,19155,20025
2070,4096,4240,52735,41021
2071,4096,760,24252,22577
2072,4096,4240,132546,90051
2073,4096,4240,53867,41642
2074,4096,928,21859,17938
2075,4096,1464,40054,31289
2076,4096,312,6520,6283
2077,4096,1120,27184,23727
2078,4096,2640,47406,37922
2079,4096,4240,51996,39914
2080,4096,4240,53250,43497
2081,4096,2360,81201,55669
2082,4096,1928,46685,37598
2083,4096,1936,45268,34214
2084,4096,352,8863,8212
2085,4096,2368,50926,41285
2086,4096,4240,56646,43023
2087,4096,1648,39939,30462
2088,4096,1888,36078,28435
2089,4096,4240,55675,42112
2090,4096,728,21227,17937
2091,4096,4240,58061,44346
2092,4096,4240,52993,41994
2093,4096,4240,56350,45364
2094,4096,3208,91156,65416
2095,4096,1800,39587,39274
2096,4096,4240,54778,42398
2097,4096,4240,54919,42754
2098,4096,4240,49237,38934
2099,4096,4240,130884,89723
2100,4096,4240,54573,41196
2101,4096,4240,55208,41069
2102,4096,4240,53587,42924
2103,4096,4240,51850,40272
2104,4096,4240,49391,39818
2105,4096,4240,41471,32172
2106,4096,4240,43726,34083
2107,4096,4240,40965,31766
2108,4096,4240,39926,32079
2109,4096,4240,36781,29399
2110,4096,4240,42801,33474
2111,4096,4216,37379,29850
2112,4096,4240,39572,31938
2113,4096,4240,42291,33698
2114,4096,3280,86132,57493
2115,4096,1232,31004,21330
2116,4096,4240,42322,32887
2117,4096,4240,44554,34889
2118,4096,4240,44065,33807
2119,4096,1120,21543,18742
2120,4096,4240,41763,32163
2121,4096,4240,42622,33954
2122,4096,4240,44563,34243
2123,4096,752,19112,17454
2124,4096,704,15677,16075
2125,4096,4240,109377,73755
2126,4096,4240,42268,35155
2127,4096,4240,40268,31934
2128,4096,1096,23993,20967
2129,4096,880,18428,15649
2130,4096,872,18047,16534
2131,4096,4240,45833,36018
2132,4096,4240,45614,35658
2133,4096,4240,44308,34940
2134,4096,1184,17262,17145
2135,4096,4240,105809,71434
2136,4096,1056,20182,18138
2137,4096,4240,42511,34356
2138,4096,4240,41212,32087
2139,4096,4240,55526,42540
2140,4096,4240,44278,35350
2141,4096,4240,40262,33019
2142,4096,4240,42813,34281
2143,4096,4240,43889,34503
2144,4096,4240,41899,32748
2145,4096,4240,43379,33629
2146,4096,656,14638,13980
2147,4096,4240,41969,33487
2148,4096,4240,44817,34891
2149,4096,4240,39443,30028
2150,4096,4240,103241,71350
2151,4096,4240,41709,32713
2152,4096,4240,38048,29668
2153,4096,952,16058,22067
2154,4096,4240,39727,31812
2155,4096,4240,38271,29111
2156,4096,4240,39854,30930
2157,4096,4240,38291,29708
2158,4096,4240,43322,33483
2159,4096,4240,42336,33280
2160,4096,4240,39131,31325
2161,4096,1320,27542,25691
2162,4096,160,3765,3961
2163,4096,4240,39067,30882
2164,4096,4240,41607,33507
2165,4096,4240,49304,39338
2166,4096,4240,43023,33215
2167,4096,4240,42247,32656
2168,4096,1232,30180,21346
2169,4096,4240,38897,30795
2170,4096,4240,37766,29643
2171,4096,1120,20102,16544
2172,4096,4240,43015,33163
2173,4096,400,8080,7093
2174,4096,1720,30140,23692
2175,4096,4240,35234,27091
2176,4096,416,7281,6958
2177,4096,1144,11483,12850
2178,4096,4240,45178,35588
2179,4096,1200,23024,19891
2180,4096,688,15916,15921
2181,4096,4240,40769,32506
2182,4096,4240,41536,32030
2183,4096,4240,42050,31980
2184,4096,4240,102701,68842
2185,4096,4240,41891,32460
2186,4096,4240,42224,33032
2187,4096,4240,40022,31999
2188,4096,4240,45919,34983
2189,4096,4240,42546,32909
2190,4096,4240,41224,31943
2191,4096,4240,38898,31080
2192,4096,368,7012,7051
2193,4096,4240,117418,79449
2194,4096,4240,46287,38734
2195,4096,4240,46810,36450
2196,4096,4240,49820,38922
2197,4096,880,22214,19335
2198,4096,4240,46407,36389
2199,4096,1232,34470,25036
2200,4096,4240,120243,80889
2201,4096,4240,45059,34216
2202,4096,4240,45215,35478
2203,4096,4240,48551,37083
2204,4096,4240,120152,80222
2205,4096,4240,49978,38638
2206,4096,1752,33629,29924
2207,4096,4240,49086,37716
2208,4096,4240,48192,38013
2209,4096,4240,47856,36233
2210,4096,264,6677,6492
2211,4096,2112,39194,31332
2212,4096,4240,47957,38746
2213,4096,4240,51283,39327
2214,4096,4240,116620,79488
2215,4096,4240,48449,38432
2216,4096,4240,49737,38847
2217,4096,4240,45923,36837
2218,4096,2104,35438,28828
2219,4096,872,19602,16918
2220,4096,1008,19807,20627
2221,4096,4240,49121,38851
2222,4096,4240,52132,40594
2223,4096,4240,49275,38668
2224,4096,712,18667,15730
2225,4096,4240,48353,38291
2226,4096,4240,45017,35210
2227,4096,944,20900,17981
2228,4096,4240,119417,79482
2229,4096,4240,54793,39865
2230,4096,1536,35300,26750
2231,4096,4240,51322,39205
2232,4096,4240,124307,81105
2233,4096,1232,30974,21757
2234,4096,4240,49506,39135
2235,4096,4240,49094,38190
2236,4096,1632,25440,20066
2237,4096,4240,46973,36266
2238,4096,4240,49462,36717
2239,4096,2216,62657,47677
2240,4096,4240,117334,78951
2241,4096,4240,45031,34601
2242,4096,4240,41788,31948
2243,4096,4240,43530,32927
2244,4096,784,17410,15032
2245,4096,728,15772,13368
2246,4096,4240,39897,30797
2247,4096,4240,39402,30222
2248,4096,4240,37130,29428
2249,4096,4240,39856,31009
2250,4096,4240,43318,31629
2251,4096,1728,33025,25447
2252,4096,200,4306,4256
2253,4096,1472,27636,28249
2254,4096,1272,23408,25281
2255,4096,1528,25373,21355
2256,4096,4240,38213,30442
2257,4096,4240,40278,31794
2258,4096,4240,41106,32075
2259,4096,4240,39241,30586
2260,4096,952,20526,18295
2261,4096,4240,42827,33663
2262,4096,4240,104630,69000
2263,4096,4240,41940,33128
2264,4096,4240,36788,29030
2265,4096,4240,105078,70518
2266,4096,4240,42355,33259
2267,4096,4240,101421,69348
2268,4096,4240,41922,32374
2269,4096,4120,38146,29112
2270,4096,2656,72542,53782
2271,4096,832,16292,23470
2272,4096,4240,101652,68308
2273,4096,4240,40403,31058
2274,4096,4240,39268,31817
2275,4096,4240,40509,31510
2276,4096,4240,37646,29465
2277,4096,1312,24987,25725
2278,4096,1264,18768,19211
2279,4096,2416,41452,30936
2280,4096,4240,38984,29545
2281,4096,4240,44372,34677
2282,4096,4240,45021,34650
2283,4096,4240,39999,30628
2284,4096,4240,41334,31602
2285,4096,4240,43019,42941
2286,4096,4240,38896,30574
2287,4096,672,14949,14322
2288,4096,4240,40179,30942
2289,4096,4240,100277,66889
2290,4096,4240,44879,34851
2291,4096,4240,37404,30205
2292,4096,4240,39325,30636
2293,4096,760,16241,14180
2294,4096,448,8054,7361
2295,4096,896,18762,16573
2296,4096,4240,40257,30113
2297,4096,1232,16685,16061
2298,4096,1224,16178,15164
2299,4096,4240,37866,29835
2300,4096,4240,41224,32069
2301,4096,1624,25516,20207
2302,4096,1440,26652,27333
2303,4096,1112,20028,17280
2304,4096,4240,39927,31961
2305,4096,4240,37269,28775
2306,4096,4240,99973,66329
2307,4096,4240,40131,31386
2308,4096,4240,39976,30208
2309,4096,4240,45347,34261
2310,4096,560,7641,8811
2311,4096,1104,11622,12524
2312,4096,4240,43173,32842
2313,4096,4240,39888,30874
2314,4096,4240,39698,30179
2315,4096,4240,37777,29688
2316,4096,4240,39567,30237
2317,4096,4240,41070,32182
2318,4096,4240,38956,31602
2319,4096,1240,24764,20762
2320,4096,4240,35352,27646
2321,4096,4240,38535,31055
2322,4096,4240,39797,30848
2323,4096,4240,39278,31120
2324,4096,4240,41320,31981
2325,4096,4240,40649,30549
2326,4096,4240,37546,29585
2327,4096,832,16634,14334
2328,4096,4240,39272,30331
2329,4096,696,9337,9276
2330,4096,4240,39260,31047
2331,4096,4240,41884,32107
2332,4096,4240,42742,33067
2333,4096,4240,48034,32437
2334,4096,4240,42921,33226
2335,4096,4240,40473,31551
2336,4096,4240,40479,32861
2337,4096,4240,41507,32149
2338,4096,4240,42782,33683
2339,4096,4240,43368,34615
2340,4096,4240,39946,32132
2341,4096,888,11932,10614
2342,4096,4240,44211,32653
2343,4096,4240,42390,32940
2344,4096,4240,43849,34230
2345,4096,4240,40304,30887
2346,4096,4240,43464,34156
2347,4096,864,19022,15688
2348,4096,4240,41035,32470
2349,4096,4240,41663,32400
2350,4096,2328,57403,43234
2351,4096,1232,29280,20491
2352,4096,4240,43561,33300
2353,4096,688,15672,15055
2354,4096,4240,44637,34313
2355,4096,4240,43905,36459
2356,4096,2016,36241,28996
2357,4096,4240,36783,29380
2358,4096,4240,38250,31462
2359,4096,4240,40814,32400
2360,4096,4240,40835,32096
2361,4096,584,14148,11612
2362,4096,4240,43982,32877
2363,4096,4240,42819,33158
2364,4096,4240,43369,32719
2365,4096,792,20333,17876
2366,4096,4240,47356,36805
2367,4096,800,16009,14080
2368,4096,4240,41045,32402
2369,4096,1528,44628,43250
2370,4096,1104,22238,20025
2371,4096,4240,44743,34149
2372,4096,4240,45231,35423
2373,4096,4240,42306,33473
2374,4096,1056,20564,23546
2375,4096,4240,47577,35919
2376,4096,792,16718,14710
2377,4096,4240,45335,34641
2378,4096,4240,46596,35470
2379,4096,2040,36881,31484
2380,4096,4240,47695,36282
2381,4096,4240,46926,36625
2382,4096,2400,39510,32219
2383,4096,4240,45614,35925
2384,4096,4240,48557,36380
2385,4096,4240,119895,80431
2386,4096,4192,189001,127105
2387,4096,4240,50457,37929
2388,4096,1176,27700,24375
2389,4096,1352,26643,23470
2390,4096,296,6038,5801
2391,4096,720,19701,16798
2392,4096,4240,46033,35853
2393,4096,4240,121963,81818
2394,4096,816,20455,17952
2395,4096,4240,113725,76714
2396,4096,712,17741,15204
2397,4096,4240,50499,38951
2398,4096,4240,45749,36106
2399,4096,4240,50724,40758
2400,4096,4240,50956,38699
2401,4096,696,17031,15536
2402,4096,4240,46623,36485
2403,4096,1472,34930,26956
2404,4096,4240,42182,33512
2405,4096,4240,52057,41128
2406,4096,4240,49144,39297
2407,4096,4240,49575,39542
2408,4096,4240,47328,37538
2409,4096,4240,122922,82723
2410,4096,4240,46756,36758
2411,4096,4240,48083,37693
2412,4096,248,5865,5835
2413,4096,4240,45279,36538
2414,4096,4240,118358,79683
2415,4096,4240,44810,35436
2416,4096,4240,46480,36649
2417,4096,728,17604,15823
2418,4096,4240,47917,38202
2419,4096,4240,41190,32696
2420,4096,2056,35756,31141
2421,4096,1240,37642,31463
2422,4096,4240,50352,39178
2423,4096,4144,38446,30437
2424,4096,4240,121105,82373
2425,4096,2016,40453,42208
2426,4096,1184,19528,20446
2427,4096,4240,38073,29883
2428,4096,4240,40498,31468
2429,4096,200,4432,4554
2430,4096,4240,38088,29814
2431,4096,424,6716,7645
2432,4096,4240,41058,31919
2433,4096,1016,18718,15619
2434,4096,4240,43120,33605
2435,4096,4240,40086,31373
2436,4096,4240,41718,31736
2437,4096,4240,42695,33470
2438,4096,3280,81946,55538
2439,4096,4240,39739,32204
2440,4096,1168,20169,16903
2441,4096,704,14501,14633
2442,4096,592,11812,13146
2443,4096,4240,43542,34519
2444,4096,3280,76306,51961
2445,4096,4176,38500,31148
2446,4096,800,21226,21970
2447,4096,632,12313,14810
2448,4096,848,17488,15734
2449,4096,848,16639,14008
2450,4096,4240,44721,34402
2451,4096,248,5203,5091
2452,4096,4240,40587,32442
2453,4096,1832,30662,23421
2454,4096,4240,44319,35249
2455,4096,4240,41571,32224
2456,4096,1296,20697,17966
2457,4096,1632,36727,27981
2458,4096,720,19677,15737
2459,4096,4240,37610,28624
2460,4096,4240,40209,31553
2461,4096,4240,43016,33266
2462,4096,4240,39543,30333
2463,4096,4240,40519,30748
2464,4096,864,14346,14610
2465,4096,4240,43066,33655
2466,4096,1264,30796,24361
2467,4096,1824,30726,34204
2468,4096,4240,102934,68878
2469,4096,848,16935,16424
2470,4096,4240,45263,33719
2471,4096,4240,105259,69979
2472,4096,4240,99372,67033
2473,4096,400,7835,6742
2474,4096,4240,44789,34223
2475,4096,4240,39000,30266
2476,4096,4240,105529,68229
2477,4096,4240,46601,36331
2478,4096,872,16912,14315
2479,4096,4240,40248,31299
2480,4096,4240,38812,29958
2481,4096,4240,36456,29020
2482,4096,4240,89902,60191
2483,4096,4240,39418,29856
2484,4096,4240,36049,27920
2485,4096,4240,35346,27304
2486,4096,4240,36646,28637
2487,4096,1520,22602,18706
2488,4096,2568,35168,28731
2489,4096,4240,36234,28226
2490,4096,4240,34847,27661
2491,4096,4240,90449,60582
2492,4096,536,7915,9013
2493,4096,4240,38248,29505
2494,4096,4240,35661,27960
2495,4096,4240,32346,25018
2496,4096,4240,37802,29036
2497,4096,4240,37205,29182
2498,4096,4240,33790,27015
2499,4096,4240,35814,28439
2500,4096,4240,35211,26906
2501,4096,4240,33846,27210
2502,4096,4240,93435,61839
2503,4096,4240,39138,30276
2504,4096,3216,69697,46786
2505,4096,728,15438,12939
2506,4096,2824,34071,34458
2507,4096,824,14579,12295
2508,4096,1232,25426,18052
2509,4096,4240,36683,28841
2510,4096,4240,35925,28516
2511,4096,4088,135468,91953
2512,4096,4240,37232,29790
2513,4096,952,14326,19563
2514,4096,528,8284,8212
2515,4096,4240,36955,28410
2516,4096,4240,92058,61987
2517,4096,4144,34237,27214
2518,4096,4240,31728,25676
2519,4096,4240,37176,29027
2520,4096,4240,33814,26465
2521,4096,4240,39758,31899
2522,4096,4240,41167,32809
2523,4096,4240,43673,33900
2524,4096,4240,43667,33192
2525,4096,1832,33834,27375
2526,4096,1264,19269,21240
2527,4096,1272,24716,21312
2528,4096,720,17243,15936
2529,4096,1248,26852,29694
2530,4096,4240,41548,32931
2531,4096,4240,40288,31257
2532,4096,4240,39459,31243
2533,4096,4240,44995,35356
2534,4096,1360,22660,19238
2535,4096,4240,38755,30979
2536,4096,4240,44562,32471
2537,4096,1168,21622,19760
2538,4096,1624,28732,24622
2539,4096,1008,16523,17806
2540,4096,312,5133,4997
2541,4096,1432,31696,29622
2542,4096,1944,30606,24271
2543,4096,1696,28417,23049
2544,4096,3000,32160,26595
2545,4096,2048,30093,23626
2546,4096,688,15046,12716
2547,4096,544,10155,10172
2548,4096,408,6635,8956
2549,4096,4240,44665,33407
2550,4096,384,8174,7232
2551,4096,1168,19757,17738
2552,4096,2424,38647,30234
2553,4096,832,16456,23204
2554,4096,4240,41408,31871
2555,4096,728,15758,15037
2556,4096,1144,28279,23519
2557,4096,2680,65749,46722
2558,4096,1240,22264,19932
2559,4096,4240,44638,34486
2560,4096,728,13823,12606
2561,4096,640,13200,12264
2562,4096,744,15931,12908
2563,4096,432,8812,7998
2564,4096,536,8617,9845
2565,4096,704,13829,14918
2566,4096,1040,21418,27096
2567,4096,696,18213,18300
2568,4096,4240,38407,30873
2569,4096,304,5099,5061
2570,4096,1080,26537,22689
2571,4096,4240,42605,32351
2572,4096,1016,18780,15564
2573,4096,4240,37055,28915
2574,4096,1248,24456,19328
2575,4096,296,5265,5015
2576,4096,1680,28914,22382
2577,4096,3288,68857,49283
2578,4096,944,19291,17587
2579,4096,4240,43070,34109
2580,4096,1128,25293,21362
2581,4096,160,3920,3989
2582,4096,4240,42764,33137
2583,4096,4240,38855,30504
2584,4096,4240,38161,30451
2585,4096,3144,81107,58958
2586,4096,560,8299,9929
2587,4096,1800,34108,25971
2588,4096,4240,45698,35035
2589,4096,1632,24767,20486
2590,4096,2400,38191,28794
2591,4096,1184,19541,20839
2592,4096,4240,43046,32969
2593,4096,2680,63917,43633
2594,4096,448,7935,6607
2595,4096,696,9585,9675
2596,4096,2216,54127,40640
2597,4096,4240,44616,35176
2598,4096,1288,21761,20415
2599,4096,1120,26204,20158
2600,4096,776,18148,16444
2601,4096,4240,43191,33551
2602,4096,4240,102124,68404
2603,4096,248,5242,5286
2604,4096,4240,43848,32944
2605,4096,1224,20663,18835
2606,4096,1736,26832,32486
2607,4096,1264,24247,19295
2608,4096,312,5014,4799
2609,4096,2416,35414,28380
2610,4096,976,26692,15345
2611,4096,4240,32611,24865
2612,4096,4240,32367,24812
2613,4096,272,4387,4007
2614,4096,1568,17925,14619
2615,4096,4240,33853,26639
2616,4096,4240,31628,24500
2617,4096,904,13085,17603
2618,4096,4240,32337,25417
2619,4096,824,11522,9890
2620,4096,3280,64300,40822
2621,4096,4240,32554,25810
2622,4096,2656,56428,41267
2623,4096,848,11809,12320
2624,4096,408,5332,6930
2625,4096,448,6674,7257
2626,4096,4240,31198,24591
2627,4096,880,14424,13291
2628,4096,864,11287,12978
2629,4096,1592,16311,15544
2630,4096,4240,30701,24031
2631,4096,488,7267,6268
2632,4096,696,10994,10255
2633,4096,1280,14559,12960
2634,4096,1296,15858,13553
2635,4096,2384,42194,31672
2636,4096,1184,24543,17634
2637,4096,1592,26099,19277
2638,4096,2728,32747,24603
2639,4096,4240,34130,26289
2640,4096,1264,13685,14576
2641,4096,4240,33058,25654
2642,4096,952,12462,18052
2643,4096,1232,21783,17811
2644,4096,1184,14410,11661
2645,4096,976,14805,12654
2646,4096,4240,27240,21341
2647,4096,536,6712,7643
2648,4096,704,10565,11480
2649,4096,592,6281,8280
2650,4096,4240,31352,23884
2651,4096,488,7841,6905
2652,4096,1152,16407,15006
2653,4096,696,13646,13584
2654,4096,2736,45207,32857
2655,4096,1912,22754,19188
2656,4096,280,5778,6281
2657,4096,176,2989,3058
2658,4096,4240,34629,26737
2659,4096,1200,32300,22616
2660,4096,4240,29816,23324
2661,4096,4240,29277,23322
2662,4096,448,6690,7461
2663,4096,4240,30491,23525
2664,4096,728,10145,9806
2665,4096,4240,29145,22845
2666,4096,4240,26620,21570
2667,4096,4240,27155,21367
2668,4096,4240,26330,20910
2669,4096,4240,27544,22695
2670,4096,4240,30078,23165
2671,4096,4240,27218,21270
2672,4096,4240,29720,23875
2673,4096,4240,28261,22509
2674,4096,4240,26338,20903
2675,4096,4240,31014,24374
2676,4096,4240,29461,23213
2677,4096,1456,53308,28572
2678,4096,4240,31434,25092
2679,4096,4240,34446,26909
2680,4096,4240,31933,24483
2681,4096,4240,29853,23052
2682,4096,4240,34213,26584
2683,4096,4240,35101,27528
2684,4096,4240,33111,25816
2685,4096,4240,31724,25248
2686,4096,4240,32427,25751
2687,4096,4240,28831,23051
2688,4096,4240,31253,24715
2689,4096,4240,34007,26483
2690,4096,4240,32124,25367
2691,4096,4240,34852,25852
2692,4096,4240,31644,25039
2693,4096,4240,33686,26484
2694,4096,4240,38572,29668
2695,4096,4240,33780,26776
2696,4096,4240,32784,26339
2697,4096,4240,32766,25212
2698,4096,4240,31952,25915
2699,4096,4240,31679,25192
2700,4096,4240,31543,25396
2701,4096,4240,35605,27036
2702,4096,4240,34622,27241
2703,4096,4240,31052,24965
2704,4096,4240,31610,25317
2705,4096,4240,35220,28306
2706,4096,4240,32877,26624
2707,4096,4240,32356,26566
2708,4096,4240,32366,24855
2709,4096,4240,31410,24473
2710,4096,4240,33073,25632
2711,4096,4240,45866,35524
2712,4096,4240,42285,33875
2713,4096,4240,40409,31853
2714,4096,4240,44576,34823
2715,4096,4240,42956,33630
2716,4096,4240,41498,32365
2717,4096,4240,42358,33477
2718,4096,4240,44566,34899
2719,4096,4240,42497,33361
2720,4096,4240,45400,35273
2721,4096,4240,43947,34867
2722,4096,4240,42579,33072
2723,4096,4240,43282,34376
2724,4096,1312,25992,26870
2725,4096,4240,50030,38051
2726,4096,4240,44540,34815
2727,4096,4240,45586,36784
2728,4096,4240,41558,33586
2729,4096,4240,40414,31395
2730,4096,4240,45388,36573
2731,4096,4240,42337,32941
2732,4096,4240,42988,33503
2733,4096,4240,47694,36470
2734,4096,4240,45083,35540
2735,4096,4240,46347,36114
2736,4096,4240,43665,34743
2737,4096,4240,45091,34966
2738,4096,4240,141710,103096
2739,4096,4240,46053,36474
2740,4096,4240,44796,34972
2741,4096,4240,48874,39145
2742,4096,4240,48655,38677
2743,4096,4240,45073,35648
2744,4096,4240,44487,35456
2745,4096,4240,86546,65310
2746,4096,4240,62894,49076
2747,4096,4240,59809,48023
2748,4096,4240,61015,46431
2749,4096,4240,60782,46705
2750,4096,4240,56769,44383
2751,4096,4240,58664,46043
2752,4096,4240,52201,39632
2753,4096,4240,53818,43339
2754,4096,4240,55780,43429
2755,4096,4240,58027,46759
2756,4096,4240,58488,45859
2757,4096,4240,56822,44941
2758,4096,4240,57699,45063
2759,4096,4240,62678,49962
2760,4096,4240,59877,47299
2761,4096,4240,58572,45320
2762,4096,4240,61654,46990
2763,4096,4240,63570,49225
2764,4096,4240,59493,46682
2765,4096,664,22132,22703
2766,4096,4240,58463,45941
2767,4096,4240,55356,42681
2768,4096,4240,57808,45543
2769,4096,4240,56378,44662
2770,4096,4240,61864,45453
2771,4096,4240,57600,46861
2772,4096,4240,51505,40404
2773,4096,2192,77853,55741
2774,4096,4240,62196,48734
2775,4096,4240,59540,45371
2776,4096,4240,65864,52006
2777,4096,4240,63569,49257
2778,4096,4240,58036,46077
2779,4096,4240,58803,45427
2780,4096,4240,60125,46927
2781,4096,4240,55228,42841
2782,4096,4240,58938,44491
2783,4096,4240,59306,44392
2784,4096,4240,64616,52031
2785,4096,4240,60464,48426
2786,4096,4240,60814,47826
2787,4096,4240,59012,46429
2788,4096,4240,63204,47779
2789,4096,4240,58087,46050
2790,4096,4240,61915,47970
2791,4096,4240,59595,45766
2792,4096,4240,54753,43037
2793,4096,4048,52753,44219
2794,4096,4240,54916,42578
2795,4096,1712,39126,32014
2796,4096,4240,58515,46031
2797,4096,4240,60732,49202
2798,4096,888,16806,14742
2799,4096,656,22778,21646
2800,4096,824,24535,21042
2801,4096,4240,60376,45684
2802,4096,2520,111057,77613
2803,4096,1120,32731,34763
2804,4096,4240,54508,43101
2805,4096,528,13872,13068
2806,4096,4240,52607,41733
2807,4096,4240,62777,49182
2808,4096,4240,59521,47028
2809,4096,3280,115077,77584
2810,4096,656,22149,20802
2811,4096,4240,62150,48400
2812,4096,2656,106632,78329
2813,4096,2304,89931,66846
2814,4096,1688,41366,40074
2815,4096,856,25536,20565
2816,4096,2656,103209,77490
2817,4096,696,17856,18506
2818,4096,4240,58858,45384
2819,4096,4240,59345,47810
2820,4096,4240,63894,49342
2821,4096,744,24287,21965
2822,4096,4240,56326,43033
2823,4096,4240,58883,46572
2824,4096,4240,56456,42361
2825,4096,4240,42677,34560
2826,4096,4240,45624,36893
2827,4096,4240,43089,33334
2828,4096,632,13069,14818
2829,4096,4240,42325,33265
2830,4096,4240,42275,33425
2831,4096,4240,42441,33720
2832,4096,4240,40998,32204
2833,4096,4240,41098,32327
2834,4096,840,17741,16051
2835,4096,4240,47329,36699
2836,4096,4240,39612,31295
2837,4096,4240,43070,32722
2838,4096,4240,108063,72566
2839,4096,4240,45257,35130
2840,4096,4240,44358,35123
2841,4096,2264,49239,37468
2842,4096,4240,43863,34370
2843,4096,4240,40927,32676
2844,4096,4240,47586,36794
2845,4096,4240,43805,33531
2846,4096,4240,107047,74315
2847,4096,1232,20184,19717
2848,4096,800,17837,15533
2849,4096,4240,41020,31709
2850,4096,4240,43075,32358
2851,4096,1144,29813,25339
2852,4096,4240,44276,35117
2853,4096,4240,40832,31168
2854,4096,4240,42525,33665
2855,4096,2352,56033,43627
2856,4096,712,14065,14056
2857,4096,840,18476,15224
2858,4096,4240,42883,33089
2859,4096,4240,40689,32791
2860,4096,4240,39427,30046
2861,4096,1232,31058,22401
2862,4096,664,16425,17752
2863,4096,1152,19229,20836
2864,4096,4240,44169,34954
2865,4096,4240,110190,73473
2866,4096,4240,49016,38742
2867,4096,4240,45992,36214
2868,4096,632,15300,15576
2869,4096,3216,83993,55657
2870,4096,4240,46401,34694
2871,4096,696,13305,12461
2872,4096,4240,110718,74718
2873,4096,4240,46448,36104
2874,4096,4240,45693,34285
2875,4096,4240,45699,35522
2876,4096,1544,29208,25300
2877,4096,4240,41715,33098
2878,4096,856,18606,16337
2879,4096,4240,45396,36809
2880,4096,4240,39087,31875
2881,4096,4240,42473,34165
2882,4096,4240,42596,32541
2883,4096,776,16520,14555
2884,4096,4240,107306,72135
2885,4096,4240,42085,32510
2886,4096,1656,28320,23931
2887,4096,4240,42548,33529
2888,4096,4240,44252,34528
2889,4096,4240,43025,34936
2890,4096,4240,44665,33658
2891,4096,4240,43390,34503
2892,4096,4240,45244,35692
2893,4096,696,13724,12160
2894,4096,4240,44269,34775
2895,4096,896,22376,27343
2896,4096,4240,44830,34265
2897,4096,4240,40084,32362
2898,4096,4240,45523,35925
2899,4096,1184,27178,26992
2900,4096,4240,41481,32341
2901,4096,4240,45046,35119
2902,4096,4240,44157,34621
2903,4096,4240,43607,34190
2904,4096,4240,42482,33445
2905,4096,4240,46051,35206
2906,4096,4240,42635,33801
2907,4096,1112,23513,20334
2908,4096,4240,46325,35383
2909,4096,4240,47059,37370
2910,4096,4240,42371,32716
2911,4096,4240,105878,70646
2912,4096,4240,47011,35965
2913,4096,4240,41206,31662
2914,4096,4240,42431,33290
2915,4096,728,18581,16300
2916,4096,4240,42463,33813
2917,4096,1528,29234,23096
2918,4096,312,8159,7195
2919,4096,560,8742,9947
2920,4096,4240,39914,31248
2921,4096,4240,45196,34872
2922,4096,944,20067,17634
2923,4096,1960,31558,24790
2924,4096,4240,46471,35835
2925,4096,864,18949,16863
2926,4096,880,18738,16470
2927,4096,4240,43116,34089
2928,4096,4240,47489,37581
2929,4096,4240,44274,33647
2930,4096,4240,47426,36622
2931,4096,4240,44281,34502
2932,4096,4240,42429,33488
2933,4096,4240,44340,34785
2934,4096,848,18034,15440
2935,4096,4240,119412,77945
2936,4096,800,18866,16695
2937,4096,4240,41089,33513
2938,4096,760,15241,17322
2939,4096,4240,45231,35060
2940,4096,4240,48654,37354
2941,4096,4240,43684,33887
2942,4096,4240,39422,31744
